review_id,adjudicator_code,adjudicator_intent,adjudicator_reason,adjudicator_severity,code_agree,consensus_intent,consensus_topic,disagree,enricher_code,enricher_intent,enricher_matches_consensus_intent,enricher_matches_consensus_topic,enricher_severity,enricher_topic,intent_agree,sentiment_abs_diff,severity_abs_diff,text,topic_agree,verifier_code,verifier_intent,verifier_severity,verifier_status,verifier_topic
5007cf42-8023-40e6-ad40-90371ab0db60,,,,,True,,,False,other.general,praise,,,1,other,True,0.1,0,It's no that bad,True,other.general,praise,1,completed,other
fbf4d34e-e9d3-4ba0-b529-4e0b391550c5,,,,,True,,,False,other.general,complaint,,,2,other,True,0.2,0,After update this app became worst,True,other.general,complaint,2,completed,other
2dc7d142-493c-4430-bb85-142e70fd1464,other.general,complaint,"The review only states ""Worst update by spotify"" without specifying any particular defect like layout or redesign, matching the generic criticism rule for other.general.",2,False,complaint,other,True,usability.layout_redesign,complaint,True,False,2,usability,True,0.1,0,Worst update by spotify,False,other.general,complaint,2,completed,other
1d4fce5c-492e-464a-80c9-69953efcaa06,,,,,False,,,False,billing.other,complaint,,,2,billing,True,0.1,0,"worst thing, why every app want premium",True,billing.premium_only_controls,complaint,2,completed,billing
bb134892-b5f6-4f0a-b50b-bf9be8152d89,,,,,True,,,False,other.general,complaint,,,2,other,True,0.3,0,I actually hate this app. But i'm using it from like ten years now so what can i do.,True,other.general,complaint,2,completed,other
ba5cf8c4-e76d-44dd-816a-6662bc6baaf6,other.general,unclear,"The text is largely incoherent ('adds stupidity really free means not eating brain good bye') and does not clearly describe a specific product complaint or ad issue, so it is classified as unclear general text.",1,False,unclear,other,True,usability.ads,cancellation,False,False,2,usability,False,0.5,1,This of adds stupidity really free means not eating brain good bye,False,other.general,unclear,1,completed,other
c2bc3cd3-364d-42a5-b1b0-44dd3eed2b9f,,,,,True,,,False,downloads.other,request,,,1,downloads,True,0.3,0,devia ter como fazer download de musicas especificas sem necessariamente ser por albuns ou playlists,True,downloads.other,request,1,completed,downloads
7b2a4f7f-bf3c-4de1-973e-6f78c58c92c3,,,,,True,,,False,billing.premium_only_controls,complaint,,,3,billing,True,0.0,1,When I Used To Use This Appy On My iPhone It Was Very Good And I Didn't Have Any Problem With This App. But Now When I Changed My Phone Form iPhone To Vivo It's Irritating Me Alot.Its Always Asking Me To Take Premium.If I Want To Play Any Song Or If I Want To Listen To The Favorite Part Of That Part,True,billing.premium_only_controls,complaint,4,completed,billing
7d0868f8-ed7d-429a-afad-4d17e45a66b3,,,,,True,,,False,catalog.recommendations,complaint,,,2,catalog,True,0.5,0,"Fantastic. Great variety. Clear,crisp sound quality. You don't miss a note. I love this. But of late it is entertainment ng idiotic narration by so-calked Newslaundry malefemale voices. They are unimaginative,hv no script worth its time, bore us tobdrath. Please remove NewsLaundry. Just lay original",True,catalog.recommendations,complaint,2,completed,catalog
54659463-0d31-4b5c-b6a3-f7bf64f2dc60,,,,,True,,,False,other.general,cancellation,,,2,other,True,0.2,0,UNINSTALL THIS APP EVERYWHERE,True,other.general,cancellation,2,completed,other
18557794-caef-4bc6-9a51-dec55135bc5e,,,,,True,,,False,other.general,praise,,,1,other,True,0.0,0,This app is amazing but I listen song without delay thanks you for the feedback,True,other.general,praise,1,completed,other
c415f468-7f95-432b-96fb-a799c04e1b92,,,,,True,,,False,other.general,praise,,,1,other,True,0.2,0,So good to listen to music BTW I'm a girl *logged in to my brother's email,True,other.general,praise,1,completed,other
eaa6161c-86a3-4f52-a2cc-3aeb56140e3d,,,,,True,,,False,other.general,praise,,,1,other,True,0.1,0,World best music app to listen My experience about Spotify is amazing❤️❤️,True,other.general,praise,1,completed,other
b8989b12-0ea4-4d28-b62d-4dc5222e059b,usability.ads,praise,"The first specific praised feature mentioned is 'No ads', which falls under usability.ads rather than lyrics or general praise.",1,False,praise,no_majority,True,catalog.lyrics,praise,True,False,1,catalog,True,0.0,0,"No ads, I find songs with lyrics",False,other.general,praise,1,completed,other
a2d17102-556e-41f4-80a3-f005efcd8943,,,,,True,,,False,other.general,praise,,,1,other,True,0.1,0,"Excellent, this is my jam.",True,other.general,praise,1,completed,other
5c02fb55-ab0b-4d58-893d-d4014242ae6a,,,,,True,,,False,usability.ads,complaint,,,3,usability,True,0.1,1,So many ads and very bad suffle system,True,usability.ads,complaint,2,completed,usability
d5a75c6c-d970-478a-88ea-a03934abde1c,,,,,True,,,False,other.general,unclear,,,1,other,True,0.0,0,Deepesh Ahirwar Bhoyara,True,other.general,unclear,1,completed,other
237d9d7c-2c5c-4387-ab7f-6bd1cdc5d1f9,,,,,True,,,False,billing.premium_only_controls,request,,,3,billing,True,0.1,1,you have reduced many features for free users there are many kids usings spotify free so please consider...,True,billing.premium_only_controls,request,2,completed,billing
daf55eb1-56d1-4606-858f-12210aae5095,,,,,True,,,False,access.login,complaint,,,4,access,True,0.0,0,Login with Facebook is not working and I can't access my account. My paid family plan account.,True,access.login,complaint,4,completed,access
ced219c0-1e69-4684-956f-39cfbdf5b8c5,,,,,True,,,False,other.general,praise,,,1,other,True,0.0,0,"Audio for documentaries is excellent, and no ads.",True,other.general,praise,1,completed,other
8e3d98be-aa78-47e3-8c2f-d8a9b3bf77fe,,,,,True,,,False,other.general,praise,,,1,other,True,0.3,0,This is the best it has my son is so dumb,True,other.general,praise,1,completed,other
25f0af83-f74a-4761-bbea-aa2989a42cdb,,,,,True,,,False,other.general,praise,,,1,other,True,0.4,0,Works 👍,True,other.general,praise,1,completed,other
0e6f78d3-a674-49a1-aac7-00e271d98c9f,other.general,praise,"The phrase 'Aku suka' (I like) expresses clear positive sentiment, making this general praise rather than unclear text.",1,True,praise,other,True,other.general,unclear,False,True,1,other,False,0.9,0,Aku suka dj frifayer💯,True,other.general,praise,1,completed,other
4b15529e-2cd7-4a98-b2b1-0130fa3b6676,,,,,True,,,False,other.general,complaint,,,2,other,True,0.1,0,Bed app,True,other.general,complaint,2,completed,other
fe7aa84c-ff0a-4629-bc88-cadf2b326107,,,,,True,,,False,other.general,praise,,,1,other,True,0.0,0,My experience with this app is so good,True,other.general,praise,1,completed,other
3b505505-dd0b-49e3-b601-9a3e9915e43c,usability.library_queue,request,"The review specifically references 'recently played' and the 'like + add' button, both library/queue features, as the basis for a feature request, so usability.library_queue fits better than other.general.",1,False,request,usability,True,usability.library_queue,request,True,True,1,usability,True,0.1,0,"I love Spotify. Thank you for bringing back recently played. Now, if you'd make the whole like + add button a permanent feature I'd be forever glad. That function is so comfy.",False,other.general,request,1,completed,other
20c48c7a-7eaf-43a5-9e70-9ef6282d73e8,,,,,False,,,False,access.login,complaint,,,4,access,True,0.1,0,"Made an account, asked me to verify. Didn't ask to make a password, doesn't let me login. Sends email to login without password, click it and says link has expired.",True,access.signup_email,complaint,4,completed,access
e13735ce-e2fb-4296-bd70-5423a66d6151,catalog.search_discovery,complaint,"The first specific complaint—'harder to browse for things i actually want to listen to'—describes difficulty finding content, matching catalog.search_discovery rather than generic UI navigation.",3,False,complaint,catalog,True,catalog.search_discovery,complaint,True,True,3,catalog,True,0.1,0,"The new update is absolute hot garbage, it's made it way harder to browse for things i actually want to listen to, and new podcast episodes just aren't showing up unless I go find a direct link to them.",False,usability.controls_navigation,complaint,3,completed,usability
93fccff1-7a9d-44b1-858b-a9d0a6d0714d,usability.other,request,"The reviewer reports that the 'canvas update isn't there' and politely asks Spotify to look into it, a minor missing UI feature with a request-style tone rather than a strong complaint or a layout/redesign issue.",2,False,complaint,usability,True,other.general,complaint,True,False,3,other,True,0.2,1,The new canvas update isn't there in my account kindly do look into this...,False,usability.layout_redesign,complaint,2,completed,usability
b920dc1f-67de-4a7d-911c-eef493349f3c,access.login,complaint,"The first specific problem mentioned is that account recovery is 'extremely hard,' which is an access/login issue rated as a degraded but still possible function (severity 3).",3,False,complaint,access,True,access.login,complaint,True,True,3,access,True,0.5,0,Great! Only reason I didn't give a 5 star rating is because I've had to change accounts a few times due to whatever reasons in my pursonal life and it being extremely hard to do an account recovery. Also it's quite expensive at times and if you're late they take away any I downloaded music.,False,billing.subscription_management,complaint,3,completed,billing
e321990c-91df-466f-889f-ec586302c641,,,,,True,,,False,other.general,complaint,,,2,other,True,0.0,0,I Hate this application 👎🚫❌❌❌❌,True,other.general,complaint,2,completed,other
33048b94-7ada-47d6-9b1b-a127f7723b05,,,,,True,,,False,usability.ads,complaint,,,2,usability,True,0.2,0,Love it. Until the ads kick in,True,usability.ads,complaint,2,completed,usability
515765d5-199d-405b-b01b-9ec40e1f19bb,,,,,True,,,False,usability.ads,complaint,,,2,usability,True,0.2,1,I love it I just hate that's you can't skip the adds,True,usability.ads,complaint,3,completed,usability
c25dfb8a-8047-4069-91fb-9b974e7092d9,,,,,True,,,False,catalog.lyrics,complaint,,,3,catalog,True,0.1,0,I really don't like the updated version it doesn't show the lyrics to the song I really liked the feature but now it's gone,True,catalog.lyrics,complaint,3,completed,catalog
99393feb-7922-44a9-a116-d19057c18b8c,,,,,True,,,False,other.general,praise,,,1,other,True,0.0,0,Absolutely love this app..,True,other.general,praise,1,completed,other
e776ebc0-e43b-433f-ab84-1321103dd912,,,,,True,,,False,other.general,praise,,,1,other,True,0.0,0,Using the free version on my phone . Much better than YouTube for one on YouTube I have keep pressing yes I'm still watching which is annoying when I'm busy here it's just play and go,True,other.general,praise,1,completed,other
c30346b6-8f67-4afe-838b-040cd199eb42,,,,,True,,,False,other.general,unclear,,,1,other,True,0.0,0,"Song.,×3=**÷&&&£^@**÷€=£€€_€^_€__$$$$$$$$$$$$paper uplording",True,other.general,unclear,1,completed,other
a506b8bf-8c1f-48e3-ad8b-3d5ee248c592,,,,,False,,,False,billing.subscription_management,complaint,,,2,billing,True,0.3,0,Won't let me get my spotify premium for free 😪🙏,True,billing.premium_only_controls,complaint,2,completed,billing
a0109750-8ef4-43b6-8e0c-a6457c3054f0,playback.audio_quality,praise,"The phrase 'Sounds amazing' specifically praises audio quality, so it falls under playback.audio_quality rather than general praise.",1,False,praise,playback,True,playback.audio_quality,praise,True,True,1,playback,True,0.2,0,Sounds amazing,False,other.general,praise,1,completed,other
28b7bcb2-c84e-4c06-96ad-bdf30e496ab2,,,,,True,,,False,catalog.lyrics,complaint,,,3,catalog,True,0.1,0,I really loved this app before but now the app don't show lyrics,True,catalog.lyrics,complaint,3,completed,catalog
67ab1a2e-7bf0-4eb2-9d8b-9b75396d8295,other.general,cancellation,"The phrase 'YouTube music all the way baby' explicitly signals switching to a competing app, matching the cancellation intent definition.",2,True,cancellation,other,True,other.general,cancellation,True,True,2,other,False,0.2,0,Do they really think they are that special? YouTube music all the way baby,True,other.general,complaint,2,completed,other
b4429239-e90d-4a5a-a018-d57c13db913d,,,,,True,,,False,other.general,praise,,,1,other,True,0.2,0,👌👌👌👌 👌👌👌👌👌👌👌👌,True,other.general,praise,1,completed,other
5747561b-afb2-4dd4-8f8b-e70674da5e08,,,,,True,,,False,other.general,unclear,,,1,other,True,0.1,0,Because swedan appp shame on you Sweden,True,other.general,unclear,1,completed,other
6418a776-4f9e-49b6-a431-5d75913ac854,,,,,True,,,False,other.general,praise,,,1,other,True,0.0,0,I can listen to my favourite songs wherever I go.,True,other.general,praise,1,completed,other
e9014353-0185-43a1-9aad-2ee8b804fb95,,,,,True,,,False,other.general,praise,,,1,other,True,0.1,0,favorite media platform,True,other.general,praise,1,completed,other
71c839b0-c4ac-4367-9408-bb3ff32835b4,,,,,True,,,False,other.general,complaint,,,2,other,True,0.1,0,So bad so bad,True,other.general,complaint,2,completed,other
23a1a4f5-d861-49d1-bb77-a1582556e769,other.general,complaint,"The phrase 'please uninstall this app' urges others to leave rather than stating the reviewer's own departure, so it's generic criticism (complaint) rather than cancellation.",2,True,complaint,other,True,other.general,cancellation,False,True,2,other,False,0.0,0,Poor app and bad images on our generation please uninstall this app,True,other.general,complaint,2,completed,other
66a37032-496f-4ec3-bae6-aff99280fe8f,,,,,True,,,False,other.general,praise,,,1,other,True,0.0,0,This app is amazing all type of musics are available here,True,other.general,praise,1,completed,other
c5047d56-9b0f-4107-aaf8-0823a7d481a8,,,,,True,,,False,other.general,unclear,,,1,other,True,0.5,0,Yea i agree,True,other.general,unclear,1,completed,other
4ce0ab38-ead9-4d8e-b200-eae40a6eb381,,,,,True,,,False,playback.stops_skips,complaint,,,3,playback,True,0.2,1,Nice Music Experience. But I play my liked song they are play only 5 seconds and then stop automatically.,True,playback.stops_skips,complaint,4,completed,playback
90a05775-d0cb-4540-8ba7-540be38189d4,other.general,praise,The vague phrase 'all of the hits are at fingertip' is generic positive feedback without naming a specific feature like search or discovery.,1,False,praise,other,True,catalog.search_discovery,praise,True,False,1,catalog,True,0.1,0,It appears that all of the hits are at fingertip!,False,other.general,praise,1,completed,other
3c6cb779-3366-4f47-b16d-ec990be81231,,,,,True,,,False,other.general,praise,,,1,other,True,0.1,0,I'm satisfied,True,other.general,praise,1,completed,other
d301af12-86c3-462e-bccb-ebb25486c1ed,,,,,True,,,False,billing.premium_only_controls,complaint,,,2,billing,True,0.0,1,Damn y'all really making this app worst in every update just so people will buy premium.,True,billing.premium_only_controls,complaint,3,completed,billing
e6a18fba-466e-4730-b1e5-086f76ce42e8,catalog.recommendations,praise,"The review specifically praises how the app 'reacts to your likes' via AI, which is a recommendation/algorithm feature rather than generic praise.",1,False,praise,catalog,True,catalog.recommendations,praise,True,True,1,catalog,True,0.1,0,Very awesome service highly recommend they are constantly innovating especially with ai and reacts to your likes very cool stuff,False,other.general,praise,1,completed,other
73105bfb-0303-4daa-83b1-7a05f0eff2fe,,,,,True,,,False,other.general,praise,,,1,other,True,0.05,0,The best one ever ... Luv ya Spotify team,True,other.general,praise,1,completed,other
009b7ba9-e35f-4d07-a8aa-3a810f129b44,,,,,True,,,False,other.general,praise,,,1,other,True,0.0,0,Nice & super,True,other.general,praise,1,completed,other
c9d72da9-359d-4f92-bf20-a1d5211595ac,,,,,True,,,False,usability.ads,complaint,,,2,usability,True,0.1,0,Filled with gambling ads 😭,True,usability.ads,complaint,2,completed,usability
e28d3097-f3e9-4e3a-b18f-f91126604407,usability.layout_redesign,cancellation,"The review only vaguely states the update 'ruined a lot of good things' without naming any specific blocked function, so it fits generic criticism at severity 2 rather than a clear core-task failure.",2,True,cancellation,usability,True,usability.layout_redesign,cancellation,True,True,2,usability,True,0.15,2,The new update has ruined a lot of good things about this app. Things are becoming so bad that I'm searching for other alternatives before uninstalling.,True,usability.layout_redesign,cancellation,4,completed,usability
b6aede28-e038-47fe-951c-9f5b1365eb45,,,,,True,,,False,catalog.missing_content,complaint,,,2,catalog,True,0.1,0,Not a lot Afrikaans music,True,catalog.missing_content,complaint,2,completed,catalog
c5123e9f-f026-4a47-8e46-a180ff4ff968,,,,,True,,,False,other.general,praise,,,1,other,True,0.1,0,"Been using this app for years now, love it",True,other.general,praise,1,completed,other
a7f086d1-b041-49ed-9e80-b644c395791a,,,,,True,,,False,catalog.recommendations,cancellation,,,3,catalog,True,0.0,0,Used to love this app despite of ads but recently it has just become a garbage. Some songs are so heavily playlisted that only those few set of songs get played irrespective of the genre played. I used to love the algorithm of Spotify of how they used to play similar feelings songs after playing a s,True,catalog.recommendations,cancellation,3,completed,catalog
beb6e4d3-2e57-4b92-a3f2-d07f2b81ca1d,,,,,True,,,False,billing.premium_only_controls,complaint,,,3,billing,True,0.1,1,It's brilliant app but spotify just shouldn't erase the loop filter I'm very disappointed by this and now we cant even play some parts of songs which we like only we need to listen the whole song . This is the worst way to make customers have premium,True,billing.premium_only_controls,complaint,4,completed,billing
09a28019-dce3-4115-abaf-e9ea349fa8d0,,,,,False,,,False,access.login,complaint,,,4,access,True,0.3,0,It does let me in the app,True,access.app_wont_open,complaint,4,completed,access
e59c22f7-1af1-4021-938b-d5d397c94906,billing.premium_only_controls,complaint,"The review states lyrics require buying premium first, which is an explicit premium-only restriction rather than a catalog lyrics defect.",3,False,complaint,billing,True,billing.premium_only_controls,complaint,True,True,3,billing,True,0.0,0,Very bad app if u manage song lyrics you also buy first premium and then you adst Don't download this app,False,catalog.lyrics,complaint,3,completed,catalog
34a7bac2-81d9-40ad-9e70-262056f13eb4,,,,,True,,,False,other.general,praise,,,1,other,True,0.1,0,I love Spotify. The experience is very good.,True,other.general,praise,1,completed,other
c58985ca-5eb2-443d-b34f-a3e0be2d9e3e,,,,,True,,,False,other.general,unclear,,,1,other,True,0.0,0,anmol,True,other.general,unclear,1,completed,other
378c4a0e-2caa-43d7-a2c9-9a7b52b55c27,other.general,cancellation,"The phrase 'nikalo' (remove it) from the user's mobile expresses an intent to uninstall the app, matching the cancellation definition.",1,True,cancellation,other,True,other.general,cancellation,True,True,1,other,False,0.0,0,Jaldi mere mobile se nikalo,True,other.general,unclear,1,completed,other
285107ce-6a3d-44f0-8683-a0fcaae4ac67,,,,,True,,,False,other.general,complaint,,,2,other,True,0.0,0,getting worst day by day,True,other.general,complaint,2,completed,other
eb9b5ec0-0871-4875-a38e-613b26e602f6,other.general,complaint,"The review only vaguely blames a 'new update' for being 'annoying' without naming any specific feature or defect, and predicts other people (not the reviewer) will delete the app, so it is generic criticism rather than a specific complaint or personal cancellation.",2,False,cancellation,other,True,other.general,cancellation,True,True,2,other,True,0.0,1,You all gonna regret for your new update it is soo annoying people are gonna delete spotify for sure after getting irritated,False,usability.layout_redesign,cancellation,3,completed,usability
bf70ee11-b783-481b-8b2a-9c28a70961aa,,,,,True,,,False,other.general,unclear,,,1,other,True,0.2,0,😶🤢😡😡,True,other.general,unclear,1,completed,other
8f1057b1-4300-4b37-9f59-6fca105bfd89,,,,,True,,,False,billing.premium_only_controls,complaint,,,3,billing,True,0.1,1,was once the best app for music but now it's absolute shxt. took away basic listening features.,True,billing.premium_only_controls,complaint,4,completed,billing
af7c7a36-42b3-4301-b9fd-c48ff54819bf,,,,,True,,,False,other.general,praise,,,1,other,True,0.0,0,Biarkan bintang yg berbicara hihihi..pokoknya mantap abis deh nih aplikasi,True,other.general,praise,1,completed,other
935d88ca-14dc-4c4d-8d5c-17377bc52a9f,,,,,True,,,False,usability.layout_redesign,cancellation,,,3,usability,True,0.1,0,"Horrible new UI looksore like tiktok than music app can't find anything there now if they don't fix it by next month I'm gonna switch to YouTube music, I've never seen such a horrible UI change",True,usability.layout_redesign,cancellation,3,completed,usability
19f737df-a7f3-4dcc-8cb8-8372c70b8726,,,,,True,,,False,usability.ads,complaint,,,2,usability,True,0.1,0,Too many adds + No lyrics+ worst interface + ....,True,usability.ads,complaint,2,completed,usability
54daa0d9-f52f-46ed-965e-0d69551704c6,,,,,True,,,False,other.general,praise,,,1,other,True,0.0,0,Spotify is THE BEST. I never use any other app. #1,True,other.general,praise,1,completed,other
6fb4dfbc-cb16-4694-91e0-7e7c081e2226,catalog.search_discovery,praise,"The review praises ease of accessing songs and artists, which is a specific praised feature matching search/discovery rather than general praise.",1,False,praise,catalog,True,catalog.search_discovery,praise,True,True,1,catalog,True,0.1,0,It's easy to assist n access songs n artists you need,False,other.general,praise,1,completed,other
6fcf9961-9340-422a-8399-fecc6e586fbb,,,,,True,,,False,usability.controls_navigation,complaint,,,3,usability,True,0.1,0,"I have been using gor approx 6 months After update it removes lots of features, shuffle happens not only from playlist but from the whole song library..",True,usability.controls_navigation,complaint,3,completed,usability
64e7a708-d929-45c9-84f8-785f0aa814f8,catalog.lyrics,complaint,"The review explicitly states 'can't see the lyrics' with no mention of a premium paywall, matching catalog.lyrics.",3,False,complaint,catalog,True,billing.premium_only_controls,complaint,True,False,3,billing,True,0.0,0,The update is the worst I can't see the lyrics Worst app in the whole universe 🤮🤮🤮🤮,False,catalog.lyrics,complaint,3,completed,catalog
ce6e5229-5f1d-45cd-983c-045955f62759,,,,,True,,,False,billing.premium_only_controls,complaint,,,3,billing,True,0.1,1,It's a great app for songs but it's just annoying cause I have to listen to 3 ads and it feels long sometimes I get like 4 ads. I also can't even pick my own song it just shuffle plays it gets really annoying. I also can't even skip songs as much as I want I have to wait an entire hour to just skip ,True,billing.premium_only_controls,complaint,4,completed,billing
c9f946fc-23ec-4540-a526-223ad09ba2c2,usability.ads,cancellation,"The reviewer complains about '10+ ads an hour' and states they prefer 'wynk music far better,' indicating an intent to switch apps, which fits cancellation intent while the ad frequency issue remains a degraded usability problem.",3,True,cancellation,usability,True,usability.ads,complaint,False,True,3,usability,False,0.0,0,"Isn't already 10+ ads an hour enough?? HUGE L app, wynk music far better, try your best to be a freetoplay friendly app, greedy Nick gears",True,usability.ads,cancellation,3,completed,usability
66d24f22-6bcb-4a29-ab70-167ce1345db8,,,,,True,,,False,other.general,praise,,,1,other,True,0.0,0,Niceee apps,True,other.general,praise,1,completed,other
ddc7c0a5-3ff8-40ce-8307-2d7733947ed1,,,,,True,,,False,other.general,praise,,,1,other,True,0.1,0,Very good !,True,other.general,praise,1,completed,other
5961cc4c-63d4-4610-88fd-ad295adcdc36,,,,,False,,,False,catalog.other,praise,,,1,catalog,True,0.0,0,I love the new music y'all have to offer,True,catalog.missing_content,praise,1,completed,catalog
946b9a77-fc3e-49c4-b8b1-7027520c8023,playback.stops_skips,complaint,"The decisive complaint is that tapping a song 'will just play a tiny bit of the song' preventing listening, which is a clear playback stoppage issue outweighing the general redesign request.",4,False,complaint,playback,True,usability.layout_redesign,complaint,True,False,4,usability,True,0.1,0,We need an an option to go back to the old one well the other Spotify so then we can listen to music I can't listen to music whenever I try to like tap on a song it will just play a tiny bit of the song and I hate it,False,playback.stops_skips,complaint,4,completed,playback
636a02bd-9efc-4ced-9906-cd13d1931a0e,,,,,True,,,False,other.general,praise,,,1,other,True,0.2,0,groovy,True,other.general,praise,1,completed,other
4b22fe5f-4caf-4ab2-a758-977e889c57a3,,,,,True,,,False,other.general,cancellation,,,2,other,True,0.1,1,Thats AP is of swiden so that I deleted this AP,True,other.general,cancellation,1,completed,other
c13ad908-4fe5-49e7-bb2d-3b71540c5c0c,,,,,True,,,False,other.general,cancellation,,,2,other,True,0.1,0,I don't like this app. Please don't install,True,other.general,cancellation,2,completed,other
307d2d85-098d-405f-9a74-5dccdb700010,usability.controls_navigation,request,"The review's substantive content is a feature request to 'add an option to change the artwork for downloaded songs' and confusion about how to do so, making it a controls/navigation request rather than pure praise.",1,False,request,usability,True,usability.controls_navigation,request,True,True,1,usability,False,0.2,0,I love this app. Clear audio quality and everything but I wish that you'd add an option to change the artwork for downloaded songs. I cannot for the life of me figure out how to change it elsewhere.,False,playback.audio_quality,praise,1,completed,playback
e1b1a5c3-5874-4010-b7ad-596e30e03d4b,,,,,True,,,False,billing.premium_only_controls,complaint,,,3,billing,True,0.0,1,"I am using this app since more than 3years. but it's disappointing me now I could give more stars but since new update I can't play the song from where I want to play it doesn't play song one after another instead it ""shuffles"" And doesn't let me play the song I want all the basic features which wer",True,billing.premium_only_controls,complaint,4,completed,billing
ca2db68b-7226-4df9-b796-82da87330d8c,,,,,True,,,False,other.general,praise,,,1,other,True,0.0,0,Wow this latest song there for better performence...,True,other.general,praise,1,completed,other
5d039913-9f43-4627-b978-28a054eedb0e,other.general,complaint,"The vague phrase 'can't even listen to songs in peace' names no specific defect like ads or skipping, so it fits general complaint rather than inferring a cause.",2,False,complaint,no_majority,True,usability.ads,complaint,True,False,2,usability,True,0.1,1,Worst experience with this can't even listen to songs in peace.,False,playback.stops_skips,complaint,3,completed,playback
e4894c24-896c-4a7c-af2e-cbf4b8ccfde7,,,,,True,,,False,other.general,praise,,,1,other,True,0.0,0,"All the music and podcast you could want, and News too.",True,other.general,praise,1,completed,other
df12b5d8-542f-492e-a29e-19bc47de78e5,usability.ads,complaint,"The sarcastic phrasing 'favorite part was the song that played between the ad's' mocks excessive ad frequency, indicating a complaint rather than genuine praise, with only minor annoyance severity.",2,True,complaint,usability,True,usability.ads,praise,False,True,1,usability,False,0.6,1,My favorite part was the song that played between the ad's,True,usability.ads,complaint,2,completed,usability
18c988b6-edfb-47dd-ae1e-1065df07e860,,,,,True,,,False,usability.ads,complaint,,,2,usability,True,0.2,1,Spotify is very good but their are many ads when 1 ad will be come continuously 3/4 ads come,True,usability.ads,complaint,3,completed,usability
405a4834-2ca1-4f88-b99f-300cc8326e55,,,,,True,,,False,other.general,complaint,,,2,other,True,0.0,0,Worst app like it's country,True,other.general,complaint,2,completed,other
c56ff4aa-f4e8-4022-83f9-0ad8b6e001a1,,,,,True,,,False,other.general,complaint,,,2,other,True,0.1,0,Wrst app,True,other.general,complaint,2,completed,other
9a371354-6187-4275-8486-866e378fe6e4,catalog.recommendations,praise,"The user praises that the update fixed hearing new songs from their liked list 'instead of the same rotation,' which concerns the shuffle/recommendation algorithm's repetitive content.",1,False,praise,catalog,True,usability.library_queue,praise,True,False,1,usability,True,0.3,0,"Thanks for updating the coding, finally able too hear from songs on my liked list, that were never heard before, instead of the same rotation. 🤗👂🖖 Heads up too others, if Spotify is working well on your phone, be wary of updating, it can really be a downer, if you update, and the Gremlins appear. 🥰",False,catalog.recommendations,praise,1,completed,catalog
b2710bd5-8d7a-455a-8257-3121197a5a14,,,,,True,,,False,billing.premium_only_controls,complaint,,,3,billing,True,0.0,1,"Worst experience, just want money , I cannot use music bar without paying I mean really are you serious.",True,billing.premium_only_controls,complaint,4,completed,billing
686b0be9-9849-411a-93f7-4e8f688aad7e,,,,,False,,,False,usability.library_queue,cancellation,,,3,usability,True,0.1,0,"Removing previews for playlist creation, will be the sole reason I remove my subscription. This app has gone downhill fast and hard.",True,usability.controls_navigation,cancellation,3,completed,usability
27725a37-0eb0-4a39-8499-1aec2c8531e3,,,,,True,,,False,other.general,praise,,,1,other,True,0.0,0,I love this app ❤😍💖❣💕💘💚💜😻🧡💛🤟🥰💙💌💒😙,True,other.general,praise,1,completed,other
1b817e99-bd38-462f-ba14-53679b923428,catalog.recommendations,praise,"The phrase 'knows how to read the mood and make the songs get goin'' specifically praises Spotify's recommendation algorithm, matching catalog.recommendations rather than generic praise.",1,False,praise,catalog,True,catalog.recommendations,praise,True,True,1,catalog,True,0.0,0,Spotify knows how to read the mood and make the songs get goin'😌 Let spotify cook🔥!,False,other.general,praise,1,completed,other
1fed78af-b15f-4cfc-8d07-deaf089cb6ac,,,,,True,,,False,other.general,praise,,,1,other,True,0.0,0,Good music awosome,True,other.general,praise,1,completed,other
f315822d-9cd8-40bb-b957-8836f6bd71ed,,,,,True,,,False,playback.stops_skips,complaint,,,4,playback,True,0.0,0,Its been a long time i am using this application but now its getting worse because it is not playing songs and there is nothing in any album,True,playback.stops_skips,complaint,4,completed,playback
8c9cf3a7-6b9a-403b-bcce-fda3d71e056f,usability.controls_navigation,complaint,"The review complains that after the update 'we cant select any random song' and shuffle mode changed, a navigation/control issue with no mention of premium paywall.",3,False,complaint,usability,True,billing.premium_only_controls,complaint,True,False,3,billing,True,0.1,0,"The new update is awfull , spotify was my favorite music player since 2-3 years but this new update changed everything. The shuffle mode and we cant select any random song , all the things just became worse",False,usability.controls_navigation,complaint,3,completed,usability
9c8502dc-c447-42f6-83bc-dc1eda5f742f,,,,,True,,,False,catalog.lyrics,complaint,,,3,catalog,True,0.1,1,Cuz I can't see the lyrics,True,catalog.lyrics,complaint,2,completed,catalog
ab2ec35c-aebe-42f3-b470-e0d1938bf243,,,,,True,,,False,other.general,praise,,,1,other,True,0.0,0,It a nice app...it has useful notifications plus the lyrics when the song is playing it good app...it not giving me problems I like it,True,other.general,praise,1,completed,other
8dc4d7de-4abb-41e0-aca2-5178c3004b09,playback.stops_skips,complaint,"The review describes Spotify playing random songs outside the chosen playlist/genre, a degraded playback function best captured by 'playback.stops_skips'.",3,False,complaint,playback,True,playback.stops_skips,complaint,True,True,3,playback,True,0.1,0,"I've never had an issue with this app until recently so maybe it's the latest update, but when I try to play a Playlist, Spotify just plays random songs that aren't in the Playlist or even the genre I'm trying to listen to",False,usability.library_queue,complaint,3,completed,usability
dda8c6a0-49ea-48e9-afc1-8abe84619b91,,,,,True,,,False,usability.ads,complaint,,,2,usability,True,0.1,0,Love ads in a paid service.....turning into Pandora music.,True,usability.ads,complaint,2,completed,usability
8e0d0d44-a874-478f-b17d-4f9c3b26f62e,,,,,False,,,False,billing.other,complaint,,,2,billing,True,0.1,0,Paid app 😭💔🤬😡,True,billing.price,complaint,2,completed,billing
1e2f31d7-f842-4db5-9930-8ec6e68101c9,,,,,True,,,False,billing.premium_only_controls,complaint,,,3,billing,True,0.0,0,Seriously Ruined this app For Premium litteraly everything requires premium now . I've been using this app for 4 years but Now It's going over head,True,billing.premium_only_controls,complaint,3,completed,billing
2656c25e-cd0a-4a7d-ba41-c5c0a3289263,usability.library_queue,complaint,"The user reports the alphabet scroll sidebar for navigating 3,000 songs is gone, forcing manual scrolling, which is a degraded but still usable library navigation function, making 'library_queue' and severity 3 appropriate, while the explicit complaint and 'Please FIX' indicate a reported problem rather than a neutral request.",3,False,complaint,usability,True,usability.library_queue,complaint,True,True,3,usability,False,0.1,1,"My Side Bar To Scroll To A Certain Song Is Gone ' I Have 3,000 Songs ' It's Hard To Start From "" A "" When I Wanna Be At "" W "" And Have To Keep Scrolling . Please FIX ' Thank You '",True,usability.controls_navigation,request,2,completed,usability
0c5a6609-b204-48f1-8b9f-c3857cf54041,,,,,False,,,False,billing.premium_only_controls,complaint,,,2,billing,True,0.0,0,Stop mocking us to buy primium. You know it won't work in India.,True,billing.price,complaint,2,completed,billing
9051b9e0-ae27-41a8-b53b-e3696a5bac8c,,,,,True,,,False,other.general,praise,,,1,other,True,0.1,0,The best music experience I ever heard,True,other.general,praise,1,completed,other
2ca9cbb9-4145-4154-87bf-1b0aa6fb30ff,,,,,True,,,False,billing.premium_only_controls,complaint,,,3,billing,True,0.1,0,I cant Skip some parts form song,True,billing.premium_only_controls,complaint,3,completed,billing
f722f8fb-b5ed-4b30-9082-b130b769c0e5,,,,,True,,,False,other.general,praise,,,1,other,True,0.0,0,simply the best!!!,True,other.general,praise,1,completed,other
47eb4e39-1ef1-4000-a979-e3a1ad02dd04,,,,,True,,,False,other.general,praise,,,1,other,True,0.1,0,This app is very helpful And very convenient while listening to the music ...,True,other.general,praise,1,completed,other
79e3a2ed-cd1b-4419-9d96-fc20bba92e8c,,,,,False,,,False,usability.controls_navigation,complaint,,,2,usability,True,0.2,0,Spotify not showing icons,True,usability.layout_redesign,complaint,2,completed,usability
07cc5645-e789-4906-bfec-ca3a8af8dfd9,,,,,True,,,False,other.general,praise,,,1,other,True,0.1,0,It's Spotify. You can't go wrong.,True,other.general,praise,1,completed,other
f481316e-3877-47f3-849f-d017c32309cb,,,,,True,,,False,other.general,praise,,,1,other,True,0.0,0,C00L,True,other.general,praise,1,completed,other
6260f887-b637-40f5-bbce-f9e1eb9448b0,,,,,True,,,False,playback.crashes_freezes,cancellation,,,4,playback,True,0.1,0,After last update the app is not usable. Often don't play anything and just freez. I'll give it some time but then I'll cancel my premium. Don't need to pay for something which doesn't work... I miss the possibility to make bookmarks during listening the podcast. Sometimes I don't have time to write,True,playback.crashes_freezes,cancellation,4,completed,playback
91c16c19-0671-430d-8b31-2a540a9f6b43,,,,,True,,,False,other.general,praise,,,1,other,True,0.0,0,I love this app so much. Mwah-mwah<3333,True,other.general,praise,1,completed,other
12952f8e-a47e-421e-be2f-2be186222dab,billing.premium_only_controls,cancellation,"The review states core features like playback, queue, and repeat are locked behind premium and that the user now uses Wynk instead, indicating a clear switch to another app while describing a blocked core function.",4,True,cancellation,billing,True,billing.premium_only_controls,cancellation,True,True,3,billing,False,0.0,1,"After this update this music app is the wrost bruh the common free things like play back, queue, repeat things r in premium. Wrost update for money greed u r making ur app down. I don't wanna say but i have to say after this update i usually use wynk music far better then this app after this premium",True,billing.premium_only_controls,complaint,4,completed,billing
97a34d6c-86e6-42d2-8987-326a7a2f3abb,,,,,True,,,False,other.general,praise,,,1,other,True,0.0,0,Best music app and for podcasts 😃😁,True,other.general,praise,1,completed,other
5dfcbc00-6b69-4f16-baa3-649cc9eaca74,,,,,True,,,False,playback.crashes_freezes,complaint,,,3,playback,True,0.1,1,Slow af!,True,playback.crashes_freezes,complaint,2,completed,playback
dee56cb0-6734-47de-a998-81b067aa10e6,,,,,True,,,False,other.general,praise,,,1,other,True,0.2,0,"No complaints, works well.",True,other.general,praise,1,completed,other
cf6e8e21-e63b-49f2-8a67-5f5075b90859,,,,,True,,,False,playback.resource_use,complaint,,,2,playback,True,0.1,0,More addd internet usage more,True,playback.resource_use,complaint,2,completed,playback
1087dfe2-c219-4901-bc4e-b118abdbfde4,billing.premium_only_controls,complaint,The phrase 'cant even play the music I want' and 'randomly play random songs' matches the free-tier shuffle-only restriction explicitly covered by billing.premium_only_controls.,3,False,complaint,billing,True,billing.premium_only_controls,complaint,True,True,3,billing,True,0.0,0,This app is hard to use and I cant even play the music I want.And it randomly play random songs that so bad it make my ear bleed wth.,False,usability.controls_navigation,complaint,3,completed,usability
168fd67a-5296-4395-8917-a699228f6208,,,,,True,,,False,playback.stops_skips,complaint,,,3,playback,True,0.1,1,"This app is going downhill fast, songs are constantly skipping and and stopping like a broken cd",True,playback.stops_skips,complaint,4,completed,playback
0ccea7e9-14bc-41c4-b2b8-30517be59cbd,,,,,True,,,False,other.general,praise,,,1,other,True,0.0,0,Awesome as usual,True,other.general,praise,1,completed,other
e7597e14-1a5e-46f5-a0fa-eea401a46be3,,,,,True,,,False,other.general,complaint,,,2,other,True,0.1,0,Literally the worst app I've ever used,True,other.general,complaint,2,completed,other
e65e1a9b-2e4a-45c9-ac61-ff08df5d5897,,,,,True,,,False,other.general,praise,,,1,other,True,0.3,0,I have stopped listening to anything else 👍,True,other.general,praise,1,completed,other
c7ad9f6f-3863-4600-8037-cced9e19087c,,,,,True,,,False,usability.ads,complaint,,,2,usability,True,0.2,0,Its ads application having some music in between,True,usability.ads,complaint,2,completed,usability
e04b2c1a-f987-492d-acc2-0f7a47edb5f2,,,,,True,,,False,playback.connection,complaint,,,4,playback,True,0.2,0,"Spotify was working great for me (besides the ads), and I really enjoyed the app, but one day, I shut my phone off, and I was trying to go into spotify, and it didn't work all it said was "" No internet connection please try again later"" and when I tried to listen to music it would start for 9-10 sec",True,playback.connection,complaint,4,completed,playback
0efea894-b7ac-451d-8145-aee409ace228,,,,,True,,,False,other.general,praise,,,1,other,True,0.0,0,Awesome good,True,other.general,praise,1,completed,other
a1ae9691-ea32-4ff0-a693-208fbe597d0c,,,,,True,,,False,other.general,praise,,,1,other,True,0.0,0,Spotify is the best app to listen to great music.,True,other.general,praise,1,completed,other
76698770-61e0-4322-8024-0d92d169b5e5,other.general,complaint,"The review only says 'Very poor quality' without specifying audio, so no specific defect like audio quality can be confirmed, fitting generic criticism under other.general.",2,False,complaint,other,True,other.general,complaint,True,True,2,other,True,0.2,0,Very poor quality,False,playback.audio_quality,complaint,2,completed,playback
15f12ddb-c6a7-4e73-a4cd-6d54c0c3f915,,,,,True,,,False,other.general,unclear,,,1,other,True,0.4,0,Ask forgiveness..,True,other.general,unclear,1,completed,other
55b2182c-0ed3-4b22-ba45-be2ccbced973,,,,,True,,,False,other.general,praise,,,1,other,True,0.1,0,"One of the best app with lot of music, podcasts and many other things.Like it.",True,other.general,praise,1,completed,other
ce94d83f-1ef4-4ee3-aeda-b92801ced5f8,,,,,True,,,False,other.general,praise,,,1,other,True,0.1,0,The best off old school,True,other.general,praise,1,completed,other
592f0303-e423-42cd-acf5-e9d90431f84a,,,,,True,,,False,other.general,praise,,,1,other,True,0.1,0,very nice songs are available,True,other.general,praise,1,completed,other
576fccdd-912f-4be8-9881-49b4d5488e5d,,,,,True,,,False,other.general,praise,,,1,other,True,0.0,0,No problem in using this app got better experience here a large collection of song or we can say that universal collection...,True,other.general,praise,1,completed,other
df4d29d9-6a5b-40e4-89cb-f94eb42608b0,,,,,True,,,False,other.general,unclear,,,1,other,True,0.5,0,Abuse 🥵🥵,True,other.general,unclear,1,completed,other
150d5e10-27c0-4def-9a5f-6bf1d551e5aa,,,,,True,,,False,other.general,complaint,,,2,other,True,0.0,0,Very bad experience ever I felt,True,other.general,complaint,2,completed,other
c0b15f63-cb2f-481d-9499-7e259dfcd861,usability.controls_navigation,praise,"The phrase 'easy & clear' specifically praises the app's navigation/interface, which maps to usability.controls_navigation rather than generic praise.",1,False,praise,usability,True,usability.controls_navigation,praise,True,True,1,usability,True,0.0,0,"Good to use, easy & clear",False,other.general,praise,1,completed,other
df183658-7b15-43e3-8ca6-ab1a0e4a326e,,,,,True,,,False,billing.price,complaint,,,2,billing,True,0.6,0,Nice music suitable for on 5.1 speaker but need to pay .....,True,billing.price,complaint,2,completed,billing
9a96a29e-1e65-49e9-ac92-fd36877a98b1,,,,,True,,,False,usability.controls_navigation,complaint,,,3,usability,True,0.2,0,"Currently my daily driver for all my music needs, but they've made some pretty horrid UI decisions which is why my review is at 2*. Issue 1: smart shuffle can take up to 3 seconds to disable and you can't permanently disable it. Issue 2: removal of little heart on playlist to indicate liked songs. I",True,usability.controls_navigation,complaint,3,completed,usability
0ab036d9-6054-4d2a-9266-9627f0f96f93,,,,,True,,,False,other.general,complaint,,,2,other,True,0.2,0,What a joke this app has become,True,other.general,complaint,2,completed,other
7b71173f-6015-42bf-8d8b-c5aa5bb22f8a,,,,,True,,,False,other.general,praise,,,1,other,True,0.0,0,Best music app I have used ever,True,other.general,praise,1,completed,other
ffcc99df-91c7-4c32-a130-4d97e6225550,,,,,False,,,False,playback.devices,request,,,1,playback,True,0.0,0,"Cannot record Wrapped audio with Screen record. Can you allow the audio to be recorded with Screen recorder? It does work on iOS, I've seen people recording it. Looks like Android is last at everything.",True,playback.other,request,1,completed,playback
6f6a0768-6883-44c1-b4e9-d04a6fa62384,,,,,True,,,False,billing.premium_only_controls,complaint,,,3,billing,True,0.0,1,I have been using Spotify for like 4-5 years every thing was good but the update is stupid we can't even play the song we like or go back to the previous song and we can't even listen our favorite part of the song for doing all these we have to buy a premium plan,True,billing.premium_only_controls,complaint,4,completed,billing
997374d5-c377-4a19-b2ed-f249b474fa92,,,,,True,,,False,other.general,praise,,,1,other,True,0.1,0,זה פשןט מושלם באמת זאת ההפליקציה הכי טובה שיש לי יותר מיוטיוב וגוגל באמת כול הכבוד!!🤩🤩🤩,True,other.general,praise,1,completed,other
76071a10-ff42-4d93-9473-10f160972bc5,,,,,True,,,False,other.general,praise,,,1,other,True,0.2,0,Music with my coffee,True,other.general,praise,1,completed,other
90ab8ed4-3b0b-4518-a1a5-784c5ffaaa59,catalog.missing_content,complaint,"The phrase 'can't play many song' indicates songs are unavailable, fitting catalog.missing_content with mixed praise still counted as complaint.",3,False,complaint,catalog,True,playback.other,complaint,True,False,3,playback,True,0.1,0,I love this app I can't play many song,False,catalog.missing_content,complaint,3,completed,catalog
37fe1efa-4cff-487d-8f47-5163c350880c,,,,,True,,,False,catalog.lyrics,complaint,,,3,catalog,True,0.2,0,recently the lyrics button has disappeared and been replaced with 2 panels about the artist and for the life of me I cannot find a solution for this anywhere,True,catalog.lyrics,complaint,3,completed,catalog
53ee2989-466a-41f4-b19b-6e945f01bdaa,,,,,True,,,False,other.general,praise,,,1,other,True,0.1,0,Wonderful. I can listen to all my favorites!,True,other.general,praise,1,completed,other
9564aff1-5fa3-4f4c-82f4-43a8abbcebc7,,,,,True,,,False,usability.ads,complaint,,,2,usability,True,0.9,1,My one of the best and forever 💞♾️ loving app 😚🤩 thanks Spotify but please reduce ads while listening playlist it's so irritating me,True,usability.ads,complaint,3,completed,usability
c8798ec3-d84e-4ba1-bbe1-5d73c16ed01f,,,,,True,,,False,other.general,complaint,,,2,other,True,0.1,0,I hate this application because this application insult our religion,True,other.general,complaint,2,completed,other
a1cd7a36-f9c7-431b-8a12-73badd54ecab,,,,,True,,,False,usability.ads,complaint,,,2,usability,True,0.2,1,Okay so It's great but the number of ads really need to go down.... it's like the more I listen the more ads I get and I'm getting way more than I used to... I'm getting 2 ads after like every 3-4 songs which is just messed up and destroys the mood...one ad is still aight but 2 or sometimes 3 is a p,True,usability.ads,complaint,3,completed,usability
d72d1299-659f-479f-bb1d-dff933d51c9a,,,,,True,,,False,other.general,praise,,,1,other,True,0.1,0,The best app for listening BTS songs,True,other.general,praise,1,completed,other
3f721fd4-36d6-4ee3-8245-933b3841f860,,,,,True,,,False,other.general,praise,,,1,other,True,0.0,0,It's best application,True,other.general,praise,1,completed,other
d631e45a-aa1d-4251-9334-e150de3a8133,,,,,True,,,False,other.general,unclear,,,1,other,True,0.0,0,SSA,True,other.general,unclear,1,completed,other
a740ed4d-680f-4587-8b16-9e8791adfa5b,,,,,True,,,False,catalog.search_discovery,praise,,,1,catalog,True,0.0,0,"OMG! Best music app by far...unlike any other,I had no problem searching for any song or artist I selected...5 stars plus!",True,catalog.search_discovery,praise,1,completed,catalog
ae12f1e3-be0e-4c48-ba60-97cbe30df719,,,,,True,,,False,playback.stops_skips,complaint,,,3,playback,True,0.0,0,I've had some issues with music stopping and starting and I pay for premium. Please fix that!!,True,playback.stops_skips,complaint,3,completed,playback
566256f8-ba4f-47c0-bc09-8f5f2080140d,,,,,True,,,False,billing.premium_only_controls,complaint,,,3,billing,True,0.0,1,"OMGGG!! What is this new update!! Spotify used to be ig no. 1 music app, now literally it's becoming the worst! After every 2 songs they'll give you 3 ads.. and not only that, now they have come up with a 'ew' update, where you can't even play your playlist as you want without premium! It's like- oh",True,billing.premium_only_controls,complaint,4,completed,billing
4e05fff7-d038-499d-b8cf-f876790a2eb6,,,,,False,,,False,playback.stops_skips,complaint,,,3,playback,True,0.1,1,As of December 8th I'm only able to play one song at a time. After that I have to force close Spotify for a minute before it'll let me play another song. Is I'm in my car it'll replace the play button with a square button that doesn't seem to do anything.,True,playback.crashes_freezes,complaint,4,completed,playback
a14a15b5-9af9-4d1a-86ba-81ff0774960f,,,,,True,,,False,other.general,complaint,,,2,other,True,0.1,0,Literally the worst app one can use,True,other.general,complaint,2,completed,other
8c4524fb-7585-453b-836c-4e880c460cf4,,,,,True,,,False,catalog.missing_content,complaint,,,3,catalog,True,0.0,1,I love Spotify they've finally fixed all the updates that have made it so hard to navigate. Now my only complaint is that there are to many copies of the same songs and some songs keep getting taken down due to copyright issues and such,True,catalog.missing_content,complaint,2,completed,catalog
350f4228-3e1f-470f-a7bc-7f34a065378b,,,,,True,,,False,downloads.offline_mode,praise,,,1,downloads,True,0.1,0,This app is amazing like as after listening a song we can listen song without internet 😍😍,True,downloads.offline_mode,praise,1,completed,downloads
55613f1e-9889-47aa-a439-7fd046c0dae6,usability.controls_navigation,complaint,"The reviewer reports a negative experience ('Constantly hit it by mistake... Very bad placement'), which is a complaint about menu/button placement, not merely a neutral feature request.",2,True,complaint,usability,True,usability.controls_navigation,complaint,True,True,2,usability,False,0.1,0,"MOVE YOUR ""HIDE THIS SONG"" OPTION DOWN THE MENU! Constantly hit it by mistake instead of add to playlist. Very bad placement for a lesser used option",True,usability.controls_navigation,request,2,completed,usability
8407c6a4-48b1-4db8-bb40-42e9032ac0a3,,,,,True,,,False,other.general,praise,,,1,other,True,0.1,0,I enjoy and satisfied!,True,other.general,praise,1,completed,other
df8122eb-fd7c-4ecd-adaa-9d81b611500c,,,,,True,,,False,usability.ads,complaint,,,2,usability,True,0.1,0,Waste application due to lot of ads,True,usability.ads,complaint,2,completed,usability
ded25956-79ea-413e-98c9-509069dcf8c7,,,,,True,,,False,other.general,unclear,,,1,other,True,0.0,0,Dr,True,other.general,unclear,1,completed,other
de91af60-1049-4142-ba09-ead0956edb18,,,,,True,,,False,usability.library_queue,request,,,1,usability,True,0.1,1,WHY IS THERE NO OPTION TO SHUFFLE A PLAYLIST AND SAVE IT? i make a lot of playlists and its so annoying to have to manually reorganize songs in a playlist just so that every artists music isnt grouped together. there should be a button in the edit playlist section that allows you to shuffle the song,True,usability.library_queue,request,2,completed,usability
0fa45b17-c0eb-41e4-a383-0cca76a9ea90,,,,,True,,,False,other.general,praise,,,1,other,True,0.0,0,Wow 👍😘😘😘,True,other.general,praise,1,completed,other
82de714b-e2c7-4557-a560-d1a30ca12261,,,,,True,,,False,other.general,unclear,,,1,other,True,0.0,0,Boing,True,other.general,unclear,1,completed,other
cd4a8097-b45d-4f55-a166-6611b022f558,,,,,True,,,False,other.general,praise,,,1,other,True,0.1,0,"The best application i have ever experienced, thank you guys for making it that perfection",True,other.general,praise,1,completed,other
4036911d-7cb1-45c2-847d-49f244023081,,,,,True,,,False,other.general,unclear,,,1,other,True,0.1,0,nice?,True,other.general,unclear,1,completed,other
511ab3b7-b6ad-48a4-8d43-639c41216a18,,,,,True,,,False,other.general,unclear,,,1,other,True,0.0,0,Platform is similar to YouTube Red,True,other.general,unclear,1,completed,other
71d17903-706a-4793-ae82-f220581aef0f,,,,,True,,,False,other.general,praise,,,1,other,True,0.1,0,It's a very useful and gorgeous app i have ever used,True,other.general,praise,1,completed,other
db96663c-7884-4cc2-a74c-48ea3ebf26f7,,,,,True,,,False,playback.devices,complaint,,,4,playback,True,0.1,1,Not play in my watch,True,playback.devices,complaint,3,completed,playback
5ce64ef9-cf72-4e72-b0ae-16034acee22e,,,,,True,,,False,playback.audio_quality,complaint,,,3,playback,True,0.2,0,It lower the volume to the point very difficult to hear over the car radio very disappointing.,True,playback.audio_quality,complaint,3,completed,playback
0ff8d41e-ec0b-4941-bd8a-fccbccc2f42b,other.general,complaint,"The text only says the new update 'suck' without naming any specific feature like layout or redesign, so it is generic criticism best coded as other.general.",2,False,complaint,other,True,usability.layout_redesign,complaint,True,False,2,usability,True,0.0,0,Bruh this new update suck,False,other.general,complaint,2,completed,other
76a31ae7-4a7d-4bd3-97e1-5993756a6df7,,,,,True,,,False,billing.premium_only_controls,complaint,,,3,billing,True,0.1,1,the app obviously sucks rn.....i used to love the app because of its features but now we can't even rewind..... play preferred song next and so on.,True,billing.premium_only_controls,complaint,4,completed,billing
1c2f40e8-4210-44f5-b9a0-ff76fdcc3c85,,,,,True,,,False,other.general,praise,,,1,other,True,0.2,0,i luv music 🎧,True,other.general,praise,1,completed,other
e571b626-df97-4ab8-a281-36a28779a288,,,,,True,,,False,other.general,praise,,,1,other,True,0.1,0,"Good, would recommend 👍",True,other.general,praise,1,completed,other
2b85d3e3-bd28-4dda-b20e-f6eb3037fedb,other.general,praise,"The single word 'Strong' conveys positive sentiment with no complaint, fitting general praise rather than unclear text.",1,True,praise,other,True,other.general,unclear,False,True,1,other,False,0.7,0,Strong,True,other.general,praise,1,completed,other
f1585519-64e0-4db8-ac6e-b16ed2085f0f,,,,,True,,,False,other.general,praise,,,1,other,True,0.1,0,Love it! 💕,True,other.general,praise,1,completed,other
e6e41958-0790-413c-86a5-4634be5cb566,,,,,True,,,False,other.general,unclear,,,1,other,True,0.0,0,I kan plau with song 4n,True,other.general,unclear,1,completed,other
9be52ab0-7f24-40a8-a94e-5441f15d416a,usability.controls_navigation,praise,"The phrase 'simple to use' specifically praises the app's ease of navigation, fitting usability.controls_navigation rather than generic praise.",1,False,praise,usability,True,usability.controls_navigation,praise,True,True,1,usability,True,0.1,0,Spotify is simple to use,False,other.general,praise,1,completed,other
15b06eb7-7628-45f2-ae74-0722ce25f7ee,,,,,True,,,False,usability.ads,complaint,,,2,usability,True,0.1,0,It's good the ads are meh but overall it's good,True,usability.ads,complaint,2,completed,usability
706817e4-ad30-487d-ad89-2f2102180e6a,,,,,True,,,False,other.general,complaint,,,2,other,True,0.1,0,Hite appcation 🖕👎👎👎,True,other.general,complaint,2,completed,other
dfb766d7-e5ec-4f02-b856-889684208008,,,,,True,,,False,other.general,unclear,,,1,other,True,0.0,0,Secondary,True,other.general,unclear,1,completed,other
08241ab8-2d48-4d07-8987-a8bd53b79146,,,,,True,,,False,usability.library_queue,complaint,,,3,usability,True,0.2,0,the way yoi cant see your playlist and edit it as before sucks,True,usability.library_queue,complaint,3,completed,usability
ec833e62-2dde-4748-b1b0-3331022390a0,,,,,True,,,False,other.general,unclear,,,1,other,True,0.5,0,Baycott suwden,True,other.general,unclear,1,completed,other
d62bee37-fe73-44d6-9442-464f3da7c8cb,,,,,True,,,False,other.general,praise,,,1,other,True,0.1,0,Very good apps for all evergreen song's,True,other.general,praise,1,completed,other
7208edd7-a40a-4aac-b4f2-3a4250a9b7e6,,,,,True,,,False,billing.premium_only_controls,complaint,,,3,billing,True,0.1,0,Very disgusting app only needs premium to run,True,billing.premium_only_controls,complaint,3,completed,billing
1834c6da-51b9-41b5-af9d-231252adb8ca,,,,,True,,,False,other.general,praise,,,1,other,True,0.0,0,Awsome aaps,True,other.general,praise,1,completed,other
e0a6130a-56f3-4662-ab1a-cb827ef2bf35,,,,,True,,,False,other.general,praise,,,1,other,True,0.3,0,It's good other music app,True,other.general,praise,1,completed,other
f295fbbb-c23d-41c2-b60e-d9d85dea138d,,,,,True,,,False,other.general,unclear,,,1,other,True,0.4,0,5 stars for Barcelona,True,other.general,unclear,1,completed,other
0e9d2cbe-67c3-45f3-a149-602ada859d9b,,,,,True,,,False,other.general,praise,,,1,other,True,0.0,0,"Fantastic cracking app,well done",True,other.general,praise,1,completed,other
846cb216-127a-4d96-86f6-3066f5e8583d,,,,,True,,,False,other.general,praise,,,1,other,True,0.3,0,So far alright,True,other.general,praise,1,completed,other
e5530229-7457-418d-ac4a-7ec7fcb6c0aa,,,,,True,,,False,usability.ads,complaint,,,2,usability,True,0.2,0,This is for you and your ads from my hart .I.,True,usability.ads,complaint,2,completed,usability
b4500515-7049-4dc4-8d8a-a685a23320aa,usability.other,complaint,"The vague phrase 'has a mind of its own sometimes' describes unpredictable app behavior rather than a specific crash or freeze, so usability.other fits better than playback.crashes_freezes.",2,False,complaint,usability,True,usability.other,complaint,True,True,2,usability,True,0.1,0,Use it everyday it has a mind of its own sometimes but overall its okay,False,playback.crashes_freezes,complaint,2,completed,playback
78df5b87-ff91-4da2-97e5-a808477905ea,,,,,True,,,False,catalog.recommendations,praise,,,1,catalog,True,0.1,0,Got genre that i love,True,catalog.recommendations,praise,1,completed,catalog
ad314b1a-d2f2-4661-8413-3ecdd3abd02f,catalog.search_discovery,praise,"The review specifically praises finding music, which matches catalog.search_discovery rather than generic praise.",1,False,praise,catalog,True,other.general,praise,True,False,1,other,True,0.1,0,I can find all music I like,False,catalog.search_discovery,praise,1,completed,catalog
ab512cbd-0efa-4a0f-9d5a-faf3ae93fbb7,,,,,True,,,False,access.signup_email,complaint,,,3,access,True,0.0,0,Thi app suck Im putting my real birth and date it won't work thi app sucks!!!!! 👎👎👎👇👇👇🖕🖕🖕,True,access.signup_email,complaint,3,completed,access
9251a908-a677-4f5c-a127-65f5db755c5c,catalog.missing_content,complaint,"The phrase 'I cannot hear song which i like' indicates a missing/unavailable song rather than any mention of a premium paywall, matching catalog.missing_content.",3,False,complaint,catalog,True,billing.premium_only_controls,complaint,True,False,3,billing,True,0.2,0,Worst update i don't like it I cannot hear song which i like,False,catalog.missing_content,complaint,3,completed,catalog
651f3685-c8f0-406d-a8cc-775a6e39ea3a,,,,,True,,,False,other.general,complaint,,,2,other,True,0.1,0,Disgusting Very bad,True,other.general,complaint,2,completed,other
8f7883a9-9313-4ae9-bdfe-7fa4a1711ddc,,,,,False,,,False,catalog.other,praise,,,1,catalog,True,0.1,0,"Love the music selection 👨🏾‍🎤👑🔊,",True,catalog.missing_content,praise,1,completed,catalog
24b4e7a2-6bfb-4b4b-a633-71feada46adb,,,,,True,,,False,usability.controls_navigation,complaint,,,3,usability,True,0.1,0,"1 star for the inability to deactivate ""SmartShuffle"" I just want to switch between shuffle and no shuffle.",True,usability.controls_navigation,complaint,3,completed,usability
0fbd4929-3bd1-42d9-91c1-d41c640f8965,,,,,True,,,False,other.general,complaint,,,2,other,True,0.1,0,Hate this app 😠,True,other.general,complaint,2,completed,other
3475302f-9357-4c3a-bd74-8d392e1fd65b,,,,,True,,,False,billing.premium_only_controls,complaint,,,3,billing,True,0.1,1,"Trash, good for nothing, you can't play track of your choice",True,billing.premium_only_controls,complaint,4,completed,billing
be19b0be-fe01-4f43-aee4-d11ff9442f1b,,,,,True,,,False,other.general,praise,,,1,other,True,0.0,0,Good program,True,other.general,praise,1,completed,other
98f8f2c9-86de-4853-b208-dc6612463d01,,,,,True,,,False,other.general,praise,,,1,other,True,0.0,0,Very nice fist user,True,other.general,praise,1,completed,other
673e44eb-c8d5-4c2a-8e56-75f046de4a22,,,,,True,,,False,other.general,praise,,,1,other,True,0.1,0,It's super 😍,True,other.general,praise,1,completed,other
03ed4f54-db62-4491-808e-61a0481b8a5e,,,,,True,,,False,other.general,praise,,,1,other,True,0.1,0,Love Spotify best music app ever made!,True,other.general,praise,1,completed,other
b0fb36ec-6669-4fb6-997a-527187234335,,,,,True,,,False,usability.ads,complaint,,,2,usability,True,0.6,0,"ads, everthying else is goated i love",True,usability.ads,complaint,2,completed,usability
739d3844-c86d-40f5-9bcc-987a92e4d736,playback.audio_quality,complaint,"The review centers on the missing 'equaliser' feature, which falls under audio quality/equalizer control despite reinstall attempts, a degraded but workaroundable function.",3,False,complaint,playback,True,usability.controls_navigation,complaint,True,False,3,usability,True,0.1,0,"Well hi , I am only giving 1 star , because of the equaliser , though I use Android , though I updated the app , though I reinstalled it , still it doesn't give the equaliser option, please solve the problem , I'll surely then give a 5 star rating",False,playback.audio_quality,complaint,3,completed,playback
91bfe01c-a8ff-40f9-b6a4-063b6bfa7e85,,,,,True,,,False,other.general,complaint,,,2,other,True,0.0,0,Horrible man,True,other.general,complaint,2,completed,other
4f66b612-589c-4365-b983-89b3f5f20659,,,,,True,,,False,other.general,praise,,,1,other,True,0.1,0,It helped through suicidal thought thanks for helping me it was therapy,True,other.general,praise,1,completed,other
6cb5af6a-2c14-4aa3-b32c-4ccc34553e71,,,,,True,,,False,other.general,praise,,,1,other,True,0.1,0,"I can't say enough good things about Spotify. Amazing value, and I get to share my family plan account with up to 5 members of my household? Easily the best streaming service available for people who live musical lives and enjoy the ability to take deep dives back into the past works and discographi",True,other.general,praise,1,completed,other
b792d861-4293-4bd1-b599-a1b49d6d3993,,,,,True,,,False,playback.connection,complaint,,,4,playback,True,0.1,1,It keeps on telling me I'm offline... even when I'm using wifi very frustrating,True,playback.connection,complaint,3,completed,playback
2a0df723-af63-46b9-bd09-6868e5fe90d4,,,,,True,,,False,usability.ads,request,,,1,usability,True,0.3,1,Please stop running one minute ads It should be Maximum of 40 seconds,True,usability.ads,request,2,completed,usability
1a9f9b34-cff5-45c5-bc07-c4483a7ec0d5,,,,,True,,,False,other.general,praise,,,1,other,True,0.0,0,He are very good music lishing app,True,other.general,praise,1,completed,other
c19daa9f-83b4-4a40-b7b4-cec76072891c,,,,,True,,,False,playback.crashes_freezes,complaint,,,3,playback,True,0.2,1,"Maybe it's my phone, but so many times when I start the app, it's just a plain black display. And then even when it does work, I routinely get the, ""Something went wrong. Try again?"" error over and over. Reception is not an issue, because other apps like YouTube still work fine in these moments.",True,playback.crashes_freezes,complaint,4,completed,playback
5e5903ee-86a9-4a2d-873d-43263cd1140b,,,,,True,,,False,other.general,unclear,,,1,other,True,0.3,0,Boy cot spotify,True,other.general,unclear,1,completed,other
ed0fb55d-cf3d-4996-ab77-1b5a6a3cd746,,,,,True,,,False,usability.controls_navigation,request,,,1,usability,True,0.1,0,Works as it should. Just wish you could shuffle all the songs. Great selection of music,True,usability.controls_navigation,request,1,completed,usability
04fc1154-bf01-4d38-afe6-f4fab5550319,,,,,True,,,False,playback.crashes_freezes,complaint,,,4,playback,True,0.0,0,Ahhhh this app randomly crashes and then it will not be useful to play any type of songs ...........it's very irritating,True,playback.crashes_freezes,complaint,4,completed,playback
644e2d2a-4493-46fe-aff8-4efd8d53497f,,,,,True,,,False,other.general,praise,,,1,other,True,0.0,0,I like Spotify because I can always listen to my favorite music and if Spotify wasn't created I'd be cryin in the corner listening dog water quality songs on youtube,True,other.general,praise,1,completed,other
272f0fd0-4958-4680-ad31-6131900cc632,,,,,True,,,False,playback.crashes_freezes,complaint,,,2,playback,True,0.1,1,Love this app and service. Would give 5 stars if it was a bit more stable to use but no other complaints,True,playback.crashes_freezes,complaint,3,completed,playback
18d1d544-b897-4ad7-9fd6-a9c0570a4b0f,,,,,True,,,False,other.general,praise,,,1,other,True,0.2,0,Much much better than I thought ☺️,True,other.general,praise,1,completed,other
009135b3-876b-4ae0-a57c-02cf9bae0493,,,,,True,,,False,other.general,praise,,,1,other,True,0.1,0,Non stop fun,True,other.general,praise,1,completed,other
22c68dec-a00f-4191-9610-a192c97c6a8f,,,,,True,,,False,catalog.lyrics,complaint,,,3,catalog,True,0.1,1,Some musics lyrics are not showing,True,catalog.lyrics,complaint,2,completed,catalog
47b82474-7374-4a27-b5d0-2f2aaa53b356,,,,,True,,,False,downloads.fail_disappear,complaint,,,3,downloads,True,0.0,0,"The app is great but of recent I can't have access to download songs with my mobile data connection except a Wi-Fi and I've tried changing it in my settings, complained on the webpage There are still no changes how can i fix this",True,downloads.fail_disappear,complaint,3,completed,downloads
89538a0b-20bf-430a-b5c7-3425ad07cf74,,,,,True,,,False,other.general,praise,,,1,other,True,0.1,0,This is my music ap of choice,True,other.general,praise,1,completed,other
dc285baf-ac18-40bb-9d91-948043c35bb8,,,,,True,,,False,other.general,unclear,,,1,other,True,0.0,0,যযযযয.য,True,other.general,unclear,1,completed,other
8cd5e15f-5b11-4fcd-8fed-768acfd8fce3,,,,,True,,,False,other.general,complaint,,,2,other,True,0.0,0,Worst work ethical app ever.,True,other.general,complaint,2,completed,other
a365f18b-3d6f-457a-9d7e-8c89432d42f3,,,,,False,,,False,billing.other,cancellation,,,2,billing,True,0.1,1,It was good to use Spotify app but it is asking money for everything and that's not nice from now I will stop using Spotify app 👎🏻👎🏻👎🏻,True,billing.price,cancellation,3,completed,billing
dd9e84e8-3f05-46cb-ac7c-281f16fb6bab,,,,,True,,,False,other.general,praise,,,1,other,True,0.1,0,"Superb , amazing",True,other.general,praise,1,completed,other
1f49e291-969d-4b18-be62-36053edf1a70,,,,,True,,,False,other.general,praise,,,1,other,True,0.1,0,Great experience and perfect performance.,True,other.general,praise,1,completed,other
3430fae0-8b08-48ad-a86a-8e2848ebcfe0,,,,,True,,,False,other.general,praise,,,1,other,True,0.1,0,𝓘𝓽𝓼 𝓬𝓸𝓸𝓵 𝓽𝓱𝓪𝓷 𝓽𝓱𝓮 𝓸𝓽𝓱𝓮𝓻 𝓪𝓹𝓹,True,other.general,praise,1,completed,other
d5b317d5-7463-4d53-b619-35c3f629f43c,,,,,True,,,False,catalog.recommendations,praise,,,1,catalog,True,0.1,0,Literally this app is the best......I releived myself with the playlist they made and they made me happy after I was in stress..... Thanks you so much for making me happy with your playlist.....,True,catalog.recommendations,praise,1,completed,catalog
5094bf79-8dce-45d6-8f46-12c9b1703677,,,,,True,,,False,usability.controls_navigation,complaint,,,2,usability,True,0.0,0,The shuffling of playlist is worst,True,usability.controls_navigation,complaint,2,completed,usability
3e857faf-1879-43c3-b249-02c500af1e1a,other.general,unclear,"The review contains only emojis with no text expressing praise or complaint, making intent ambiguous rather than clear praise.",1,True,unclear,other,True,other.general,unclear,True,True,1,other,False,0.4,0,🎼🎧🤗😌,True,other.general,praise,1,completed,other
238ca146-be25-4d3f-a2ba-c062673b3260,,,,,True,,,False,usability.ads,complaint,,,3,usability,True,0.0,0,Good if you have premium. Otherwise just annoying with the ads. Sometimes when I am meant to get 30 minutes of ad free listening I will still get ads.,True,usability.ads,complaint,3,completed,usability
94e934c4-0d76-4173-a2ad-42db4e0aacc7,,,,,True,,,False,other.general,praise,,,1,other,True,0.0,0,"It's music - your favourite music, on the Go 👌 thank you Spotify",True,other.general,praise,1,completed,other
a0537f4e-0c34-47b1-b367-8119b8baa475,,,,,True,,,False,catalog.lyrics,complaint,,,3,catalog,True,0.0,0,its nice but npwadayz after recent update we cant see the lyrics of many songs...and the short videos of that song tooo...its causing a lot of trouble,True,catalog.lyrics,complaint,3,completed,catalog
d2c105bf-1ba5-4caf-a792-90d8c20056a3,,,,,True,,,False,other.general,praise,,,1,other,True,0.1,0,nice app good work,True,other.general,praise,1,completed,other
bbbf8028-04c6-44de-9f6a-8a05f0e2d26e,,,,,True,,,False,other.general,complaint,,,2,other,True,0.1,0,Hate this application hate for sewdan,True,other.general,complaint,2,completed,other
cbb68134-b724-43f9-87bb-f78a097ae1ef,,,,,True,,,False,other.general,praise,,,1,other,True,0.5,0,😌😌,True,other.general,praise,1,completed,other
9fd30217-d628-410e-977a-1a52625d4e23,,,,,True,,,False,other.general,praise,,,1,other,True,0.1,0,Great apps for music,True,other.general,praise,1,completed,other
a2126ba3-99e2-476b-9d4f-2c3f47a4038f,,,,,True,,,False,support.unhelpful,complaint,,,3,support,True,0.0,1,Spotify groups refuses to work and there's no way to reach customer service for any reason. More upset about the customer service issue. Edit: and downloads won't work. There always an issue with this app.,True,support.unhelpful,complaint,4,completed,support
9d83af12-79c7-43f0-b900-eb3737c30b10,,,,,True,,,False,catalog.missing_content,complaint,,,3,catalog,True,0.1,0,"Amazing service, have had a premium membership for YEARS and never had a problem, but you just made my ONLY absolute favorite song unavailable, and they're from a big artist 😭",True,catalog.missing_content,complaint,3,completed,catalog
4b1c73e2-d5fd-4f7b-9b3b-2a142f07bf5a,,,,,True,,,False,other.general,praise,,,1,other,True,0.0,0,Nice to have 👍🏻,True,other.general,praise,1,completed,other
afb8c821-da29-45e6-8b84-a28fb9704532,,,,,True,,,False,other.general,praise,,,1,other,True,0.1,0,😘😘😘😘,True,other.general,praise,1,completed,other
1e5a2873-bdb4-4097-8024-edfbb4b0f008,usability.ads,complaint,"The reviewer vows never to pay but keeps using the app and describes intrusive, loud ads as a degraded experience rather than leaving or an app-blocking failure, matching 'obnoxiously plays ads' with complaint intent and severity 3.",3,True,complaint,usability,True,usability.ads,complaint,True,True,3,usability,False,0.0,1,If an app can be antagonistic this is it! I use a couple other music apps but decided to try this one. I've concluded that I will never pay them on principle alone! Why? Because they antagonistically direct their marketing to disrupt the user experience in an attempt to bully it's consumers into buy,True,usability.ads,cancellation,4,completed,usability
24086a9c-fabf-406e-acc8-6b315cfd009f,,,,,True,,,False,other.general,complaint,,,2,other,True,0.0,0,Wrost and useless app,True,other.general,complaint,2,completed,other
39badc30-2252-4be0-801a-17cd40ad3783,,,,,True,,,False,other.general,praise,,,1,other,True,0.0,0,Love it has almost everything i could possibly want with very few and rare exceptions.,True,other.general,praise,1,completed,other
7d628317-fd29-4f37-b9bf-0b8e96fcc257,,,,,True,,,False,usability.ads,complaint,,,2,usability,True,0.1,0,Needs less adds on phone version but that's the only thing wrong with it,True,usability.ads,complaint,2,completed,usability
0697c270-10c4-4221-8db7-67bcaff1407e,,,,,True,,,False,other.general,praise,,,1,other,True,0.0,0,This is a very good app for listening,True,other.general,praise,1,completed,other
fef72450-603a-43ec-8581-7a2861e6374e,,,,,True,,,False,other.general,praise,,,1,other,True,0.3,0,Totally enjoy this app?,True,other.general,praise,1,completed,other
563ebf30-d6e1-49f5-b4b7-a96be233f915,catalog.other,request,The review requests added catalog features—'watch music videos' and 'view band or artist background stories'—making catalog.other more specific than other.general.,1,False,request,catalog,True,catalog.other,request,True,True,1,catalog,True,0.1,0,Great Service. Only thing that would make it better is if you could also watch music videos if you wanted and view band or artist background stories.,False,other.general,request,1,completed,other
cea9fba8-9b84-4c97-a4ac-e9bf8b8187a9,,,,,True,,,False,other.general,praise,,,1,other,True,0.1,0,"All of the albums I sold to buy motorbikes. All of the music my first wife claimed from our collection. All of the bands I've seen since Queen in 74. Find a tiny loose thread of a past life, an experience, an emotion, and gently pull it to reclaim all of those memories. I'll be doing this in years t",True,other.general,praise,1,completed,other
28150e81-0e7b-476f-9e9b-f9053c59cac9,,,,,True,,,False,other.general,complaint,,,2,other,True,0.0,0,It seems Spotify getting poor day by day,True,other.general,complaint,2,completed,other
4e92a309-dc33-4836-8ef2-3316f0d12b0a,,,,,True,,,False,other.general,unclear,,,1,other,True,0.0,0,Dwope,True,other.general,unclear,1,completed,other
382ffd9f-5cfd-40cb-8f49-6f1b0148874f,,,,,True,,,False,other.general,cancellation,,,2,other,True,0.0,0,This app is getting worse day by day M Going to uninstall this,True,other.general,cancellation,2,completed,other
2876726d-396a-4f91-b704-9d245515f26e,billing.premium_only_controls,complaint,"The review complains about needing to pay ('invest money') just to get 'uninterrupted music,' indicating the ad-free listening is locked behind a paid plan.",3,False,complaint,billing,True,usability.ads,complaint,True,False,3,usability,True,0.0,0,Worst worst nd the most worst app ever. Why i should invest money in those useless app just to listen uninterrupted music😠,False,billing.premium_only_controls,complaint,3,completed,billing
25b35b89-c6a1-4471-9a02-135d9e765a43,,,,,True,,,False,usability.layout_redesign,complaint,,,2,usability,True,0.6,0,"I love Spotify and have been using it for a long time. But with the recent videos on Spotify thing, the home screen seems too focused on promoting that instead of giving me the old recommended playlists/ radios. Also scrolling through them one by one takes me out of the app experience. I don't know ",True,usability.layout_redesign,complaint,2,completed,usability
8c3bc83a-c35c-4bbf-99d8-33c4fd224f33,,,,,True,,,False,other.general,praise,,,1,other,True,0.1,0,"Nice UI and very easy to navigate, large selection of music, Worth it.",True,other.general,praise,1,completed,other
ffb3677f-78ba-4ee4-bc08-02c035a59d91,billing.premium_only_controls,complaint,"The review explicitly lists free-tier restrictions ('too many ads, limited skips, randomized songs') which fall under premium-only controls rather than general ad complaints.",3,False,complaint,billing,True,billing.premium_only_controls,complaint,True,True,3,billing,True,0.6,1,"im going to speak as a premium user first, its a great music app, premium user for 3+ years, premium is not extremely cheap and has increased in a few years but its still manageable, better than youtube music for sure, most songs are here, sometimes even ones without rights which its another problem",False,usability.ads,complaint,2,completed,usability
f14622a0-89c8-4654-a1a2-b8fe3ef9a6f4,playback.audio_quality,praise,"The review cites 'Great Sound' as the first specific praised feature, mapping to playback.audio_quality rather than generic praise.",1,False,praise,playback,True,playback.audio_quality,praise,True,True,1,playback,True,0.0,0,Great Sound ! Huge Library !,False,other.general,praise,1,completed,other
ded1a632-cd42-469f-8fa3-e2dd7793b155,,,,,True,,,False,catalog.missing_content,complaint,,,3,catalog,True,0.5,1,Simply love it. I can't find all the songs I love. And some podcasts.,True,catalog.missing_content,complaint,2,completed,catalog
3e0db991-de17-4572-9890-a73db1f93189,,,,,True,,,False,billing.premium_only_controls,cancellation,,,3,billing,True,0.1,0,"Okay, so ever since the new update this app has been trash. I can't even switch to the song I want to! Cuz of this ""premium"" bs I can't even listen to good songs anymore I want the old Spotify back. Try to fix this or I might even delete this app.",True,billing.premium_only_controls,cancellation,3,completed,billing
3ae31971-16e5-4ef2-ab5b-a925dcfa52d9,,,,,True,,,False,other.general,praise,,,1,other,True,0.1,0,I Love Music andThis App Very Special to me,True,other.general,praise,1,completed,other
5d057c74-1c4c-4aaa-8389-1430fadef764,,,,,True,,,False,usability.ads,complaint,,,2,usability,True,0.2,0,Premium is great. . Free you might as well use youtube and honestly YouTube has less ads!!!!,True,usability.ads,complaint,2,completed,usability
0ec512f1-0336-42fd-b5bc-57f108308a88,,,,,True,,,False,access.app_wont_open,complaint,,,3,access,True,0.1,0,kenapa punya gue ga bisa di update,True,access.app_wont_open,complaint,3,completed,access
a4dba124-a510-4cce-902c-dd19d4767d1c,,,,,True,,,False,usability.ads,complaint,,,2,usability,True,0.0,0,Great app with a wide range of music and different artist across the world. Only thing is if you don't have premium you have to deal with the adds,True,usability.ads,complaint,2,completed,usability
06e22ca5-b26a-48ba-a3c5-fe29271fc9cb,,,,,True,,,False,other.general,praise,,,1,other,True,0.0,0,Vari Nice Songs App I loved it please try this app,True,other.general,praise,1,completed,other
65bcede8-eb1a-4020-9466-0db61cb5733e,,,,,True,,,False,other.general,unclear,,,1,other,True,0.0,0,Delain experience,True,other.general,unclear,1,completed,other
6e9e2727-fd31-4479-a163-97bcafa56fa5,,,,,True,,,False,playback.stops_skips,complaint,,,3,playback,True,0.0,1,Great app until recently. Whatever playlist I put on plays one song from the playlist then goes to something completely different. I then go back into the playlist to go to the next song and after that it switches again. It dies it every time,True,playback.stops_skips,complaint,4,completed,playback
cc46c895-290d-4aa7-b17b-86923ef47ff1,other.general,praise,"The review is brief generic praise ('good app') without a specific feature complaint, so it falls under general praise rather than a specific catalog topic.",1,False,praise,other,True,other.general,praise,True,True,1,other,True,0.2,0,good app latest & Old song,False,catalog.search_discovery,praise,1,completed,catalog
0e26db4a-14ff-450b-9fe0-9630d725d9bb,playback.crashes_freezes,complaint,"The review mentions occasional errors ('SUKA ERROR JUGA KADANG KADANG') alongside praise, making it mixed praise and criticism which counts as a complaint per the intent rules, with minor severity since the app remains usable.",2,True,complaint,playback,True,playback.crashes_freezes,complaint,True,True,2,playback,False,0.2,0,"MAHALLLLLL, SUKA ERROR JUGA KADANG KADANG. TAPI TETAP BE MY FAVOURITE!!!!!! SEMANGAT BUAT DEV NYA :)",True,playback.crashes_freezes,praise,2,completed,playback
383ae370-7b6a-43d9-bf01-1f715a55e2f7,other.general,complaint,"The text 'Hate this app never download' is generic criticism with no specific reported defect, matching other.general at severity 2.",2,False,complaint,other,True,access.app_wont_open,cancellation,False,False,3,access,False,0.0,1,Hate this app never download,False,other.general,complaint,2,completed,other
731d6d60-6684-4dd8-a2d0-1b68115bd5aa,,,,,True,,,False,other.general,praise,,,1,other,True,0.1,0,Simply the best to ever do it,True,other.general,praise,1,completed,other
8a22842c-21bc-4a19-ac4c-c279f99ed9ca,,,,,True,,,False,billing.premium_only_controls,complaint,,,3,billing,True,0.0,0,"This app has been finding a way to irritate people.. like features like shuffling nd listening to ur playlists has now become the part of subscription.. as if ads weren't enough enough, now they are doing this.. i think i are forgetting a thing about Asians the more you irritate them the more they d",True,billing.premium_only_controls,complaint,3,completed,billing
b7945c7b-d9c4-449f-b52e-1ca1b9ba0464,,,,,True,,,False,usability.ads,complaint,,,2,usability,True,0.0,0,Sa una lang masaya sa huli May mga ads na,True,usability.ads,complaint,2,completed,usability
23ed50b5-4d63-46f8-ae9d-46e483c35d1c,,,,,True,,,False,other.general,praise,,,1,other,True,0.2,0,Rich experience.,True,other.general,praise,1,completed,other
471a8f3d-5b7e-4d43-bc4f-12340cd035fa,,,,,False,,,False,downloads.other,request,,,1,downloads,True,0.2,0,Why can't I download individual songs for offline listening?!?!?!,True,downloads.offline_mode,request,1,completed,downloads
94a83151-9035-43af-8290-17d5e1149c6c,other.general,praise,"The review gives broad general praise ('The best... all just only in once app. Awesome!!!') without singling out a specific catalog feature, so it falls under general praise.",1,False,praise,other,True,catalog.other,praise,True,False,1,catalog,True,0.1,0,"The best audio system, category, genre, artist, band, era & music all just only in once app. Awesome!!! 👍",False,other.general,praise,1,completed,other
9052547e-7a3e-4888-a4ca-6a95276d7ba6,usability.library_queue,complaint,"The review complains that 'the song doesn't play in the queue' and can't play a favorite part, indicating a degraded queue/playback control rather than a premium paywall or random auto-skip, so usability.library_queue with severity 3 fits best.",3,False,complaint,no_majority,True,billing.premium_only_controls,complaint,True,False,3,billing,True,0.0,1,"His ""WAS"" the best app ever but the new update was just yuck 🤮🤮 we can't play our favourite part of the song also the song doesn't play in the queue. I request please spotify remove the new update and bring the previous update otherwise you guys will just bankrupt",False,playback.stops_skips,complaint,4,completed,playback
d71ef3d0-f7c3-4e5b-bc75-1429281e1efd,,,,,True,,,False,other.general,praise,,,1,other,True,0.0,0,Loved it. Spotify is just amazing.,True,other.general,praise,1,completed,other
869e5370-e84f-445a-9b1d-00f9489c1fba,,,,,True,,,False,billing.price,cancellation,,,2,billing,True,0.1,1,Totally worst update i am just uninstalling this app. And installing jio savan this is much better than spotify. Spotify team you also have to understand not everyone have the ability to purchase the premium.,True,billing.price,cancellation,3,completed,billing
2d54cca0-4e69-4c05-8e09-824c107a9244,other.general,complaint,"The text only gives generic criticism of 'updates' without naming any specific feature like layout, so it falls under other.general rather than inferring a redesign complaint.",2,False,complaint,other,True,usability.layout_redesign,complaint,True,False,2,usability,True,0.0,0,Many worst updates which is not required.,False,other.general,complaint,2,completed,other
72530925-6629-4012-b60e-d915bb174a16,,,,,True,,,False,usability.ads,complaint,,,2,usability,True,0.1,0,To many adds...,True,usability.ads,complaint,2,completed,usability
5e971a80-8258-4f26-8525-9aebeeef5708,,,,,True,,,False,other.general,unclear,,,1,other,True,0.0,0,My life lolll,True,other.general,unclear,1,completed,other
5907dbd3-b357-42ce-a194-3c12d743977c,,,,,True,,,False,usability.layout_redesign,complaint,,,2,usability,True,0.1,0,After the update the app has gone it's vibe which was there so bad,True,usability.layout_redesign,complaint,2,completed,usability
d37c3fc9-16ba-49ad-ac91-8a12d4429ea7,,,,,True,,,False,billing.premium_only_controls,cancellation,,,3,billing,True,0.1,1,"Not able to forward and backward playlist, demands premium for basic feature. Also limited offline downloading for premium. That's why i uninstalled app and installed jiosaavn.",True,billing.premium_only_controls,cancellation,4,completed,billing
38292647-3b8f-4822-a719-ae55d124fc75,,,,,True,,,False,other.general,cancellation,,,2,other,True,0.1,0,Just uninstalled it today. Please put a zero star as well so that i can rate 0 .,True,other.general,cancellation,2,completed,other
f0f505a9-0183-4185-93e2-221a74421554,catalog.recommendations,complaint,"The phrase 'forcing me to listen to other songs' describes unwanted autoplay/recommendation behavior with no mention of premium or paywalls, so catalog.recommendations at mild annoyance severity 2 fits best.",2,False,complaint,catalog,True,billing.premium_only_controls,complaint,True,False,3,billing,True,0.0,1,"no no, why tf u forcing me to listen to other songs its annoying😒",False,catalog.recommendations,complaint,2,completed,catalog
e8f45681-297b-42f6-989c-46029e63e276,other.general,complaint,"The nauseated/vomiting/punching emojis convey clear generic negative sentiment without any specific reported defect, matching a severity-2 generic complaint rather than meaningless unclear text.",2,True,complaint,other,True,other.general,complaint,True,True,2,other,False,0.1,1,😮‍💨🤮🤢 👊👊,True,other.general,unclear,1,completed,other
02de02b1-1f33-45ae-b8fd-1550acb5c697,,,,,True,,,False,catalog.other,complaint,,,2,catalog,True,0.2,0,Really fun and easy but SO MANY INAPPROPRIATE PODCAST they show up every where and some little kids have this so please ban or block them from this because they don't need to be making that it's very INAPPROPRIATE,True,catalog.other,complaint,2,completed,catalog
36139bdc-f2e2-499f-8cbc-db09bf840f46,,,,,True,,,False,other.general,unclear,,,1,other,True,0.0,0,Ye ek deta lik karta hai,True,other.general,unclear,1,completed,other
6ce54622-8c7d-469b-8058-034f1b29e0c3,,,,,True,,,False,playback.crashes_freezes,complaint,,,4,playback,True,0.0,0,"Everything was going great until the last update (if we ignore that ""Smart Shuffle"" exists), now the app just crashes and closes itself whenever I try to select a song.",True,playback.crashes_freezes,complaint,4,completed,playback
989ca4e8-1de8-4b4b-b713-7be5fde799c4,,,,,True,,,False,playback.crashes_freezes,complaint,,,3,playback,True,0.0,0,Completely bugged after update,True,playback.crashes_freezes,complaint,3,completed,playback
fe48d038-24b4-47f3-ba9d-8e1d1c63885f,,,,,True,,,False,playback.stops_skips,complaint,,,3,playback,True,0.3,0,Landscape mode is awesome since I use landscape on my phone most of the time. But goes back to portrait if u wanna see lyrics.. edit: having this issue where it stops playing if i turn off my phone. Also sometimes it get stuck on Now Playing page even if i click next (next song plays) but it shows s,True,playback.stops_skips,complaint,3,completed,playback
e26e803a-674a-492a-8442-adc92e370605,playback.stops_skips,complaint,"The phrase 'can't listen to it completely' describes playback stopping without any explicit mention of a premium paywall, fitting playback.stops_skips rather than billing.",3,False,complaint,playback,True,billing.premium_only_controls,complaint,True,False,3,billing,True,0.0,0,"When I find the song I want, I can't listen to it completely, and when I want to go, I can't go to the singer's page",False,playback.stops_skips,complaint,3,completed,playback
8578050f-e886-4885-8e75-f820513a64d1,,,,,True,,,False,other.general,unclear,,,1,other,True,0.1,0,Why did you burn Quran😡😡😡🤬🤬🤬,True,other.general,unclear,1,completed,other
1139f433-21fa-4f1b-afc1-de776b024537,,,,,True,,,False,other.general,praise,,,1,other,True,0.0,0,My experience has been fantastic,True,other.general,praise,1,completed,other
83f4cc0c-eabb-4808-8498-8443685a6852,,,,,True,,,False,billing.premium_only_controls,complaint,,,3,billing,True,0.1,0,Nowadays the app is forcing to upgrade to premium I cannot chose the song neither I can shuffle the song it's becoming worse day by day,True,billing.premium_only_controls,complaint,3,completed,billing
39abff78-8ede-4cdb-883a-6cc1c3cf1491,,,,,True,,,False,billing.premium_only_controls,complaint,,,3,billing,True,0.0,0,Don't not waste your time had it for three years paid and now that I don't pay I cant listen to anys song where is the loyalty,True,billing.premium_only_controls,complaint,3,completed,billing
d0429d73-3887-4092-9452-0292dc385616,,,,,False,,,False,billing.other,request,,,1,billing,True,0.0,0,Please don't force me to pay,True,billing.price,request,1,completed,billing
fb0bcc3b-ddc2-4d2a-a8b7-9ab18c99d3eb,,,,,True,,,False,other.general,praise,,,1,other,True,0.3,0,Just 🤗🤗🤗,True,other.general,praise,1,completed,other
601500ec-753e-40db-b8a6-7cb662700df9,,,,,True,,,False,usability.ads,complaint,,,2,usability,True,0.3,0,#1 app for listening to ads,True,usability.ads,complaint,2,completed,usability
706412be-4bfd-4fda-8235-745ea89b646b,,,,,True,,,False,downloads.other,complaint,,,3,downloads,True,0.1,1,It's good but bad that we need to pay for downloading. So I will rate it 2 out of 10,True,downloads.other,complaint,2,completed,downloads
e439507d-c6eb-496f-97da-4fcd0cd277f7,other.general,praise,"The phrase 'Super performance Good quality' is generic praise without naming audio or playback specifically, fitting other.general under the praise rule.",1,False,praise,other,True,playback.audio_quality,praise,True,False,1,playback,True,0.1,0,Super performance Good quality,False,other.general,praise,1,completed,other
67ea44a5-750d-46b1-b479-5d135cc3de81,,,,,True,,,False,catalog.recommendations,praise,,,1,catalog,True,0.1,0,It has been wonderful to pick a category of music and I get this wonderful mix that suits me.,True,catalog.recommendations,praise,1,completed,catalog
9a5b6921-d8b8-4f7d-88a2-f6b38609ac27,,,,,True,,,False,other.general,praise,,,1,other,True,0.1,0,"Great thanks,",True,other.general,praise,1,completed,other
a0147b2a-3801-4982-9c4b-af49d698f01f,,,,,True,,,False,other.general,complaint,,,2,other,True,0.2,0,I would have rated it 5stars but sometimes there are some problems,True,other.general,complaint,2,completed,other
c8991869-b63b-4b64-9e95-cb1f4a36db15,,,,,True,,,False,other.general,unclear,,,1,other,True,0.7,0,❌❌❌❌❌,True,other.general,unclear,1,completed,other
89c5d521-1817-4490-bc75-07834a969573,,,,,True,,,False,catalog.missing_content,complaint,,,3,catalog,True,0.2,0,Every thing is good but after they removed all songs by Zee it's getting worse. Without Zee songs my playlist is destroyed.,True,catalog.missing_content,complaint,3,completed,catalog
f82fcdf3-01b2-445a-8ef4-686fbe378f92,other.general,praise,"The review is vague general praise ('good for listen songs their are all songs') with no specific complaint, so other.general fits better than catalog.missing_content which implies a problem.",1,False,praise,other,True,catalog.missing_content,praise,True,False,1,catalog,True,0.1,0,This app is good for listen songs their are all songs,False,other.general,praise,1,completed,other
a7e5cd17-5c06-4943-94d7-8f96d08ee1e5,,,,,True,,,False,usability.layout_redesign,cancellation,,,2,usability,True,0.1,0,The recent upgrade ruined it totally uninstalling it rn,True,usability.layout_redesign,cancellation,2,completed,usability
a04e76af-0fa6-4aab-990c-6340d894224e,billing.premium_only_controls,complaint,"The reviewer notes a restriction on downloading albums even with Premium, which is a mixed praise/criticism about a premium-tier limitation, not a technical failure.",3,False,complaint,billing,True,downloads.fail_disappear,complaint,True,False,3,downloads,False,0.2,2,"I pay for the premium, and there really are no ads. The only restriction I found at that level was with downloading actual albums - you can only download so many. Otherwise everything is great.",False,billing.premium_only_controls,praise,1,completed,billing
29a48dd2-ff99-478f-be47-f65943c5b71f,,,,,False,,,False,usability.controls_navigation,complaint,,,2,usability,True,0.1,0,"Why do I have have the ""bross the Spotify"" widget home page, I want need to bross new stuff, WE ALREADY ARE PREMIUM SO WHAT ELSE DO YOU WANT",True,usability.layout_redesign,complaint,2,completed,usability
a74de25e-f680-48e0-8799-c9e2f087e13f,,,,,True,,,False,billing.premium_only_controls,complaint,,,3,billing,True,0.0,0,use less app decide which song I should hear it doesn't let u which you Wana listen to,True,billing.premium_only_controls,complaint,3,completed,billing
dbbb7dbe-5a17-41b3-9438-0eb302c64a66,other.general,unclear,"The phrase 'Use yt music !!' is a bare suggestion to switch apps without any stated complaint about Spotify, fitting the unclear/boycott-slogan rule.",1,True,unclear,other,True,other.general,request,False,True,1,other,False,0.5,0,Use yt music !!,True,other.general,unclear,1,completed,other
18ae94f3-3eeb-4ef5-8ffb-dc4662b1ccfb,,,,,True,,,False,playback.audio_quality,praise,,,1,playback,True,0.0,0,The sound quality is amazing.,True,playback.audio_quality,praise,1,completed,playback
3c23646c-fc48-413b-a71a-e2c907e69a4c,,,,,True,,,False,other.general,praise,,,1,other,True,0.1,0,Useful app,True,other.general,praise,1,completed,other
88773081-aece-4b18-b28c-5531101974fb,,,,,True,,,False,usability.ads,complaint,,,2,usability,True,0.5,1,it has a lot of the songs i like but there are some that aren't available (mostly anime openings and endings) but overall its great except the ads that play consecutively like 5 times in a row,True,usability.ads,complaint,3,completed,usability
6d6c4669-79c9-4023-8c55-bb4dd7455865,usability.controls_navigation,complaint,"The review's first and clearest complaint is that the song cannot be moved forward or backward ('gaana aage peeche ho paave'), a core navigation control failure, with lyrics issue as a secondary complaint, and no explicit mention of premium restrictions.",3,False,complaint,no_majority,True,billing.premium_only_controls,complaint,True,False,3,billing,True,0.0,1,"Bhai no to gaana aage peeche ho paave, no to lyrics dikhe, bhai tu nu kr ya app e bnd krde 😡😡",False,catalog.lyrics,complaint,2,completed,catalog
b3d2b1ae-b02b-4afa-aac1-1e1ebdfda433,,,,,True,,,False,usability.ads,complaint,,,3,usability,True,0.1,0,Thus app is for songs or for ads? Creepy app for listening 1 song firstly we have to go through 30 sec ads then for next song we have again the same 30 sec ads Kindly change spotify name to adify...,True,usability.ads,complaint,3,completed,usability
cdc9cb45-55a8-428a-9745-b107a8bc7a1e,,,,,True,,,False,billing.premium_only_controls,complaint,,,3,billing,True,0.1,0,"What's the point of me listening to the song I want if I can't even listen to the song I want? What's the point? I'm here listening to music that I really don't like, it's frustrating...",True,billing.premium_only_controls,complaint,3,completed,billing
48a84e45-49e5-4181-b779-1bc94930186f,,,,,True,,,False,billing.premium_only_controls,complaint,,,3,billing,True,0.1,0,Now we gotta pay to play back and pick up our favourite part of song. Nice.,True,billing.premium_only_controls,complaint,3,completed,billing
f91c1920-1f59-4ec8-87e4-8a780f174869,,,,,True,,,False,billing.premium_only_controls,complaint,,,3,billing,True,0.1,1,Very bad experience in uae without premium around 99% features are disabled 🤬🤬,True,billing.premium_only_controls,complaint,4,completed,billing
34cd88c7-3d84-475a-a034-02bf2994a967,,,,,True,,,False,usability.layout_redesign,complaint,,,2,usability,True,0.1,0,The recent update isnt cool at all. Y'all please fix it back,True,usability.layout_redesign,complaint,2,completed,usability
dddca38d-15ee-4681-ac79-4b234cb76485,other.general,complaint,"The reviewer vaguely complains that Spotify ""removed the most essential features"" without specifying which ones, so no specific defect (like ads or premium controls) can be inferred, making this a generic complaint rather than a supported functional loss.",2,False,complaint,no_majority,True,billing.premium_only_controls,complaint,True,False,3,billing,True,0.0,1,"I have been using Spotify for more than 3 years now and i have to say this ""was"" the best music platform until the recent update. Showing ads was still okay but Spotify went too far and removed the most essential features a music platform needs, Spotify if you care about your users and if you want t",False,usability.ads,complaint,4,completed,usability
cb509a05-e3cc-41b2-89d1-67cf007601ea,,,,,False,,,False,playback.stops_skips,complaint,,,3,playback,True,0.7,1,It's all good but when I press on a video it goes to another song but everything else is wonderful.,True,playback.crashes_freezes,complaint,2,completed,playback
69f052d4-e06a-4ca6-8422-55ed74571d5d,other.general,praise,"The review 'So much music!' is general positive praise about catalog size rather than a specific feature, so it falls under other.general per the rule that general praise defaults to other.",1,False,praise,other,True,other.general,praise,True,True,1,other,True,0.0,0,So much music!,False,catalog.missing_content,praise,1,completed,catalog
b3897f9f-2509-4716-9c10-a35a307accc1,other.general,praise,"The single word 'favourite' conveys clear positive sentiment about the app with no complaint, supporting a praise classification at severity 1.",1,True,praise,other,True,other.general,unclear,False,True,1,other,False,0.5,0,favourite,True,other.general,praise,1,completed,other
1f6f8b16-fee9-4407-84f9-291d2a31c9bb,,,,,True,,,False,other.general,praise,,,1,other,True,0.1,0,Love music? You will love spotify,True,other.general,praise,1,completed,other
fe334ed3-d525-441a-bded-b6cb5ce59466,,,,,True,,,False,other.general,praise,,,1,other,True,0.2,0,Been using it for years. Never had any problems. Pretty good library.,True,other.general,praise,1,completed,other
4049cbcd-a767-4663-a297-26fc306fd5b8,,,,,True,,,False,other.general,praise,,,1,other,True,0.0,0,Worth the price,True,other.general,praise,1,completed,other
98375e2f-5ba1-4b60-a665-ef881fcc830d,,,,,True,,,False,playback.audio_quality,complaint,,,3,playback,True,0.0,1,Sound quality on audiophiles collection are poor compared with the ones in you tube,True,playback.audio_quality,complaint,2,completed,playback
e7121cb7-bf7c-4585-88bc-7fc999b8ccae,,,,,True,,,False,catalog.missing_content,complaint,,,3,catalog,True,0.0,0,You deleted songs based on corrupted political situations,True,catalog.missing_content,complaint,3,completed,catalog
bcc179e2-b346-4bf9-89bf-99fda6c95b42,,,,,True,,,False,billing.premium_only_controls,cancellation,,,3,billing,True,0.0,1,"It's was really better, but currently it is forcing for premium by not playing repeated songs and many other restrictions. That's why I have switched to another app for my day to day music.",True,billing.premium_only_controls,cancellation,4,completed,billing
646de2d9-bf0e-4fac-a3db-b13f936d3460,,,,,True,,,False,other.general,praise,,,1,other,True,0.0,0,I like Spotify better than YouTube because YouTube they keep pausing your music and I would rather listen to music while I'm at work so to me Spotify is a better a better app thank you,True,other.general,praise,1,completed,other
c5109ddd-84b5-494e-90cc-97e2bc647345,,,,,True,,,False,usability.ads,complaint,,,2,usability,True,0.1,0,I got like 5 ads in a row. Also the ceo funds surveillance technology,True,usability.ads,complaint,2,completed,usability
db2d9a2d-9c6f-4bd9-b209-2b25328edf1d,usability.controls_navigation,praise,The phrase 'easy to use' specifically praises the app's usability/navigation rather than being purely generic praise.,1,False,praise,usability,True,usability.controls_navigation,praise,True,True,1,usability,True,0.1,0,Easy to use and enjoy,False,other.general,praise,1,completed,other
7c6f9fc7-e6b9-47e0-8ae7-b6cae6347ae5,,,,,True,,,False,other.general,praise,,,1,other,True,0.0,0,Most easy app you listen songs.,True,other.general,praise,1,completed,other
630e97e9-3873-4699-ba89-7528c76c6f6d,,,,,True,,,False,other.general,praise,,,1,other,True,0.2,0,Ily.,True,other.general,praise,1,completed,other
09caf37d-fdbf-42eb-bff0-dc1866c1f0ca,,,,,True,,,False,usability.ads,complaint,,,3,usability,True,0.1,0,No songs only advertisement,True,usability.ads,complaint,3,completed,usability
2e5fe96b-c7b7-4d97-83d0-806025a374bf,,,,,True,,,False,other.general,praise,,,1,other,True,0.0,0,Many song and so good app,True,other.general,praise,1,completed,other
f4259bb8-5e2e-455b-847e-e751877edf18,,,,,True,,,False,other.general,unclear,,,1,other,True,0.0,0,Rajeshyadav,True,other.general,unclear,1,completed,other
17981e55-9039-4095-9183-2184955ff7d2,,,,,True,,,False,other.general,unclear,,,1,other,True,0.2,0,Down with 🇸🇪,True,other.general,unclear,1,completed,other
311a58fe-b1d6-432f-9334-a7b175260a47,,,,,True,,,False,billing.premium_only_controls,complaint,,,3,billing,True,0.2,0,Needs premium fir basic features,True,billing.premium_only_controls,complaint,3,completed,billing
7f6c3920-9303-4e46-a2ba-225c196cdb45,catalog.recommendations,complaint,"The review states suggestions are 'lacking' and only reflect recent listens rather than liked/downloaded songs, which is a negative complaint about the recommendation algorithm, not merely a request.",2,True,complaint,catalog,True,catalog.recommendations,complaint,True,True,2,catalog,False,0.0,0,"Suggestions are lacking. It only suggests things that are similar to what I've recently listened to, not what I've actually liked or downloaded. Make an adjustable sleep timer. The sleep timer options are pitiful.",True,catalog.recommendations,request,2,completed,catalog
78fd1b80-34ec-47be-812d-d553123d5cab,,,,,True,,,False,other.general,praise,,,1,other,True,0.1,0,Gorgeous music app,True,other.general,praise,1,completed,other
350ef85d-b8c4-4447-9852-95c925dbd8db,,,,,True,,,False,usability.controls_navigation,complaint,,,3,usability,True,0.0,1,"Why, in an app that lets you customize your playlist and craft your experience so that one song artfully leads into the next, would said app insist on defaulting and reverting to shuffle play?",True,usability.controls_navigation,complaint,2,completed,usability
9674a0b4-0450-41e9-ba58-be501953a306,,,,,True,,,False,other.general,praise,,,1,other,True,0.0,0,Wouldn't be without it,True,other.general,praise,1,completed,other
84d6deff-2209-4c8f-bcf0-2293ccf43f07,,,,,True,,,False,other.general,praise,,,1,other,True,0.2,0,it's good atm,True,other.general,praise,1,completed,other
4d8e6a3e-bc6b-43cd-800e-3429402c7a94,,,,,True,,,False,other.general,praise,,,1,other,True,0.2,0,Good app shoud get,True,other.general,praise,1,completed,other
6639014b-4114-476b-baf3-4249fb3a10c1,access.signup_email,complaint,"The review describes an inability to link/import an Amazon Music library during sign-up, which blocks subscribing, matching the 'linking accounts' aspect of access.signup_email rather than a catalog content issue.",3,False,complaint,access,True,catalog.other,complaint,True,False,3,catalog,True,0.3,0,Can't import music from Amazon Music so I can't subscribe.,False,access.signup_email,complaint,3,completed,access
2c65219e-6cbe-41fe-918b-dd5ce1932bac,,,,,True,,,False,other.general,praise,,,1,other,True,0.0,0,Truly exceptional.,True,other.general,praise,1,completed,other
24bc542b-23fc-4c91-ac97-9993fd58364f,catalog.lyrics,complaint,"The review reports a functional defect—'some of the music doesn't have lyrics'—which is a degraded catalog function, making it a complaint rated 3 rather than a pure feature request.",3,True,complaint,catalog,True,catalog.lyrics,complaint,True,True,3,catalog,False,0.2,1,Where is the lyrics some of the music doesn't have lyrics fix it please thanks,True,catalog.lyrics,request,2,completed,catalog
4b36e385-5a67-41da-83b0-ebd2153f5bd6,,,,,True,,,False,other.general,praise,,,1,other,True,0.05,0,10/10 this app is awesome,True,other.general,praise,1,completed,other
d6211694-594d-4339-80f1-6be0f2d11901,,,,,True,,,False,other.general,praise,,,1,other,True,0.1,0,Great app i have no complaints,True,other.general,praise,1,completed,other
0a78a0c3-e042-43e7-b8de-a9669048f687,,,,,True,,,False,other.general,praise,,,1,other,True,0.1,0,Always love playing what I want when I want. Still learning how to use it.,True,other.general,praise,1,completed,other
49076e2f-d91d-4847-b46e-67ed52d3899c,,,,,False,,,False,downloads.fail_disappear,complaint,,,3,downloads,True,0.1,0,Offline loads too damn slow make me wanna blow my brains out,True,downloads.offline_mode,complaint,3,completed,downloads
4b3ab887-4387-4541-9332-02b1738f8d38,,,,,True,,,False,usability.ads,complaint,,,2,usability,True,0.1,0,Lot's of intruption without subscriptions,True,usability.ads,complaint,2,completed,usability
75d2710c-00af-4e26-9e1c-59de6f6b4ecf,playback.connection,praise,"The review specifically praises 'conection everywhere', naming connectivity as the praised feature rather than generic praise.",1,False,praise,playback,True,playback.connection,praise,True,True,1,playback,True,0.0,0,i like conection everywhere TANK;s,False,other.general,praise,1,completed,other
77a02591-28e5-4345-b4e7-70a9a2ffe442,,,,,True,,,False,billing.premium_only_controls,complaint,,,3,billing,True,0.0,0,It's a great app for music and the like. But the skipping only 6 times every hour is really not needed. Allow us 6 to skip and 6 to reverse in case we wanna hear the same song a few times.,True,billing.premium_only_controls,complaint,3,completed,billing
2a03b272-d636-4df9-b972-753f59b8ff5a,,,,,True,,,False,usability.ads,complaint,,,2,usability,True,0.1,0,Not for free ads annoying,True,usability.ads,complaint,2,completed,usability
e2387f91-a7a3-4b54-8c32-945ff7d8edf1,,,,,True,,,False,other.general,complaint,,,2,other,True,0.3,0,Muito chato,True,other.general,complaint,2,completed,other
10724178-8f55-4190-9f96-aa382cd94dfe,other.general,complaint,"The phrase 'money minded company' is generic criticism without a specific price or billing detail, so it falls under other.general rather than billing.price.",2,False,complaint,other,True,billing.price,complaint,True,False,2,billing,True,0.1,0,Money minded company,False,other.general,complaint,2,completed,other
ae47a6cd-2a03-4f8c-ac53-e1b6f9c6a128,,,,,True,,,False,other.general,unclear,,,1,other,True,0.0,0,gusto ko tequila,True,other.general,unclear,1,completed,other
30697eb0-9d25-4814-a2e0-445b5beb2fa9,,,,,True,,,False,other.general,unclear,,,1,other,True,0.0,0,POST.,True,other.general,unclear,1,completed,other
a0078a00-211b-475d-9310-d42c676ce369,,,,,False,,,False,access.signup_email,complaint,,,4,access,True,0.05,0,Once upon a time I loved to listen music from it but after latest update I can't login or singup with my Mobile number and my all playlists had deleted.... Worse experience ever!!!🥺,True,access.login,complaint,4,completed,access
223e9dac-2c7f-46d0-b5ba-f1e52368b553,,,,,True,,,False,other.general,complaint,,,2,other,True,0.1,0,Very baddddddddd,True,other.general,complaint,2,completed,other
0fbdcb76-93be-4afb-9543-73d90ef4ff64,usability.library_queue,complaint,"The first specific problem mentioned is that 'recent play is not visible' even after repeated deletion attempts, which is a library/history management issue taking precedence over the later-mentioned lyrics complaint.",3,False,complaint,usability,True,usability.library_queue,complaint,True,True,3,usability,True,0.05,0,This app is glitching or wot- idk but my recent play is not visible I mean it's not there anymore and I even tried deleting it many times but still. And I can't even see the lyrics of the song as well. It's not the same app anymore,False,catalog.lyrics,complaint,3,completed,catalog
2112acef-2b70-4a9a-bdb5-74cf5b5903f3,,,,,True,,,False,playback.crashes_freezes,complaint,,,4,playback,True,0.05,0,Unusable. keeps crashing. disaster of an app,True,playback.crashes_freezes,complaint,4,completed,playback
5cd295a9-0d9e-4fe5-9192-daf34a495906,,,,,True,,,False,billing.premium_only_controls,complaint,,,3,billing,True,0.1,1,Absolutely dog water. Keeps adding garbage to my playlist and won't let me pick my songs I ADDED on playlist. App dookie.,True,billing.premium_only_controls,complaint,4,completed,billing
45a3f75e-6afb-4e90-b611-76fcf53b3a18,,,,,True,,,False,other.general,praise,,,1,other,True,0.1,0,The best music app in the world ( my opinion),True,other.general,praise,1,completed,other
3cb2458b-f72a-45d2-9ede-fa33873e161d,,,,,True,,,False,other.general,praise,,,1,other,True,0.2,0,Best collectin,True,other.general,praise,1,completed,other
8de8c65f-4500-4c6c-869a-d9f1662a52c9,,,,,True,,,False,usability.ads,complaint,,,2,usability,True,0.1,1,Very poor performance. Ads every 2 songs and the app is very buggy,True,usability.ads,complaint,3,completed,usability
b70fd076-cbcb-4fc1-96d3-95d86ba88285,,,,,True,,,False,catalog.missing_content,complaint,,,3,catalog,True,0.1,0,I love Spotify!! My whole lil family is stuck on it !! My ONLY complaint is that they removed 'Never Knew' by JellyRoll and Adele !,True,catalog.missing_content,complaint,3,completed,catalog
40421fc0-b7a7-42e2-bc7f-addd8edaaf13,,,,,True,,,False,other.general,praise,,,1,other,True,0.0,0,This app was were great app it working so great app the songs was were beautiful and supper 👍 it is a great app thank you for given this app ❤️‍🩹,True,other.general,praise,1,completed,other
fcb82fb7-91ac-4ad6-b13e-cc6b1233a088,other.general,complaint,"The review only states the app is 'getting worse and worse' with each update, without naming any specific defect like layout or redesign, so it falls under generic criticism (other.general).",2,False,complaint,other,True,usability.layout_redesign,complaint,True,False,2,usability,True,0.1,0,With each update it's getting worse and worse !!,False,other.general,complaint,2,completed,other
577f1bfa-2843-4194-9989-98daf3a579fc,,,,,True,,,False,other.general,praise,,,1,other,True,0.1,0,Good at anytime,True,other.general,praise,1,completed,other
35936244-7966-4d9c-9f32-8edaf526f9ec,,,,,True,,,False,other.general,unclear,,,1,other,True,0.0,0,Y not,True,other.general,unclear,1,completed,other
176d6db4-6874-4c65-86b6-73a48e496fc6,,,,,True,,,False,other.general,unclear,,,1,other,True,0.0,0,I have used before i got experience,True,other.general,unclear,1,completed,other
974fe267-b613-43b0-84a7-6d0e2f3c6308,,,,,True,,,False,access.app_wont_open,cancellation,,,2,access,True,0.1,1,App keeps opening when I restart my phone. Not cool. No setting seems to address this issue and there was nothing in the support section. I don't care enough to log in and email for help so Uninstalling is all I am left with. Oh well.,True,access.app_wont_open,cancellation,3,completed,access
ae07ba1f-8f6c-4872-b5d3-da37368e35a3,,,,,True,,,False,billing.premium_only_controls,complaint,,,3,billing,True,0.3,0,Is nice yeah but skips only option for premium users tf is 6 skips per hour,True,billing.premium_only_controls,complaint,3,completed,billing
97074c8d-dacd-4bbb-9b07-d2190584fdd9,,,,,True,,,False,billing.price,request,,,1,billing,True,0.0,0,Should be free,True,billing.price,request,1,completed,billing
8144506d-8f5e-492f-bd7e-3bb4f5a43944,,,,,True,,,False,other.general,praise,,,1,other,True,0.1,0,Just have to say it's a nice experiance ... And i loved it,True,other.general,praise,1,completed,other
11e7f5ac-8dd1-46c8-8dcd-b7ce408fbb2e,other.general,complaint,"The text 'Dont instal this is swedan app' expresses generic negative sentiment without describing any actual installation failure or specific defect, so it falls under general criticism rather than access.app_wont_open.",2,False,complaint,other,True,other.general,complaint,True,True,2,other,True,0.3,2,Dont instal this is swedan app,False,access.app_wont_open,complaint,4,completed,access
6fce96c1-4ad8-42b3-a85b-6f478ff7880b,,,,,True,,,False,playback.crashes_freezes,complaint,,,3,playback,True,0.5,0,App is ok but recently been having to reset device or reinstall. Playlists are quite narrow,True,playback.crashes_freezes,complaint,3,completed,playback
85aa0a2d-e0c6-4033-a4f3-83874bb8ba93,,,,,True,,,False,playback.audio_quality,praise,,,1,playback,True,0.0,0,Good Very good to use and having very good volume quality 👍👍👍👍,True,playback.audio_quality,praise,1,completed,playback
e5e49e21-ef2f-4cb2-937b-8cfff423de4d,,,,,False,,,False,catalog.other,complaint,,,3,catalog,True,0.1,0,When j click on a sing it gives different artists songs,True,catalog.search_discovery,complaint,3,completed,catalog
f7fa1c8a-6f8c-4c31-89c5-297766a14a9b,other.general,unclear,"The phrase 'Go to music streaming app!' is a vague slogan-like statement with no specific complaint or request, fitting the unclear intent category.",1,True,unclear,other,True,other.general,request,False,True,1,other,False,0.3,0,Go to music streaming app!,True,other.general,unclear,1,completed,other
8f95f414-3545-44f8-82cb-54ddefa6491f,,,,,False,,,False,billing.price,complaint,,,2,billing,True,0.2,0,Complete money grab,True,billing.other,complaint,2,completed,billing
75d96680-f624-4b13-aafb-a109919c942b,,,,,True,,,False,other.general,complaint,,,2,other,True,0.1,0,I hate this app because i don't like this app owner country,True,other.general,complaint,2,completed,other
77842abe-03f5-4fd6-9ef5-e1681d465574,other.general,complaint,"The review only vaguely complains about unspecified 'new limitations' causing a 'downfall,' without naming any specific usability or premium-feature restriction, so it reads as generic criticism rather than a defined defect.",2,False,complaint,no_majority,True,billing.premium_only_controls,complaint,True,False,3,billing,True,0.0,0,"This was app very good before, and was therefore popular... Now the new limitations will be the downfall of the once-best music listening app. A big L",False,usability.other,complaint,3,completed,usability
bdcde503-6df3-4d75-9128-39232753a4c5,,,,,True,,,False,other.general,praise,,,1,other,True,0.0,0,Hey man I just got a Spotify it's awesome loving it,True,other.general,praise,1,completed,other
fb04b4b1-c998-4d00-8d88-0f7be081f76d,,,,,True,,,False,playback.stops_skips,complaint,,,3,playback,True,0.3,1,Suddenly music stopped,True,playback.stops_skips,complaint,4,completed,playback
754055c8-bedd-485e-b2be-ba038140750d,,,,,True,,,False,billing.premium_only_controls,complaint,,,3,billing,True,0.2,0,Ads and if want to link a device it's only for premium users,True,billing.premium_only_controls,complaint,3,completed,billing
f5986a33-e0a0-4dd7-aaed-bb370ba94eec,,,,,True,,,False,billing.price,cancellation,,,3,billing,True,0.0,0,Worst app for anything you want to be a premium member and that too high cost better go for wynk music and jio savan,True,billing.price,cancellation,3,completed,billing
15de63f4-d58d-4557-b4c5-fc815f98ce0e,,,,,True,,,False,billing.price,complaint,,,2,billing,True,0.0,0,A company that raises its prices even though it's already making billions in profit is disgusting. EAT THE RICH! DANIEL EK AND MARTIN LORENTZON are horrible people and should be in jail,True,billing.price,complaint,2,completed,billing
56c4dd1a-6c79-43fd-b709-664647affcf9,,,,,True,,,False,playback.stops_skips,complaint,,,3,playback,True,0.1,1,Its trash . After months of listening to Spotify it starts not work and this is not the first I'm so done .it started by me listening to song then it stop and I when I played the songs on my liked list it only played like 5 second of the song maybe it's me pls tell me what's wrong,True,playback.stops_skips,complaint,4,completed,playback
2ce5b8ff-2b32-4811-8465-7f0ddf4741cf,other.general,complaint,"The word 'Lalchi' (greedy) conveys a generic negative criticism of the app without specifying a concrete defect, fitting complaint severity 2.",2,True,complaint,other,True,other.general,complaint,True,True,2,other,False,0.0,1,Lalchi app,True,other.general,unclear,1,completed,other
db2da6dc-0a6d-46a7-bdf4-5eac1591ddac,,,,,True,,,False,billing.premium_only_controls,complaint,,,3,billing,True,0.1,0,Worst app ever. Do not download l. Begging for money with the premium feature. Want to play the songs in order? Pay money. Want to skip to a specific part of the song? Pay money. Absolute trash.,True,billing.premium_only_controls,complaint,3,completed,billing
e3ddcd21-091f-49bd-8bac-a4522434f9e7,other.general,praise,"The phrase 'extra ordinary thing' expresses positive sentiment with no complaint, supporting praise and severity 1.",1,True,praise,other,True,other.general,complaint,False,True,2,other,False,1.1,1,For Me It Just An Extra Ordinary Thing.,True,other.general,praise,1,completed,other
bfe647e9-2a03-463e-9ae9-9fb83f25765b,,,,,True,,,False,other.general,praise,,,1,other,True,0.0,0,Very super experience,True,other.general,praise,1,completed,other
dd046e5f-b71b-4e1d-a755-416b1b707d36,,,,,True,,,False,usability.ads,complaint,,,2,usability,True,0.0,0,Worse app ever installed no good for free user for hearing music constant advertisements,True,usability.ads,complaint,2,completed,usability
b8488043-ed2c-4c00-99ef-0ec21c9c3d99,,,,,False,,,False,downloads.offline_mode,complaint,,,4,downloads,True,0.0,0,me vuelve a descargar playlists o parte de las playlist que ya tengo descargadas A CADA RATO y no puedo escuchar mi musica YA DESCARGADA porque sentiene que VOLVER A DESCARGAR cuando NO TENGO CONEXION. S20FE,True,downloads.fail_disappear,complaint,4,completed,downloads
967be8dd-c61d-47af-8f94-e3d58e99499c,,,,,True,,,False,other.general,praise,,,1,other,True,0.2,0,It provides me with any and everything I need on the daily!,True,other.general,praise,1,completed,other
fef2f2bd-3b91-48ed-bcd1-f9a9603a25b2,,,,,True,,,False,other.general,praise,,,1,other,True,0.1,0,Only the best,True,other.general,praise,1,completed,other
c7794748-eaa9-4788-9c4c-bf8764360a12,,,,,True,,,False,other.general,praise,,,1,other,True,0.1,0,hi this is very very good app,True,other.general,praise,1,completed,other
eb94e73a-12af-4e54-9c94-bbfd05f983cf,,,,,True,,,False,usability.controls_navigation,request,,,2,usability,True,0.1,0,Where can I find the Enhance button..... why did Spotify take it out I miss the feature... huhuhu,True,usability.controls_navigation,request,2,completed,usability
b0276dd5-b362-4362-9909-7d252ea668ae,,,,,False,,,False,playback.stops_skips,complaint,,,3,playback,True,0.0,1,"What is going on with all the bugs? Spotiy has always been wonderful until the last few months. Bugs, skips, doesn't pop up what im currently listening to, so I can't pause or stop the music without having to close the app. I'm really hoping this gets fixed and I dont have to cancel my subscription ",True,playback.crashes_freezes,complaint,4,completed,playback
e9b5efa0-19df-45b2-8b11-156f21d3f8d5,usability.ads,complaint,"The review criticizes the content/message of a Spotify advertisement ('the advertisement where a poor mother is bargaining...'), which falls under usability.ads' coverage of ad content, with no functional loss reported (severity 2).",2,False,complaint,usability,True,usability.ads,complaint,True,True,2,usability,True,0.1,0,Posted a comment here but it was deleted?? Posting the same again. This refers to the advertisement where a poor mother is bargaining for the vegetable prices and the son aloof from all this keeps on listening to your music. You are trying to make our youths look cool if they listen to your music. T,False,other.general,complaint,2,completed,other
83298daa-4b68-4f3c-a9ca-3b0a5e9b1877,,,,,False,,,False,billing.other,complaint,,,2,billing,True,0.1,1,"Worst and worst they are only aiming for their subscription , they are just makes us to go on premium",True,billing.premium_only_controls,complaint,3,completed,billing
58305186-5438-4dea-a815-cd1f5ae36c2e,other.general,praise,"The review is general praise about enjoying music in a new car with no specific app feature like car integration or Bluetooth being described, matching other.general.",1,False,praise,other,True,playback.devices,praise,True,False,1,playback,True,0.0,0,"Great, purchased a new car and really enjoying listening to my music, bravo I am a musician and love all types of music,my guitarist recommend you guys he was right",False,other.general,praise,1,completed,other
c9df04f3-709c-4782-b7ff-720455eea2f2,other.general,praise,"The text 'Music colette so good' is vague general praise without naming a specific feature, so other.general fits best.",1,False,praise,other,True,catalog.other,praise,True,False,1,catalog,True,0.1,0,Music colette so good😍,False,other.general,praise,1,completed,other
6b29ef28-604a-4744-8874-7eb82b1b974a,,,,,True,,,False,billing.premium_only_controls,complaint,,,4,billing,True,0.1,0,I can't listen music because don't have premium,True,billing.premium_only_controls,complaint,4,completed,billing
147f03f2-0bc2-4922-9b11-07c10bed3e93,,,,,True,,,False,catalog.missing_content,complaint,,,2,catalog,True,0.1,0,I just love the music you have but some music that I want to listen to arnt there but its ok,True,catalog.missing_content,complaint,2,completed,catalog
346776da-a486-47e3-8222-88c6f2855346,,,,,True,,,False,other.general,praise,,,1,other,True,0.1,0,Love it👍💚,True,other.general,praise,1,completed,other
c95bc836-b2d4-44b2-9dbd-282ee02371e8,,,,,True,,,False,billing.premium_only_controls,complaint,,,3,billing,True,0.0,0,I HATE how you only get 6 skips per hour. Nobody has time to wait that long until they can skip songs again,True,billing.premium_only_controls,complaint,3,completed,billing
aebbebf8-c908-462f-8bc3-a6b4d6aaec86,,,,,True,,,False,billing.premium_only_controls,complaint,,,3,billing,True,0.0,1,"Very bad ,i can't choose to listen my Favourite song without thaking the Premium subscription,i wise that Developers change the system and Allow to listen my Favourite song freely",True,billing.premium_only_controls,complaint,4,completed,billing
3069e207-25db-4226-9c5d-4d326342c3e8,,,,,True,,,False,usability.ads,complaint,,,3,usability,True,0.1,0,"Overall the app is pretty nice, but the ads are way too intrusive! Sometimes they show up just as soon as I start the app after a few hours of in activity or even first time in a day. This is not normal and user-friendly. Maybe give me at least a few tracks to listen, and then play your ads, would y",True,usability.ads,complaint,3,completed,usability
043c5c63-5f1b-4334-814f-f913314b2028,,,,,True,,,False,usability.ads,complaint,,,2,usability,True,0.1,1,Literally ads after every song !!! Disgusting,True,usability.ads,complaint,3,completed,usability
03665b5d-9f13-4dbd-b688-a55f52bbee09,,,,,True,,,False,billing.premium_only_controls,complaint,,,3,billing,True,0.0,1,It's not allowing us to change song 😡🤬,True,billing.premium_only_controls,complaint,4,completed,billing
23efd4af-31c0-4987-9beb-89714f662706,other.general,complaint,"The review only states the update made it 'the worst Music app' without naming any specific defect like layout or redesign, so it is generic criticism (other.general) rather than an inferred usability issue.",2,False,complaint,other,True,other.general,complaint,True,True,2,other,True,0.0,0,Latest update made it the worst Music app,False,usability.layout_redesign,complaint,2,completed,usability
3f0649bf-cd66-4aad-835c-93ac9064314a,other.general,complaint,"The vague phrase 'not even a music player now' expresses generic dissatisfaction without naming a specific feature or defect, matching other.general with severity 2.",2,False,complaint,other,True,other.general,complaint,True,True,2,other,True,0.1,0,Its not even a music player now ..,False,usability.layout_redesign,complaint,2,completed,usability
df6f1f0f-bc52-4030-9587-b931099c54ee,other.general,complaint,"The phrase 'I hate this app' is generic criticism without a specific defect, making it a complaint rated severity 2.",2,True,complaint,other,True,other.general,complaint,True,True,2,other,False,0.2,1,I hate this app I love Quran,True,other.general,unclear,1,completed,other
d48ecf0c-78f9-44fe-8d57-d42dd49f6ca9,usability.ads,complaint,"The phrase 'please deduct advertise' alongside the negative framing 'use less app ever' expresses dissatisfaction with ad frequency rather than a neutral feature request, making it a complaint rather than a pure request.",2,True,complaint,usability,True,usability.ads,complaint,True,True,2,usability,False,0.1,0,Use less app ever please deduct advertise,True,usability.ads,request,2,completed,usability
a3c031d6-b3fe-442c-b841-736454b06164,,,,,False,,,False,usability.layout_redesign,complaint,,,2,usability,True,0.1,0,App recently updated and now has video and audio playing on the homescreen on its own. Really annoying,True,usability.controls_navigation,complaint,2,completed,usability
e66a6f93-e969-478b-94a5-5da7ff85a6f7,usability.library_queue,praise,"The first specific praised feature is 'the playlists are fire', pointing to library/queue management per the positive-review rule.",1,False,praise,usability,True,usability.library_queue,praise,True,True,1,usability,True,0.1,0,"User friendly, the playlists are fire.. and the quality.. A grade :)",False,other.general,praise,1,completed,other
5bcff1d8-2cd2-4973-bf9a-5f1ec1c712fb,,,,,True,,,False,billing.premium_only_controls,complaint,,,3,billing,True,0.0,0,"you can't even play an album front to back cuz it won't let you turn the ""smart"" shuffle off without premium",True,billing.premium_only_controls,complaint,3,completed,billing
9fedeeee-e328-4f6d-8f28-e875c32a1e06,,,,,True,,,False,other.general,praise,,,1,other,True,0.1,0,Very comprehensive.,True,other.general,praise,1,completed,other
4e165f18-c4c5-4392-a283-73b81a1041d1,usability.ads,request,"The phrase 'Decreasing the rates of ads' expresses a desired change without describing a negative experience, fitting the request intent and severity 1.",1,True,request,usability,True,usability.ads,request,True,True,1,usability,False,0.3,1,Decreasing the rates of ads... Otherwise it's outstanding music platform ❣️❣️,True,usability.ads,complaint,2,completed,usability
74809e01-5a09-4649-9905-9005807f39ee,,,,,True,,,False,other.general,praise,,,1,other,True,0.1,0,Such a nice experience to listen to your favorite songs,True,other.general,praise,1,completed,other
c1200d34-38b5-4766-84c4-6336f18dbd66,,,,,True,,,False,billing.premium_only_controls,cancellation,,,3,billing,True,0.0,1,I hate it it know has a limit on how many songs you can play I'm deleting it,True,billing.premium_only_controls,cancellation,4,completed,billing
bc02f83a-c995-4e81-952f-7a551e8ec684,usability.ads,cancellation,"The review complains about ad frequency ('after every song an ad') and explicitly recommends switching to another app ('use wink music'), indicating cancellation intent while describing a degraded but still functional experience.",3,True,cancellation,usability,True,usability.ads,cancellation,True,True,2,usability,False,0.0,1,"Too many ads compared to other music apps it's very annoying, it's like they are forcing you to subscribe... So use wink music you get to listen same songs with less ads... Use both apps and chk urself... You will know the difference immediately... Seriously after every w song an add ..",True,usability.ads,complaint,3,completed,usability
4cbea23e-c25a-4593-b71a-92756c8bb0e3,,,,,True,,,False,other.general,praise,,,1,other,True,0.1,0,I am loving it,True,other.general,praise,1,completed,other
65a731d6-eae7-4033-8027-9f291b55859c,,,,,True,,,False,usability.ads,complaint,,,3,usability,True,0.0,0,No songs only ads ✅ do you like ads to download this app ✅🤝,True,usability.ads,complaint,3,completed,usability
fe5c3e46-e4df-4d3f-96a1-e650bd5e7745,,,,,True,,,False,other.general,praise,,,1,other,True,0.3,0,Easley streaming music platform,True,other.general,praise,1,completed,other
f2856da1-fc28-42f2-aa8e-4a27ab4b98ab,,,,,True,,,False,billing.premium_only_controls,complaint,,,3,billing,True,0.1,1,This app is only for premium users,True,billing.premium_only_controls,complaint,2,completed,billing
c1685ff7-d7a2-422d-b5a4-de159c38b49b,playback.other,complaint,"The review reports the Canvas visual feature tied to song playback suddenly failing, which fits playback.other better than a navigation/UI issue.",3,False,complaint,playback,True,usability.other,complaint,True,False,3,usability,True,0.1,0,"I needed some help, my canvas feature is suddenly not working",False,playback.other,complaint,3,completed,playback
11235f7c-92db-475f-a565-b6c62e1d55eb,,,,,True,,,False,other.general,unclear,,,1,other,True,0.0,0,I Bycott all the sewedenian apps,True,other.general,unclear,1,completed,other
9c4df6f3-e493-4ec8-87aa-59e471392bda,,,,,True,,,False,other.general,praise,,,1,other,True,0.0,0,The app was so good. I love musics very much.,True,other.general,praise,1,completed,other
5aeeeada-c53f-4f75-8ce5-4262db87b312,,,,,True,,,False,billing.premium_only_controls,cancellation,,,3,billing,True,0.0,1,Really worst app with update.... I can't play the music that I want.... They just want to make us the premium plan to use basic features What the hell is this This is going to downfall of Spotify definitely... Uninstalling...... Byee,True,billing.premium_only_controls,cancellation,4,completed,billing
6db936f9-3119-4aca-a28b-e5f379134d77,,,,,True,,,False,other.general,complaint,,,2,other,True,0.0,0,Worst ever experience under servilance of racist and shameless authority.,True,other.general,complaint,2,completed,other
c794eb18-b307-485c-b154-fec3205e3c56,,,,,True,,,False,billing.premium_only_controls,complaint,,,3,billing,True,0.1,0,Spotify was good first then after the update it is asking to take premium.. Spotify please stop telling everyone to buy premium..it gets difficult to listen to the music... for even changing music we need premium now..stop it 🙏,True,billing.premium_only_controls,complaint,3,completed,billing
dbb5aa73-1e5e-45e5-9387-cbf05707bf5d,usability.controls_navigation,praise,"The review's first specific praised feature is 'easy to navigate', which maps to usability.controls_navigation per the positive-review rule.",1,False,praise,usability,True,usability.controls_navigation,praise,True,True,1,usability,True,0.0,0,Easy to navigate and all songs are available great for people who love music but don't have the space capacity on their phones,False,other.general,praise,1,completed,other
c0911d83-f504-4392-8e82-d59d792396aa,,,,,True,,,False,usability.layout_redesign,cancellation,,,2,usability,True,0.2,0,Uninstalling this aap because of new update,True,usability.layout_redesign,cancellation,2,completed,usability
71538b92-5cbd-4e9d-ab98-e9089091efe4,playback.resource_use,praise,"The phrase 'no need to waste your storage' specifically praises the app's low storage usage, matching playback.resource_use.",1,False,praise,playback,True,playback.resource_use,praise,True,True,1,playback,True,0.0,0,Like this one no need to waste your storage,False,other.general,praise,1,completed,other
7b85420e-36a1-472d-8968-f8a48168a231,downloads.offline_mode,praise,"The review specifically praises being able to 'listen to music without wifi,' which names offline mode as the praised feature.",1,False,praise,downloads,True,downloads.offline_mode,praise,True,True,1,downloads,True,0.0,0,It is amzing i get to listen to music without wifi,False,other.general,praise,1,completed,other
6e1fe0f5-075e-4dd5-ab33-3c0a294b9964,,,,,True,,,False,other.general,praise,,,1,other,True,0.0,0,Love this app💜,True,other.general,praise,1,completed,other
557235a2-37e1-4f6f-9cb9-a367be333b15,,,,,True,,,False,usability.layout_redesign,cancellation,,,2,usability,True,0.1,1,This new ui is awful and I'm considering canceling my subscription.,True,usability.layout_redesign,cancellation,3,completed,usability
14d05020-4cd2-4089-acd1-620e72c96cfa,,,,,True,,,False,other.general,complaint,,,2,other,True,0.0,0,"It ""was"" best app 😐😐😐",True,other.general,complaint,2,completed,other
a322b0a6-fdac-498b-809f-fed63b830f30,,,,,True,,,False,usability.ads,complaint,,,3,usability,True,0.0,0,It used to be good but mow it has too many adds making it unusable to the point I would reccoment it any more for anyone,True,usability.ads,complaint,3,completed,usability
cc4146c4-3c37-4c45-91d0-db0e765b1253,,,,,True,,,False,other.general,complaint,,,2,other,True,0.1,0,Very waste music app I telling 100 percent don't download this app plz....,True,other.general,complaint,2,completed,other
c1b788a8-6542-469f-9917-8ed3469065de,,,,,True,,,False,catalog.lyrics,complaint,,,3,catalog,True,0.1,1,The lyrics doesn't pop out,True,catalog.lyrics,complaint,2,completed,catalog
70ceacf5-87e7-4e8b-90f7-6e7358ccc525,,,,,True,,,False,other.general,praise,,,1,other,True,0.0,0,Good application for lovers of music,True,other.general,praise,1,completed,other
d08ddbd8-5fa5-45f0-b5a5-6535380d0b41,,,,,True,,,False,other.general,praise,,,1,other,True,0.0,0,Just wow just wow amazing,True,other.general,praise,1,completed,other
a6cf53a2-3b75-4934-a734-e6408638b713,,,,,True,,,False,billing.premium_only_controls,complaint,,,3,billing,True,0.0,0,Earlier this app was good not now because now you have to charge premium to increase the number of songs.,True,billing.premium_only_controls,complaint,3,completed,billing
f988645d-59b6-45ad-83c6-30423de9a726,,,,,True,,,False,billing.premium_only_controls,complaint,,,3,billing,True,0.0,0,Not usefull app. For little things like skipping song Or play song again they said to play again this song you wanted to explore premium... Waste of internet....,True,billing.premium_only_controls,complaint,3,completed,billing
df36e168-1bf6-4186-ac95-413f14071dc8,,,,,True,,,False,other.general,complaint,,,2,other,True,0.2,0,So irritating,True,other.general,complaint,2,completed,other
798557a3-fa12-438a-86c5-565d345c74dc,,,,,True,,,False,other.general,praise,,,1,other,True,0.1,0,Music good :3,True,other.general,praise,1,completed,other
3da4b954-33b3-4d7e-b557-0f5fc5f3dd77,,,,,True,,,False,usability.library_queue,complaint,,,2,usability,True,0.5,0,So far so good. Library is not organized tho and Random Play is not obvious on all devices.,True,usability.library_queue,complaint,2,completed,usability
c7013998-2da4-4395-bc95-52b22400e857,access.other,complaint,"The complaint 'opens on its own' describes unwanted app-launch behavior, an access issue not covered by playback.devices, so access.other with minor severity fits best.",2,False,complaint,access,True,playback.devices,complaint,True,False,2,playback,True,0.1,0,Don't like the fact it opens on its own,False,access.other,complaint,2,completed,access
30d20849-e28f-4cb7-b5c4-b5f583fadff6,other.general,cancellation,"The review gives only generic criticism ('latest updates it's really not good') without naming any specific functional defect, and signals leaving ('sign for other apps'), fitting other.general with cancellation intent and severity 2.",2,False,cancellation,other,True,usability.other,cancellation,True,False,2,usability,True,0.0,0,I too have been loyal to Spotify since when I had my first phone and it really became a part of my day without listening to songs I feel like I'll die soon. But now for the latest updates it's really not good Ig I have to sign for other apps. ;),False,other.general,cancellation,2,completed,other
f94a20bc-1982-46cd-9f60-9612471ca3c3,other.general,praise,"The review is general positive praise ('Endless joy... thank you') with only a vague mention of price, not a specific feature or complaint, so it fits other.general rather than billing.price.",1,False,praise,other,True,billing.price,praise,True,False,1,billing,True,0.1,0,"Endless joy for such a good price, thank you.",False,other.general,praise,1,completed,other
45da6ca0-1d4d-493b-a1e6-3898814f0cb2,other.general,unclear,"The text is a bare boycott slogan ('No body install this app anymore') with no personal departure or specific complaint, matching the 'unclear' intent definition and severity 1 for no reported problem.",1,True,no_majority,other,True,other.general,cancellation,False,True,2,other,False,0.2,0,No body install this app anymore 😕 😪,True,other.general,complaint,2,completed,other
c4fff322-a6a3-4779-94ce-b859c331ac91,,,,,True,,,False,billing.premium_only_controls,complaint,,,3,billing,True,0.0,0,"Without a doubt spotify is one of the best music listening apps available. However, in recent times, it has become less user-friendly for free users. The constant push for premium subscriptions can be quite frustrating. For free users, features like playing music in sequence, No lyrics, and not movi",True,billing.premium_only_controls,complaint,3,completed,billing
aa9dc27a-638a-4d97-aa58-89bb7386facf,,,,,True,,,False,other.general,praise,,,1,other,True,0.0,0,Plenty of music options,True,other.general,praise,1,completed,other
1afd3d85-e9ae-474b-bcf1-99043d5bd9c0,,,,,True,,,False,other.general,praise,,,1,other,True,0.1,0,Spotify is so awesome,True,other.general,praise,1,completed,other
acda4a53-c681-4fbb-a26b-fa8229fa9a7f,,,,,True,,,False,usability.library_queue,request,,,1,usability,True,0.1,0,Update:2023 It would be simply amazing if it was possible to organize our personal playlists into personalized categories. For example - say you make a few work-out specific playlists. It'd be great if I could organize it into a custom named category for easier search/finding. I would keep the add s,True,usability.library_queue,request,1,completed,usability
7f3560d0-a88c-453d-a16b-1bd662e00ac8,,,,,True,,,False,other.general,praise,,,1,other,True,0.1,0,good app when playing a game 💅,True,other.general,praise,1,completed,other
6ba0914f-20c4-487b-aa93-827e3803c9dc,,,,,True,,,False,billing.premium_only_controls,cancellation,,,3,billing,True,0.1,1,The latest update is extremely horrible. Like what do you mean I can't even skip to my favourite parts while listening? The ads were already horrible but with this update you really compelled me to switch to Apple music.,True,billing.premium_only_controls,cancellation,4,completed,billing
f583c751-4075-4d96-9c11-1cc77da9b1e7,,,,,True,,,False,other.general,complaint,,,2,other,True,0.2,0,Bakwas app I hate this app,True,other.general,complaint,2,completed,other
fdc6f85e-7ecc-4542-8e5e-1498694aad63,,,,,True,,,False,usability.ads,complaint,,,3,usability,True,0.1,0,Worst app... Can't hear music peacefully... Too much of add...,True,usability.ads,complaint,3,completed,usability
2088b540-5cad-40cd-b3eb-62a5bb3e19ea,,,,,True,,,False,other.general,praise,,,1,other,True,0.3,0,Happy...,True,other.general,praise,1,completed,other
76fda615-1cb3-4ba7-906d-cd4459f9c1b4,,,,,True,,,False,playback.crashes_freezes,complaint,,,3,playback,True,0.0,1,"I love the service, but the app doesn't work on my phone model (Samsung galaxy s10 edge). It worked on my last 2 models ( s5, s7). On this model it freezes or crashes 50% of time. Unrelated: it seems like i have a common complaint w others when I say it feels hard to ""unlike"" something. There's a lo",True,playback.crashes_freezes,complaint,4,completed,playback
fa518e2e-b92f-4a12-b55e-5afe9301fe76,other.general,complaint,"The phrase 'Very bad app' is generic criticism with no personal uninstall action, so it is a complaint rather than cancellation.",2,True,complaint,other,True,other.general,complaint,True,True,2,other,False,0.1,0,Very bad app ban this app everyone please delete this app,True,other.general,cancellation,2,completed,other
a55adf39-dfa3-4687-98af-84e4e636db33,other.general,unclear,"The review contains only an angry emoji with no actual text describing a complaint or product issue, making it meaningless/unreadable content rather than a stated complaint.",1,True,unclear,other,True,other.general,complaint,False,True,2,other,False,0.1,1,🤬,True,other.general,unclear,1,completed,other
5b11790e-7b72-4051-9299-94ae471e3259,,,,,True,,,False,other.general,praise,,,1,other,True,0.1,0,Great service and selection,True,other.general,praise,1,completed,other
d61eff21-b999-40b8-93af-e4d3dbb8e33b,,,,,True,,,False,billing.premium_only_controls,complaint,,,3,billing,True,0.1,1,After update this aap became really awful we can't choose any song and if we find any song it doesn't play it . This aap start full playlist,True,billing.premium_only_controls,complaint,4,completed,billing
4d8eca09-c90c-46fa-a028-f24d4b2c5a56,,,,,True,,,False,usability.ads,complaint,,,2,usability,True,0.1,1,Middle of song they put advertisements.. so irritating,True,usability.ads,complaint,3,completed,usability
9c1855b7-1813-482f-b884-32e950d47455,,,,,True,,,False,other.general,praise,,,1,other,True,0.1,0,It's quite sensational.,True,other.general,praise,1,completed,other
44aa0e80-76d8-4a98-989d-8a4ced2191ea,,,,,True,,,False,other.general,praise,,,1,other,True,0.1,0,so far. good.,True,other.general,praise,1,completed,other
8bb7cc7b-53f4-4478-b023-1b08fd6bce6d,usability.layout_redesign,cancellation,"The review criticizes 'new changes' compared to 'old version', pointing to a redesign complaint rather than any billing issue, with intent to uninstall.",2,False,cancellation,usability,True,billing.premium_only_controls,cancellation,True,False,2,billing,True,0.1,0,Old version is better than the new one. I am not satisfy with new changes.😕 and I am going to uninstall this app. WORST APP ever!!!😠,False,usability.layout_redesign,cancellation,2,completed,usability
6325293a-a4a1-4ccd-bf14-5835d2f47ca8,,,,,True,,,False,usability.ads,complaint,,,2,usability,True,0.3,0,Lot of ads,True,usability.ads,complaint,2,completed,usability
adabc933-67a9-4de6-83ea-f8b14f6183ff,,,,,True,,,False,playback.audio_quality,request,,,1,playback,True,0.2,0,HiFi when??,True,playback.audio_quality,request,1,completed,playback
d8a5d339-0e46-484b-b8cf-cab59480aa4a,,,,,True,,,False,other.general,praise,,,1,other,True,0.1,0,The most used app in my phone I'm in love with this app dude😭💅,True,other.general,praise,1,completed,other
ebbe4da1-294d-4945-8b96-e215779d9114,,,,,False,,,False,billing.other,complaint,,,3,billing,True,0.1,0,So Spotify's business model is that if you don't want your kids exposed to adult content you have to pay them $17 a month? How awful do you have to be to make the kid friendly app behind a massive paywall?,True,billing.premium_only_controls,complaint,3,completed,billing
4e421a5d-3c0e-445b-8b58-e8624652dec3,,,,,True,,,False,other.general,praise,,,1,other,True,0.3,0,Nice so far 👌,True,other.general,praise,1,completed,other
8ae1ab57-f6c0-4b4e-bfc0-4d4d042a19b3,catalog.search_discovery,praise,"The review specifically praises the app for 'finding playlists', a concrete discovery feature, rather than offering only generic praise.",1,False,praise,catalog,True,catalog.search_discovery,praise,True,True,1,catalog,True,0.1,0,This is good for finding playlists and so much more 😆😆,False,other.general,praise,1,completed,other
25c8793a-95e7-43ee-af0f-1fdff3c339ec,,,,,True,,,False,usability.library_queue,praise,,,1,usability,True,0.1,0,Loving the create your own playlists option. I can also connect to my Bluetooth devices using Sporify from my phone.,True,usability.library_queue,praise,1,completed,usability
b4bff518-17dd-4474-931c-35b06dbae6d4,billing.premium_only_controls,complaint,"The phrase 'pay to listen offline' describes a known premium-only restriction rather than a broken offline mode, paired with mild praise 'great app still', supporting billing.premium_only_controls at low severity.",2,False,complaint,billing,True,downloads.offline_mode,complaint,True,False,3,downloads,True,0.7,1,Wish it wasn't pay to listen offline sadface great app still,False,billing.premium_only_controls,complaint,2,completed,billing
42aa0d32-2b2c-4996-9d8e-8d7adff8960a,other.general,complaint,"The review only vaguely complains 'it has changed and it sucks' and questions 'why is it premium' without specifying any layout change or locked premium control, so no specific defect can be inferred.",2,False,complaint,no_majority,True,billing.premium_only_controls,complaint,True,False,2,billing,True,0.2,0,Why is it premium...I liked this app a long time ago but it has changed and it sucks,False,usability.layout_redesign,complaint,2,completed,usability
b355ebae-b3f7-4cac-96cc-48d809b2a299,other.general,unclear,"The single word 'Jordar' is unreadable/meaningless text with no discernible complaint, request, or praise.",1,True,unclear,other,True,other.general,praise,False,True,1,other,False,0.5,0,Jordar,True,other.general,unclear,1,completed,other
2cff9e15-e091-43ae-9a02-49c91e11ffb8,,,,,True,,,False,other.general,praise,,,1,other,True,0.2,0,Wow!!! When I use this app first time I get surprise,True,other.general,praise,1,completed,other
5cffde69-f9f1-4a3e-aa54-bc0d45b114de,,,,,True,,,False,other.general,praise,,,1,other,True,0.0,0,This app gives me everything i need. Organized playlists to millions of songs to listen to. The fact that a first time subscriber gets 3 months free is awesome.,True,other.general,praise,1,completed,other
555c865d-b064-406f-a248-330ec06bd405,,,,,True,,,False,usability.controls_navigation,request,,,1,usability,True,0.1,0,"Amazing. My only gripe would be concerning the sleep timer. Could you add an ""end of queue"" sleep timer? Also, amazing customer service!",True,usability.controls_navigation,request,1,completed,usability
04f08de0-5f92-472f-845f-3a13bec44807,,,,,True,,,False,other.general,complaint,,,2,other,True,0.0,0,Hate this apps🖕🖕🖕🖕🖕🖕,True,other.general,complaint,2,completed,other
1992efca-1b1f-47e9-9811-1d8538ef94df,,,,,True,,,False,usability.ads,complaint,,,2,usability,True,0.0,0,After 2 songs there a one add this app is very bad🤮🤮🤮🤮,True,usability.ads,complaint,2,completed,usability
1f87aa8b-cdb2-417b-ae9e-8191086027b6,,,,,True,,,False,other.general,praise,,,1,other,True,0.1,0,It is a best,True,other.general,praise,1,completed,other
5863c122-ed41-458e-90b0-0fdf566c4353,,,,,True,,,False,usability.ads,complaint,,,2,usability,True,0.0,1,Not good 😐 baar baar ads aatr rehete hai and song ka fav part sune ke liye bhi explore premium aata reheta hai 👎,True,usability.ads,complaint,3,completed,usability
3b62d499-5415-451c-a1a3-652f1968b363,playback.stops_skips,complaint,"The phrase 'a different song plays whenever I click on a song' describes playback skipping to the wrong track, not a premium restriction or app crash, and it blocks the core task of choosing music to play.",4,False,complaint,playback,True,billing.premium_only_controls,complaint,True,False,3,billing,True,0.1,1,A different song plays whenever I click on a song,False,playback.crashes_freezes,complaint,4,completed,playback
df9bdbc7-869a-4534-8d13-adc7184c8363,,,,,True,,,False,usability.layout_redesign,complaint,,,2,usability,True,0.0,0,The new layout for podcasts makes it hard to identify which podcasts have released new episodes,True,usability.layout_redesign,complaint,2,completed,usability
f326d1d5-d906-4f61-945b-018dc7cca3fa,,,,,True,,,False,usability.library_queue,complaint,,,4,usability,True,0.2,1,I wanted to listen to my own Playlist but they added a bunch of songs I hate I can't get rid of them and I can't even listen to my music that I put on there it's so annoying and there is n9 way shown how to listen to my own music,True,usability.library_queue,complaint,3,completed,usability
2957179f-b446-4b27-87c4-eb8723f2fe95,,,,,True,,,False,catalog.missing_content,cancellation,,,3,catalog,True,0.1,0,"ive been a member of spotify for 6 years and ive loved it. spotify genuinely means so much to me, so much so that i was devastated to learn that they support censorship of art. removing dammi falastini from your app was a decision that broke many hearts, especially since the song is not ""anti semeti",True,catalog.missing_content,cancellation,3,completed,catalog
7c005fb4-0b6d-42f7-8102-ef2d1b934b96,billing.premium_only_controls,complaint,"The review describes being unable to play music without paying for Premium, a premium-only restriction with a workaround via the website, matching billing.premium_only_controls at severity 3.",3,False,complaint,billing,True,playback.other,complaint,True,False,3,playback,True,0.8,0,I have great experience on Spotify few days now And I know why my Spotify app can't play music went I'm not paying ther premium subscription I just go to ther wedsite first go to Google Chrome and search Spotify after that you will see Spotify wed and then click it and you will go to ther app and pl,False,billing.premium_only_controls,complaint,3,completed,billing
cc1b2dbe-4324-40cd-b887-797c45139209,other.general,unclear,"The review praises an unrelated 'cake' rather than the app, making it unrelated content under the unclear intent definition.",1,True,unclear,other,True,other.general,praise,False,True,1,other,False,0.1,0,I love this cake it's so cool I love it❤️❤️,True,other.general,unclear,1,completed,other
a8a7ec60-1d66-4d74-a89c-de533f9ef9f7,,,,,True,,,False,other.general,praise,,,1,other,True,0.0,0,Greaaaaat!,True,other.general,praise,1,completed,other
bb9c13bc-c543-4c15-a8b8-7451f7c45b96,,,,,True,,,False,billing.premium_only_controls,complaint,,,3,billing,True,0.2,0,Spotify used to be my go to app earlier for podcasts and music. But after their new policy for having premium for literally everything is disappointing.,True,billing.premium_only_controls,complaint,3,completed,billing
1aae1ab4-a515-48a6-a6da-5ca9fcfb8090,catalog.recommendations,praise,"The review specifically praises 'good suggestion of songs on home page,' which is a specific praised feature matching catalog.recommendations.",1,False,praise,catalog,True,catalog.recommendations,praise,True,True,1,catalog,True,0.1,0,Excellent songs and album and good suggestion of songs on home page,False,other.general,praise,1,completed,other
b2cc2d2c-31c8-495b-a0af-5e7b328b6247,,,,,True,,,False,other.general,praise,,,1,other,True,0.1,0,Great app. Works awesome!,True,other.general,praise,1,completed,other
7fc2cb47-22ac-4d91-8993-effb77d50f52,,,,,True,,,False,other.general,praise,,,1,other,True,0.0,0,That was a very very eg ap Thanks to Spotify premium 😃,True,other.general,praise,1,completed,other
dc3b4247-95a4-4af0-8f1a-14e6f601be2c,catalog.lyrics,praise,"The review specifically praises being able to 'read the lyrics to all your songs', which is the first concrete praised feature.",1,False,praise,catalog,True,other.general,praise,True,False,1,other,True,0.0,0,Has a great sons& also you can read the lyrics to all your Songs.. Great app.,False,catalog.lyrics,praise,1,completed,catalog
66f44f83-37b2-4d37-8f6c-8ddb236cecab,,,,,True,,,False,billing.premium_only_controls,cancellation,,,3,billing,True,0.1,1,"Disappointed very much, before it was a normal music app , now they charge you to load your previous song and to loop. Switching onto wynk music to happily listen to music , and will also recommend it to others as it's interface is also great, and a great app to listen to.....long live wynk 🔥🔥music ",True,billing.premium_only_controls,cancellation,4,completed,billing
0de2bcd3-88ba-4cf5-a6d8-78c32bdfbf2e,catalog.missing_content,complaint,"The reviewer reports songs now play as 'cutshort' and 'half length' versions rather than full tracks, indicating the full content is missing from the catalog rather than a mid-playback skip.",3,False,complaint,catalog,True,playback.stops_skips,complaint,True,False,3,playback,True,0.1,0,There are many 0f song which were full length song in past but now there been cutshort and many of song are half length it's highly disappointing,False,catalog.missing_content,complaint,3,completed,catalog
b6f2bb14-a5a0-47c1-9032-754a1a050551,,,,,True,,,False,other.general,praise,,,1,other,True,0.0,0,Very good app I love this app 😍😍😍,True,other.general,praise,1,completed,other
0fd0b2cb-18df-4f03-81e9-78307044b460,,,,,True,,,False,other.general,cancellation,,,2,other,True,0.1,0,One of the worst application I've installed.. delete this application from your phones guys 😠😠😠,True,other.general,cancellation,2,completed,other
ce166f10-e038-4389-8801-b4dfffdbe0b2,,,,,True,,,False,other.general,praise,,,1,other,True,0.0,0,i really love this app 100%,True,other.general,praise,1,completed,other
4bbcf1d4-dece-40ad-9efe-ad8b16db095f,,,,,True,,,False,other.general,praise,,,1,other,True,0.0,0,I love everything about spotify and what it has to offer,True,other.general,praise,1,completed,other
363d6cdc-46c0-4892-ab9a-7be367e342d1,,,,,True,,,False,other.general,praise,,,1,other,True,0.1,0,It is nice 10/10,True,other.general,praise,1,completed,other
9fbee535-398b-454b-910c-2f251ddf93e5,,,,,True,,,False,usability.ads,complaint,,,2,usability,True,0.0,0,More adds less content,True,usability.ads,complaint,2,completed,usability
c9361d03-ebce-4280-95c0-20ef5431fb9c,,,,,True,,,False,other.general,complaint,,,2,other,True,0.1,0,It is very poor app don't waste your time in this app 😞,True,other.general,complaint,2,completed,other
1094f0eb-2c9c-4ed4-8b3b-1eb83a7615ee,,,,,True,,,False,playback.crashes_freezes,complaint,,,4,playback,True,0.1,0,"Crashing since November 2021. Please fix. Uninstalled/reinstalled, cleared data and cache...",True,playback.crashes_freezes,complaint,4,completed,playback
db03946a-8639-4814-91a8-eeb9554269de,,,,,True,,,False,catalog.search_discovery,complaint,,,3,catalog,True,0.1,0,"Eti andi, patalu search chesthe , not found anta.",True,catalog.search_discovery,complaint,3,completed,catalog
5515a782-d492-4cc5-adc2-f008aae75eb1,,,,,True,,,False,playback.crashes_freezes,complaint,,,3,playback,True,0.0,0,Spotify closes itself all the time. Very annoying.,True,playback.crashes_freezes,complaint,3,completed,playback
2e35297f-8704-435c-8aec-f419d52fcb0f,usability.layout_redesign,complaint,"The phrase 'hot garbage' expresses a negative experience about the homepage redesign, making it a complaint rather than a neutral feature request.",2,True,complaint,usability,True,usability.layout_redesign,request,False,True,2,usability,False,0.1,0,This new homepage is hot garbage nobody wants Spotify to look like tiktok. Change it back.,True,usability.layout_redesign,complaint,2,completed,usability
e71b3f8c-a917-4088-964c-82ad71c7aad1,,,,,True,,,False,billing.premium_only_controls,complaint,,,3,billing,True,0.1,1,"I just didn't like the latest update, the worst update ever seen, I can't even skip the songs n also can't go to the previous song n also can't even choose the song I like 🙂👎",True,billing.premium_only_controls,complaint,4,completed,billing
afe5179d-9e85-4d38-a7ed-96ed459e5e52,,,,,True,,,False,billing.premium_only_controls,complaint,,,3,billing,True,0.0,0,"I dnt like this version, no repeat option without premium 😡. Please give us back the old version 🙏",True,billing.premium_only_controls,complaint,3,completed,billing
bfa050ef-4012-4b48-9448-9cbf8dfed1a0,,,,,True,,,False,usability.controls_navigation,complaint,,,3,usability,True,0.9,0,"I love Spotify, much better than most music apps I've used. The only reason I'm not giving 5 stars is because there is no rewind or fast-forward of songs. You can't serach within a song.",True,usability.controls_navigation,complaint,3,completed,usability
8e9d87dd-5413-4404-b1fd-68cf2df9e4c3,,,,,True,,,False,playback.devices,praise,,,1,playback,True,0.0,0,Great in my new car,True,playback.devices,praise,1,completed,playback
b4cb35b8-7f46-4b68-abd8-a658f0021312,,,,,True,,,False,catalog.recommendations,praise,,,1,catalog,True,0.05,0,"I have never felt completely understood by an app before spotify. The recommendations are always amazing and the DJ playlist is the best way of listening to music, it's phenomenal",True,catalog.recommendations,praise,1,completed,catalog
f5b72da6-6d57-4df3-abdd-548830f03299,,,,,True,,,False,other.general,complaint,,,2,other,True,0.1,0,Bad app Worst app,True,other.general,complaint,2,completed,other
70f117aa-073f-48e4-81ba-90950a3e354a,,,,,True,,,False,other.general,praise,,,1,other,True,0.1,0,"Yes, this is indeed the best app ever you can use for listening music. It also gives you a free 4 month premium trial if you have a debit card. It has best sound quality. Even in normal spotify ads come every 30 minutes which is actually very good unlike other apps. I would recommend it strongly to ",True,other.general,praise,1,completed,other
fffe3f21-274d-409d-85bc-156dcaa28afc,,,,,True,,,False,other.general,complaint,,,2,other,True,0.2,0,Hate This app.👎,True,other.general,complaint,2,completed,other
fc7d6fee-2354-4252-b23f-c21fa9f105ba,,,,,True,,,False,other.general,unclear,,,1,other,True,0.0,0,Not bad not good,True,other.general,unclear,1,completed,other
a02c6dfa-0bf1-4a46-a868-153cec6563cb,,,,,True,,,False,other.general,praise,,,1,other,True,0.3,0,Wonder ful,True,other.general,praise,1,completed,other
01dfaa1d-8df3-450b-8b21-56fbe2c54a0c,,,,,False,,,False,catalog.other,complaint,,,2,catalog,True,0.0,0,"Great It has most of the music i grew up on And new one as well I miss, though, when it used to give little known facts about the song and the artist!",True,catalog.recommendations,complaint,2,completed,catalog
0db4eba9-0485-4776-821f-c83238c806b2,,,,,True,,,False,usability.ads,complaint,,,3,usability,True,0.1,0,Garbage. There are still ads when listening to podcasts with a premium account... there isn't any indication you're in the middle of a podcast when you go back searching for them.,True,usability.ads,complaint,3,completed,usability
237d915d-7d67-417b-900f-f6ce106191f7,,,,,True,,,False,other.general,praise,,,1,other,True,0.2,0,"Amazing music streaming service for a low price (if you want premium, which I'd recommend as it really helps when wanting to listen offline)",True,other.general,praise,1,completed,other
c5f261b2-d754-4eeb-8653-2a060eabf3c7,playback.stops_skips,cancellation,"The review describes a functional playback defect (""it plays a totally different song"") and explicitly requests account deletion (""delete my acount""), which signals cancellation intent despite the reported bug.",4,False,cancellation,playback,True,billing.premium_only_controls,cancellation,True,False,3,billing,False,0.1,1,Every time i click on a song it plays a totally different song delete my acount i would like this to be fixed.,False,playback.stops_skips,complaint,4,completed,playback
4023b12f-0619-4fed-88c2-5268944419af,,,,,True,,,False,other.general,unclear,,,1,other,True,0.0,0,33 Rub,True,other.general,unclear,1,completed,other
c11c410f-ca85-424f-a17a-3d988f736d96,,,,,True,,,False,other.general,praise,,,1,other,True,0.0,0,I really like this app and I use it every day,True,other.general,praise,1,completed,other
fbd0878d-a6bd-4265-bd57-10bdf5e405d3,,,,,True,,,False,billing.premium_only_controls,complaint,,,3,billing,True,0.1,0,App is allright but it forces you basicly to buy premuim.Music is good.You can only skip 6 times😭.Sometipes they play the same songs to make you skip.And the ads is just dumb😡,True,billing.premium_only_controls,complaint,3,completed,billing
4fc68be8-1f58-450f-b9d6-931f4c3e0a99,,,,,True,,,False,other.general,praise,,,1,other,True,0.2,0,This is so awesome.ican leasten to all music iwant,True,other.general,praise,1,completed,other
6e1e506a-95cc-429a-97a7-5a0c135e9dc1,billing.premium_only_controls,complaint,"The review describes song order and play restrictions 'requires premium' and ad frequency, which are functional restrictions with a workaround, and the recommendation to use another service is general advice rather than a personal cancellation statement.",3,True,complaint,billing,True,billing.premium_only_controls,cancellation,False,True,3,billing,False,0.1,0,1)This app requires premium if you want to play songs in an specific order. 2)This app requires premium if you want to click a song (from your liked songs list) to play it after a certain limit. 3)Ads about premium after every 3 or 4 songs......I recommend downloading the songs from Google itself ra,True,billing.premium_only_controls,complaint,3,completed,billing
d20c943d-6128-4909-a30c-5d0da3cccadf,,,,,True,,,False,other.general,unclear,,,1,other,True,0.0,0,Muthu,True,other.general,unclear,1,completed,other
2562c493-5a94-4143-b43a-f59615c9ccd7,,,,,True,,,False,other.general,praise,,,1,other,True,0.1,0,I've had a family subscription for quite a while & we love this music streaming service!!!,True,other.general,praise,1,completed,other
8890a7e0-68d1-4789-ba45-a674e9bf93e9,catalog.recommendations,cancellation,"The complaint centers on the app's 'enhanced mode'/algorithm straying from curated playlists to play unwanted random songs, which is a recommendation-algorithm issue (catalog.recommendations), and since music still plays (just not as desired) this is a degraded function rather than a blocked core task, warranting severity 3.",3,False,cancellation,catalog,True,usability.library_queue,cancellation,True,False,3,usability,True,0.1,1,"So, I have spent a LOT of time making carefully curated playlists. However, the app strays from those lists to play random songs that I would never have added. I even turned off ""enchanced mode,"" and it still plays songs that I don't want to listen to. If this doesn't get fixed, my family and I will",False,catalog.recommendations,cancellation,4,completed,catalog
7dc02edb-34ad-4a3b-b12e-784cb2bc211d,,,,,True,,,False,playback.stops_skips,complaint,,,3,playback,True,0.0,0,Very good music app but with quite a few issues. Music occasdionally has spices of silence. It's a millisecond but still annoying. Sometimes music just stops for no apparent reason. This is especially annoying when I cannot reach or touch my phone to restart it.,True,playback.stops_skips,complaint,3,completed,playback
8466e14b-260e-41d8-b08b-17f0d5a6b817,,,,,True,,,False,other.general,praise,,,1,other,True,0.1,0,"Excellent song lists, glad I linked up.",True,other.general,praise,1,completed,other
c85c3017-f3cc-4346-8f14-03212929172e,,,,,True,,,False,usability.ads,complaint,,,2,usability,True,0.1,0,Get lose bro! So many adds,True,usability.ads,complaint,2,completed,usability
8cf70f3f-cbe6-4fd1-b97b-e160950e16be,,,,,True,,,False,playback.crashes_freezes,complaint,,,4,playback,True,0.2,0,It always crashing down; unable to play and just stop working everytime I use it,True,playback.crashes_freezes,complaint,4,completed,playback
86fc2dbb-85fe-4b45-ac88-e70bafbadf13,other.general,cancellation,"The review only expresses generic post-update dissatisfaction ('peice of trash') and intent to leave, without naming any specific layout, feature, or functional defect, matching other.general under the 'general bad app' rule.",2,False,cancellation,other,True,usability.layout_redesign,cancellation,True,False,2,usability,True,0.0,0,I liked it before the update but now it's a peice of trash🤬 I am going to leave spotify and use some other music platform,False,other.general,cancellation,2,completed,other
f01b7efb-aff9-4f7e-ad67-150485e9f1b9,,,,,True,,,False,other.general,praise,,,1,other,True,0.0,0,Spotify is so yummy I love it 😘😘,True,other.general,praise,1,completed,other
88db8216-b831-4373-a79f-b46a14dd966b,,,,,True,,,False,playback.stops_skips,complaint,,,3,playback,True,0.1,1,"when i open the song i want suddenly change to another song, i have uninstalled and downloaded many times but it's still the same please",True,playback.stops_skips,complaint,4,completed,playback
5d985adf-5a5c-428b-9774-18c0ffa63480,,,,,True,,,False,playback.stops_skips,complaint,,,3,playback,True,0.1,0,The favorite song does not play.,True,playback.stops_skips,complaint,3,completed,playback
d510917c-29d9-49d8-b002-4bd7995aed5c,,,,,True,,,False,other.general,praise,,,1,other,True,0.2,0,I like aap,True,other.general,praise,1,completed,other
09b886ee-0b7c-4243-8a96-b5533af232a2,,,,,True,,,False,playback.audio_quality,request,,,1,playback,True,0.1,0,"Great app, it just needs to have Equalizer on Android tho",True,playback.audio_quality,request,1,completed,playback
4e1cc0f2-f298-4f0e-a122-7bdb870cde58,,,,,True,,,False,billing.premium_only_controls,complaint,,,3,billing,True,0.1,0,Why did you do everything premium?,True,billing.premium_only_controls,complaint,3,completed,billing
3972271e-ac80-4c2c-9cf9-a8a562ec2db3,,,,,True,,,False,other.general,praise,,,1,other,True,0.0,0,I've used Spotify for a number of years and am always satisfied.,True,other.general,praise,1,completed,other
36d026c1-bcb1-4afe-b806-fe2776b7c024,,,,,True,,,False,playback.stops_skips,complaint,,,3,playback,True,0.0,1,"I do enjoy using this app to listen to music when I'm drawing, but it has just been getting on my nerves lately. Whenever I try to play one of my playlists, some random song that is not in my playlist starts playing, and I can't do anything about it, even if I skip the song it doesn't play anything ",True,playback.stops_skips,complaint,4,completed,playback
ba99f5f0-265b-49cc-a56e-b98999043f27,,,,,True,,,False,other.general,praise,,,1,other,True,0.0,0,Really good app always working and never fails me,True,other.general,praise,1,completed,other
118610ab-d3b8-4cb6-baf0-2632f7d370ca,playback.audio_quality,praise,"The review simply says 'Quality ❤‍🩹', a specific positive mention of (audio) quality rather than generic praise.",1,False,praise,playback,True,playback.audio_quality,praise,True,True,1,playback,True,0.1,0,Quality ❤‍🩹,False,other.general,praise,1,completed,other
18a633c1-f980-4b32-b53d-1a20d3f4000b,other.general,complaint,"The vague phrase 'the songs are ugly' is generic criticism without a specific catalog, playback, or usability defect, so it falls under general criticism rather than a supported topic.",2,False,complaint,other,True,catalog.other,complaint,True,False,2,catalog,True,0.2,0,the songs are ugly and then that's it,False,other.general,complaint,2,completed,other
f0cadb14-a44a-45e7-8a69-5728aba4563c,,,,,True,,,False,other.general,praise,,,1,other,True,0.0,0,Great selection of music I can enjoy home or in our car with no commercials.,True,other.general,praise,1,completed,other
09ed89cc-c133-41a4-a889-b3d14e1faea3,,,,,True,,,False,billing.premium_only_controls,complaint,,,3,billing,True,0.0,0,"it's good and all but you only have 6 skips per hour and that really frustrating and also whenever I search for a song , a playlist pops up and I can hardly find the song I'm searching for . before spotify was way better and you also u can't go back and forth in a song that's just so annoying. old S",True,billing.premium_only_controls,complaint,3,completed,billing
71893e9d-0d05-4868-af6e-c7fbc6c4cc8d,,,,,False,,,False,usability.other,complaint,,,2,usability,True,0.0,0,Every update you put out makes the app worse and less user friendly. The only reason you have a strong user base is because you have no competition. Reposting the same complaint every year because it never changes,True,usability.layout_redesign,complaint,2,completed,usability
0ec843f4-3920-49d5-a004-98b4787cc0c7,usability.ads,complaint,"The review centers on frustration with repeated premium promotions and ad length ('begging for money', '10 min ads'), which is a usability.ads issue and a generic complaint rather than an explicit cancellation or billing restriction.",2,False,complaint,usability,True,usability.ads,cancellation,False,True,2,usability,False,0.1,1,"They keep on begging for money and i ma frustrated by the way the promote and try to sell premium now I have decided to be a cheapstake , I will not buy ur premium even if you create 10 min ads Gand me dal le bsdk premium bc president pm banne ke bad bhi na kharedunga tera premium bsdk",False,billing.premium_only_controls,complaint,3,completed,billing
a3b8fe76-8e27-4076-9f3e-4e3cf956ac69,,,,,True,,,False,usability.ads,complaint,,,2,usability,True,0.1,1,The exp. Waa very good but I gotta say that 2 many adds come in between songs and everyone cannot afford the premium🤧,True,usability.ads,complaint,3,completed,usability
ce18a7af-05e8-4b7b-83e3-78dc796ad52f,other.general,complaint,"The review only says 'So bad update' without naming any specific feature like layout, so it is generic criticism best classified as other.general rather than inferring a redesign complaint.",2,False,complaint,other,True,usability.layout_redesign,complaint,True,False,2,usability,True,0.0,0,So bad update on Spotify,False,other.general,complaint,2,completed,other
f3d3b4c3-29d7-4e2b-b239-d8e9d3407834,,,,,True,,,False,billing.premium_only_controls,complaint,,,2,billing,True,0.1,1,Best for music but now they are forcing people to buy their premium,True,billing.premium_only_controls,complaint,3,completed,billing
ff8f223e-dd0e-4e54-a927-45041b46ce01,,,,,True,,,False,other.general,unclear,,,1,other,True,0.3,0,Boycott swiden #Holy Quran,True,other.general,unclear,1,completed,other
6157a00b-cb75-4726-b277-aa110bb9449f,,,,,True,,,False,usability.controls_navigation,complaint,,,3,usability,True,0.1,0,The shuffle button doesn't change the song or do anything since the update,True,usability.controls_navigation,complaint,3,completed,usability
99e5323c-19da-4ac8-b3c6-b32577f0d676,,,,,True,,,False,usability.library_queue,complaint,,,3,usability,True,0.0,0,Playlist automatically add songs by its own and play whatever songs the app decide,True,usability.library_queue,complaint,3,completed,usability
46ae071b-cc2f-4bb0-8077-d9635442bea9,,,,,True,,,False,other.general,praise,,,1,other,True,0.1,0,It'sBest sog app,True,other.general,praise,1,completed,other
4514f016-8ebb-4bd7-b199-07f2c5938251,usability.ads,complaint,"The user's tip to 'skip ads just close the app and reopen it' implies dissatisfaction with ad frequency despite the positive opener, making this mixed praise and criticism with a minor annoyance.",2,True,complaint,usability,True,usability.ads,praise,False,True,1,usability,False,1.1,1,Absolutely amazing if u want to skip ads just close the app and reopen it,True,usability.ads,complaint,2,completed,usability
458768c8-af6b-4458-b24d-5c00efbbd49d,,,,,True,,,False,other.general,praise,,,1,other,True,0.0,0,The best music 🎵 system I have come across.,True,other.general,praise,1,completed,other
a244617e-c645-4fd9-8e1f-790222e8b502,,,,,True,,,False,other.general,praise,,,1,other,True,0.1,0,Awesome I can listen to music and work thanks 😊,True,other.general,praise,1,completed,other
227a1d78-d0bb-4c45-87d7-e22b5997271f,,,,,True,,,False,other.general,praise,,,1,other,True,0.0,0,This app was so good and the music thank you so much❤❤❤,True,other.general,praise,1,completed,other
c372f94a-216c-4228-b5f8-8538f26c72fb,,,,,True,,,False,other.general,unclear,,,1,other,True,0.5,0,Bedrooms Sleeping ko Good Nights 🌙,True,other.general,unclear,1,completed,other
c1117ee7-330b-44ec-8215-739f6bbe8a0d,,,,,True,,,False,other.general,praise,,,1,other,True,0.0,0,Great music and I love to be able to set up and a program to listen to songs,True,other.general,praise,1,completed,other
6311ec6e-d1d5-44fe-ad6c-58b6e98388f9,,,,,True,,,False,other.general,unclear,,,1,other,True,0.0,0,Buycort Spotify,True,other.general,unclear,1,completed,other
8c27c5f9-c41a-4514-a38b-4813c8644f71,,,,,True,,,False,billing.premium_only_controls,complaint,,,3,billing,True,0.1,1,Two stars can't play full songs from your phone you must have spotify open on another device to play full songs which is stupid *Edit: dis regard the older review you can play full songs in the app but it will trickle in suggested songs only six skips an hour is terrible and song playlists will only,True,billing.premium_only_controls,complaint,4,completed,billing
1f1d599f-25cf-4e80-8b76-56a58c1ae63d,,,,,True,,,False,other.general,praise,,,1,other,True,0.1,0,Good Decent App,True,other.general,praise,1,completed,other
b37fc2a8-6b09-425e-92b1-16997644dffb,,,,,True,,,False,catalog.recommendations,complaint,,,3,catalog,True,0.1,0,"I've loved this app for years but the smart shuffle is ruining it for me. I don't want it, I didn't ask for it, it's super annoying.",True,catalog.recommendations,complaint,3,completed,catalog
1fb95fce-fdf5-40a8-a080-079df83e8880,,,,,True,,,False,other.general,praise,,,1,other,True,0.1,0,It's always the best.,True,other.general,praise,1,completed,other
d761009e-ef6f-4527-8ba6-e3dc7e582975,,,,,True,,,False,other.general,complaint,,,2,other,True,0.0,0,It is bad app. I recommend don't install this app < THANKS >,True,other.general,complaint,2,completed,other
9a2e5713-e96e-41cd-b193-7f9fc497fe68,,,,,True,,,False,other.general,praise,,,1,other,True,0.1,0,This app me happy to there song,True,other.general,praise,1,completed,other
c40b0a44-f451-42e5-8900-5c23f4dfcbe6,,,,,True,,,False,billing.premium_only_controls,cancellation,,,3,billing,True,0.1,1,"edit after 2 years :- Ridiculous app after the new update you cannot rewind,repeat or even get to your favourite part of the song Not recommended 2/10(just because of interface) I would recommend VIMUSIC (download from GitHub)",True,billing.premium_only_controls,cancellation,4,completed,billing
dfe29c3d-e13e-427a-900d-0106e0ba73d6,,,,,True,,,False,billing.premium_only_controls,complaint,,,3,billing,True,0.0,0,The new update of getting lyrics only when you are upgraded to premium is so unfair,True,billing.premium_only_controls,complaint,3,completed,billing
feb26833-a198-4b6d-87c1-016d68bdf82d,,,,,True,,,False,usability.layout_redesign,complaint,,,2,usability,True,0.0,0,Why did the home page change? Why is it useless now?,True,usability.layout_redesign,complaint,2,completed,usability
9cdbcdb9-dc5e-435d-bf61-282b0277def5,usability.library_queue,praise,"The review specifically praises 'playe list' (playlist), a named feature covered by usability.library_queue, rather than offering only generic praise.",1,False,praise,usability,True,usability.library_queue,praise,True,True,1,usability,True,0.1,0,My best playe list,False,other.general,praise,1,completed,other
ebb9c005-35d8-4c5c-813b-3bd4b3607124,,,,,True,,,False,access.app_wont_open,complaint,,,4,access,True,0.0,0,Its good but in recent updates its been very broken considering I can't even load it on my phone,True,access.app_wont_open,complaint,4,completed,access
574a2371-2abe-482e-b2a8-9a8d9e1de9bc,,,,,True,,,False,playback.crashes_freezes,complaint,,,4,playback,True,0.0,0,Something is wrong i can't play anything on my Spotify account i have premium family and all my playlists are empty i can add songs but they dont show up I try to play my liked songs and it just something went wrong I tried reinstalling and I tried logging out and back in I restarted my tablet i tri,True,playback.crashes_freezes,complaint,4,completed,playback
e07ff03e-78f6-42ad-a603-d4acc855dca1,,,,,True,,,False,catalog.missing_content,complaint,,,3,catalog,True,0.0,0,Not every songs are available And also NOT satisfied Poor quality than the other apps,True,catalog.missing_content,complaint,3,completed,catalog
e67abde7-c3f7-4e67-8452-7dc5cba1ba19,billing.premium_only_controls,complaint,"The decisive issue is being forced into unremovable shuffle mode without premium ('can't turn off just bcz I don't have a premium'), a restricted function with workaround, and the 'boycott' line is a collective exhortation rather than a personal departure threat, so intent is complaint not cancellation.",3,True,complaint,billing,True,billing.premium_only_controls,complaint,True,True,3,billing,False,0.0,0,I might be the most lenient app user among the others but there's a limit of my patience too . Spotify you are just getting worse and worse with every freaking update and look at the rating!? 2.8 stars !? Seriously !? Can we even call that a rating. I now have to open the app and go back to replay t,True,billing.premium_only_controls,cancellation,3,completed,billing
50e774d2-83e9-4727-9084-289f478e8319,,,,,True,,,False,other.general,praise,,,1,other,True,0.0,0,"This app is the best music app for not only India but the world , the songs , lyrics ; all are displayed so clearly .... All the way I really like the app !!!!!",True,other.general,praise,1,completed,other
33604f60-b9e1-412d-af46-f7300071ba58,,,,,True,,,False,playback.stops_skips,complaint,,,3,playback,True,0.1,0,Way too often Spotify cuts out while in the car - doesn't even make it through a song. I have to re-download the app every few days. It's really very annoying.,True,playback.stops_skips,complaint,3,completed,playback
22249634-dd21-4018-94a1-1e8a5dd3f531,,,,,True,,,False,other.general,complaint,,,2,other,True,0.2,0,Very bad don't download,True,other.general,complaint,2,completed,other
c0c0e49c-cb20-4b5e-9375-3604a644c214,,,,,True,,,False,billing.premium_only_controls,complaint,,,3,billing,True,0.0,0,"Dear Spotify, If you're really trying to offer free music on Spotify Free, then you might as well make it not designed in such a way to force your users to buy your paid subscription-based service by making it painful to use as possible and paywall the highest quality music setting (which is still i",True,billing.premium_only_controls,complaint,3,completed,billing
7c5479c0-6682-4b77-a8af-b09607374918,,,,,True,,,False,other.general,unclear,,,1,other,True,0.3,0,☹️☹️,True,other.general,unclear,1,completed,other
6293d78f-7baf-45b1-863d-ef1fa9c5a893,,,,,True,,,False,other.general,praise,,,1,other,True,0.0,0,Greatest music app out there,True,other.general,praise,1,completed,other
d4a15fd9-511e-4ff1-ac1b-2d022f910591,,,,,True,,,False,other.general,praise,,,1,other,True,0.0,0,wow😊,True,other.general,praise,1,completed,other
7dbac1e9-ed7e-4dc8-ace5-ea374a02271e,,,,,True,,,False,billing.premium_only_controls,complaint,,,3,billing,True,0.0,0,Everyone's been saying the same thing. We've been using Spotify for years and suddenly we require a premium version for using all basic things. To say that I'm disappointed is an understatement.,True,billing.premium_only_controls,complaint,3,completed,billing
293a40fd-fb0d-4924-8e35-4e459260d882,,,,,True,,,False,other.general,praise,,,1,other,True,0.1,0,Beautifulmusic,True,other.general,praise,1,completed,other
2d9712a5-0ddb-45e9-90ef-5c39f66acb35,,,,,True,,,False,other.general,praise,,,1,other,True,0.1,0,Great work 👍,True,other.general,praise,1,completed,other
d8216eeb-af97-44b0-b231-9ed57f3a57be,,,,,True,,,False,other.general,praise,,,1,other,True,0.1,0,I just loved the app,True,other.general,praise,1,completed,other
826081e5-a199-40ea-bfeb-0ff991439830,,,,,False,,,False,catalog.search_discovery,complaint,,,2,catalog,True,0.0,0,"Only problem is the new album & songs section. It has not been updated for a while now. It's still showing albums from last year. Other than that, great premium service.",True,catalog.recommendations,complaint,2,completed,catalog
e3466c2e-3c49-4bbc-8f08-6305a261981a,,,,,True,,,False,usability.library_queue,complaint,,,3,usability,True,0.1,0,You can't make your own playlist without them butting in and putting their songs in your playlist. It is soooooo frustrating!! It used to be good but now it is absolutely terrible.,True,usability.library_queue,complaint,3,completed,usability
3be7952a-c738-46c2-b696-fa5bfa0042ea,,,,,True,,,False,other.general,complaint,,,2,other,True,0.2,0,"""Was"" the best",True,other.general,complaint,2,completed,other
7df06916-8ae1-49a1-b840-3c9dd8164863,downloads.fail_disappear,complaint,"The phrase 'all my music has now disappeared' indicates downloaded/saved music vanishing, matching downloads.fail_disappear rather than catalog removal.",4,False,complaint,downloads,True,downloads.fail_disappear,complaint,True,True,4,downloads,True,0.0,0,Was good till all my music has now disappeared. 👿,False,catalog.missing_content,complaint,4,completed,catalog
b3458351-56f5-40a2-b12c-65b22525fddb,other.general,complaint,"The text 'Worst app after new update' gives only generic criticism without naming any specific defect like layout or redesign, so it falls under general complaint rather than a specific usability issue.",2,False,complaint,other,True,usability.layout_redesign,complaint,True,False,2,usability,True,0.1,0,Worst app after new update..!,False,other.general,complaint,2,completed,other
003d596c-3719-4aad-a7bb-1fba80e68e80,,,,,True,,,False,other.general,praise,,,1,other,True,0.3,0,F Great experience,True,other.general,praise,1,completed,other
38afc1a6-5e47-4fe7-a523-9a2d6a524fb8,other.general,unclear,"The phrase 'Best wishes' contains no specific feedback about the app, making intent ambiguous rather than clear praise.",1,True,unclear,other,True,other.general,praise,False,True,1,other,False,0.1,0,Best wishes,True,other.general,unclear,1,completed,other
8be28a78-f372-4919-9ab6-b667536103f3,,,,,True,,,False,other.general,complaint,,,2,other,True,0.0,0,Not real good,True,other.general,complaint,2,completed,other
211ba443-c36d-47b4-a3aa-0d9f46bff5da,billing.premium_only_controls,complaint,"The review explicitly states lyrics are now locked behind premium features, matching the billing.premium_only_controls definition which names lyrics as an example.",3,False,complaint,billing,True,billing.premium_only_controls,complaint,True,True,3,billing,True,0.0,0,"With each update it's getting worse, even the lyrics are part of premium features now",False,catalog.lyrics,complaint,3,completed,catalog
1dbf15f9-99c4-4570-a3b1-4d7300ae1abc,,,,,True,,,False,billing.premium_only_controls,complaint,,,3,billing,True,0.3,0,Good but I want to listen to songs I wanna hear not to be forced to listen to songs I don't want to but forced to to listen to the songs I actually want,True,billing.premium_only_controls,complaint,3,completed,billing
1836e074-d1e5-43bb-a9e2-eb8912ad95c7,,,,,True,,,False,other.general,praise,,,1,other,True,0.0,0,Sin lugar a dudas y luego de recorrer todas las opciones de música por streaming me quedo con Spotify. Absolutamente recomendado,True,other.general,praise,1,completed,other
667aee89-4497-4a3d-937c-c1fe8f85b4f6,,,,,True,,,False,usability.ads,complaint,,,3,usability,True,0.1,0,More ads very bad i can't listen .my own songs it takes time 30 sec for ads pls report ads,True,usability.ads,complaint,3,completed,usability
c3c46fa3-631a-45da-935c-2d4bb7866e3b,,,,,True,,,False,other.general,praise,,,1,other,True,0.1,0,Superrrrrr🐒🐒🐒🐒🐒,True,other.general,praise,1,completed,other
3f68f3dc-cee4-49d4-8e4c-eafa0fead93b,,,,,True,,,False,billing.premium_only_controls,complaint,,,3,billing,True,0.1,1,"Too many ads, can't play the songs you want, can't play a Playlist if you don't pay for premium. To pay for premium, spotify doesn't accept rupay or gpay, only mastercard or visa which is very inconvenient. Very bad experience- of lately",True,billing.premium_only_controls,complaint,4,completed,billing
1bb66860-86e7-4720-9cee-806d9a00cb4c,,,,,True,,,False,other.general,request,,,1,other,True,0.1,0,I love this app. I just wonder of there is a way to put subtitles on to podcasts?,True,other.general,request,1,completed,other
5aaa2e45-7591-495b-9c7e-12482c747254,,,,,True,,,False,billing.premium_only_controls,complaint,,,3,billing,True,0.0,0,"It was best music app before but now it's the worst music app among other music apps, for everything they beg to purchase premium",True,billing.premium_only_controls,complaint,3,completed,billing
aa8dfc73-4ffc-426d-a337-7933ef175081,catalog.recommendations,praise,"The review specifically praises the 'New Music Fridays Playlist', a curated recommendation feature, which takes precedence over the generic opening praise.",1,False,praise,catalog,True,catalog.recommendations,praise,True,True,1,catalog,True,0.0,0,Never Disappoints! My Favorite Music Platform . Love New Music Fridays Playlist!,False,other.general,praise,1,completed,other
d46205e1-f7ab-4561-b779-e4369b5612ff,usability.controls_navigation,praise,"The phrase 'easy to use' specifically praises the app's navigation/controls, which is more specific than generic praise.",1,False,praise,usability,True,usability.controls_navigation,praise,True,True,1,usability,True,0.1,0,Good easy to use,False,other.general,praise,1,completed,other
c0618048-8f1f-4093-a4da-17574e012b65,,,,,True,,,False,usability.ads,complaint,,,2,usability,True,0.0,0,This app is too good. In this app you listen all song easily. But one issue is in this app many add come,True,usability.ads,complaint,2,completed,usability
8947c775-f749-4a58-8205-bd3917682db7,,,,,True,,,False,billing.premium_only_controls,complaint,,,3,billing,True,0.1,1,I've been on Spotify for more than 2 yrs now and It was working fine but now I can't turn off the shuffle? It's asking for premium. You can't listen to playlists in the order and no rewind option either. Can you fix this w/o premium or is Spotify going to be like this from now on?,True,billing.premium_only_controls,complaint,4,completed,billing
d5c944bb-da82-483f-a643-88e1e4eae552,,,,,True,,,False,billing.premium_only_controls,complaint,,,3,billing,True,0.0,1,"Faaltu, Ghatiyaa, Bhikaari App!! Was good earlier, but now it has removed all basic features and asks for premium.",True,billing.premium_only_controls,complaint,4,completed,billing
1b3de4fd-6060-4f93-b93f-66f869d7b209,,,,,True,,,False,other.general,complaint,,,2,other,True,0.1,0,Very bad app like a trash,True,other.general,complaint,2,completed,other
0c8d6bca-1a91-4ea2-b1da-a29c0cc8da83,,,,,True,,,False,other.general,praise,,,1,other,True,0.1,0,My music favourite app,True,other.general,praise,1,completed,other
3b8bea76-4990-4258-9fc4-825d62c81a05,,,,,True,,,False,other.general,unclear,,,1,other,True,0.0,0,Sweden product 🪨🪨,True,other.general,unclear,1,completed,other
abd0ada9-2ec5-49e1-bc1a-9ff7a96381ba,,,,,False,,,False,usability.controls_navigation,request,,,1,usability,True,0.0,0,"Add a delay in Title animation, so the starting of the title stays for a second then starts to go left. That'll make it a Lil bit easier to read.",True,usability.layout_redesign,request,1,completed,usability
5136d4b4-cda4-4ce0-8b14-704f74f52ef3,,,,,True,,,False,access.login,complaint,,,4,access,True,0.0,0,"Great library but that's it, aside from the same ads over and over again granted granted that's how they make money but a switch up every hour would be nice. My playlists have hundreds upon hundreds of songs but it only plays the same handful over an over but the worst part is password recovery afte",True,access.login,complaint,4,completed,access
3c509eaf-fc49-4455-8e97-6cb404a06645,,,,,True,,,False,billing.subscription_management,complaint,,,4,billing,True,0.1,0,Waste your time .. don't install.. when i use this application it is free for me.. little advertisement disturb but it's ok They force to purchase premium package no forward and backward song when i purchase the premium 2 days i heard Hd quality Sound I Able to do backward Forward Song But at Tbe 3r,True,billing.subscription_management,complaint,4,completed,billing
762e5d19-ffeb-4cbe-8dec-62aaf5586153,,,,,True,,,False,other.general,praise,,,1,other,True,0.1,0,This is a good app download it now,True,other.general,praise,1,completed,other
91ffa13d-1782-4baa-9d82-c3bd75bd9092,,,,,True,,,False,other.general,praise,,,1,other,True,0.0,0,Best & a cool platform for enjoy music,True,other.general,praise,1,completed,other
bf2b9755-7b85-4c73-bdc8-084eef41ac1a,other.general,complaint,"The text is generic 'worst app' criticism urging others (not the reviewer) to uninstall, matching the 'bad app' complaint rule rather than a personal cancellation.",2,True,complaint,other,True,other.general,cancellation,False,True,2,other,False,0.1,0,Is the worst app don't use it if uh install this aap go and fastly uninstall,True,other.general,complaint,2,completed,other
57f2e9c1-16cf-45e1-8334-241d1c57190b,,,,,True,,,False,other.general,unclear,,,1,other,True,0.1,0,Yes I am wari sad,True,other.general,unclear,1,completed,other
a247cebd-56a9-4915-a6e2-df8720f54f81,catalog.missing_content,praise,"The review specifically praises the catalog's song availability ('Has Almost Every song That I Like') before giving 5 stars, making catalog the first specific praised feature rather than general praise.",1,False,praise,catalog,True,other.general,praise,True,False,1,other,True,0.1,0,Has Almost Every song That I Like But Other Than That 5Stars!!!,False,catalog.missing_content,praise,1,completed,catalog
340b3102-4534-4b8b-88ec-dc9372c16019,,,,,True,,,False,catalog.lyrics,complaint,,,3,catalog,True,0.4,0,"Great service. Only complaint is to find certain artist or songs, lyrics don't work. So I find myself using YouTube to locate the song's exact name and artist and then typing it in search on Spotify and then add it to a playlist.",True,catalog.lyrics,complaint,3,completed,catalog
7ab9a998-a394-42fe-8942-48d0471c7ede,,,,,True,,,False,usability.ads,cancellation,,,2,usability,True,0.0,1,"Ads out the butt, 5 in a row. Just delete meow",True,usability.ads,cancellation,3,completed,usability
aec1325f-3ad4-42c6-b47f-a2c7ba6f70d3,,,,,True,,,False,other.general,praise,,,1,other,True,0.0,0,Very innovative,True,other.general,praise,1,completed,other
637cce38-4d12-4efb-9a16-85b84b61b0b2,,,,,True,,,False,access.login,complaint,,,3,access,True,0.0,0,"Recently I got a problem with logging in in the app. I am using option with google. However, in web version everything works.",True,access.login,complaint,3,completed,access
77b975f1-1b4d-4b96-81ec-b38a1f11f44d,,,,,True,,,False,playback.stops_skips,complaint,,,3,playback,True,0.5,0,I love this app but sometimes the songs are not finished,True,playback.stops_skips,complaint,3,completed,playback
662d0a78-388d-4ed2-aaba-5ca3a505a3ef,playback.audio_quality,praise,"The phrase 'super sonic sound clarity' is a specific praised feature matching playback.audio_quality, with no complaint present.",1,False,praise,playback,True,playback.audio_quality,praise,True,True,1,playback,True,0.1,0,Mesimerizing..... variety..... super sonic sound clarity,False,other.general,praise,1,completed,other
ae88e656-3a8a-4358-a06a-6dc11fe35744,,,,,True,,,False,playback.devices,praise,,,1,playback,True,0.0,0,"Plays through my hearing aids, with perfect stereo sound. Ever so satisfying!",True,playback.devices,praise,1,completed,playback
3eed8b05-b111-49e9-a24b-37016a5416f8,,,,,True,,,False,access.login,complaint,,,3,access,True,0.0,0,Log in error every night Very annoying,True,access.login,complaint,3,completed,access
79cc1e48-14b4-4480-b6fc-e3b428d6a4cf,other.general,complaint,"The phrase is vulgar generic criticism of Spotify with no specific defect reported, matching general 'bad app' complaint severity 2.",2,True,complaint,other,True,other.general,complaint,True,True,2,other,False,0.0,1,Spotify ki mkc,True,other.general,unclear,1,completed,other
1c699c0c-c1f5-4e9e-b37d-207d5543709e,,,,,True,,,False,other.general,praise,,,1,other,True,0.1,0,Easy to use plenty of songs and cheap membership package,True,other.general,praise,1,completed,other
d1b8989e-b591-409e-a3b3-16643c02b40f,,,,,True,,,False,other.general,praise,,,1,other,True,0.1,0,Much better than before .,True,other.general,praise,1,completed,other
51679706-d813-4076-9845-b8f18306cf75,downloads.offline_mode,complaint,"The review's most severe specific issue is that premium downloads 'only work half the time' with no reception, a degraded but not fully blocked offline function, outweighing the lower-severity ad complaint.",3,False,complaint,downloads,True,usability.ads,complaint,True,False,3,usability,True,0.1,1,"Constant dissapointment in different ways, like why am i listening to adds when im paying for this service... the podcasts im listening to is now switching to different podcasts when done with an episode on the podcast im listening too... also I pay for premium to download my music but if i am somew",False,downloads.offline_mode,complaint,4,completed,downloads
3939c313-a7d8-4850-99f1-cd663489866d,usability.ads,praise,"The review specifically praises listening 'without interuptions or ads', naming ads as the specific praised feature rather than general praise.",1,False,praise,usability,True,other.general,praise,True,False,1,other,True,0.0,0,Awesome app.. can't complain.. more over you can listen to songs without interuptions or ads.,False,usability.ads,praise,1,completed,usability
d5257b52-359b-4a97-a194-f9aaf43204c1,,,,,True,,,False,playback.connection,complaint,,,4,playback,True,0.1,0,App thinks Im not connected to the internet even though I am. Cant log on. Useless.,True,playback.connection,complaint,4,completed,playback
38be0a44-1583-4f3d-84de-1b173603c2dd,,,,,True,,,False,other.general,unclear,,,1,other,True,0.0,0,"Luvhmm. I. Oovhcp,i. , ha",True,other.general,unclear,1,completed,other
44275ff0-b59b-44b1-90b7-a38d38ae9eba,usability.controls_navigation,complaint,"The review's specific, detailed complaint is that shuffle only plays the same ~40 songs out of 1000+, a controls/navigation issue with a workaround rather than a crash, supporting severity 3.",3,False,complaint,usability,True,usability.controls_navigation,complaint,True,True,3,usability,True,0.1,1,Super buggy and not working properly since latest update technology support no help either. Why update something that is working fine to something that now doesn't work? Why does shuffle not work? It plays the same 40ish songs every time and I have over 1000 songs on my playlist. What is the point o,False,playback.crashes_freezes,complaint,4,completed,playback
6ff716e4-c4cf-4e15-ad23-7fec1a77d936,,,,,True,,,False,usability.layout_redesign,complaint,,,3,usability,True,0.0,0,"As it the update shoving Podcasts down my throat wasn't bad enough, they've now also changed the interface to be a TikTok style set of scroll cards. It's clunky unintuitive and just plain worse. I just want to listen to music, not scroll endlessly through stupid recommendations.",True,usability.layout_redesign,complaint,3,completed,usability
ad9be885-d7d3-40b8-901e-91846cdcfd34,,,,,True,,,False,other.general,complaint,,,2,other,True,0.0,0,Hate thiisss appp😡😡😡,True,other.general,complaint,2,completed,other
8c4c8946-103d-4c86-8a5e-63d7f93b193f,,,,,True,,,False,other.general,praise,,,1,other,True,0.1,0,"Love, love, love Spotify!!",True,other.general,praise,1,completed,other
0c932098-decf-4ee7-ac6b-67bf9025daa2,,,,,True,,,False,other.general,praise,,,1,other,True,0.0,0,Fine thanks,True,other.general,praise,1,completed,other
e70dcd2e-2ea5-486f-a610-84d690b1f529,other.general,cancellation,"The review only states 'Had to uninstall it. The worst version of it.' with no specific defect like crashes or redesign mentioned, so it is a generic complaint warranting other.general at severity 2.",2,False,cancellation,no_majority,True,usability.layout_redesign,cancellation,True,False,2,usability,True,0.0,2,Had to uninstall it. The worst version of it.,False,playback.crashes_freezes,cancellation,4,completed,playback
b63e7c00-de89-4303-9f70-73d00b7c0d76,,,,,True,,,False,playback.stops_skips,complaint,,,3,playback,True,0.0,0,Repeating the same song for more than twice or thrice in my playlist. It happens every day. Fix it Spotify.,True,playback.stops_skips,complaint,3,completed,playback
02fb6bcb-cbf9-4dce-a20d-a326f69532b2,,,,,True,,,False,other.general,unclear,,,1,other,True,0.0,0,Sub to sloppy pics productions and you get a cookie,True,other.general,unclear,1,completed,other
9046d484-cab1-4410-822e-81a8e668720b,usability.library_queue,praise,"The review specifically praises the 'play list' feature, which falls under library/queue management rather than general praise.",1,False,praise,usability,True,usability.library_queue,praise,True,True,1,usability,True,0.0,0,Owsome play list 😍,False,other.general,praise,1,completed,other
f6431da2-5d06-466a-8200-ee6c8d01881d,,,,,True,,,False,usability.ads,complaint,,,2,usability,True,0.0,1,"Too many ads , worst experience",True,usability.ads,complaint,3,completed,usability
888692f1-eb60-44f0-9078-f662ef1efcca,,,,,True,,,False,other.general,praise,,,1,other,True,0.0,0,Very very nice app 👍 awesome kp up this good work for destressing PPL worldwide. Thanks dr (mrs) Soumyasurajita.,True,other.general,praise,1,completed,other
5d1357fd-2a7c-4239-b5c2-ba7d8160351a,,,,,True,,,False,usability.ads,request,,,1,usability,True,0.5,0,Ads is not requirement so reduced it any how,True,usability.ads,request,1,completed,usability
1887b458-3c8e-4d36-9c97-140ec57b6d12,,,,,True,,,False,catalog.missing_content,request,,,1,catalog,True,0.3,0,"Today I downloaded this app 😁 It's awesome 👍🏻 but please add tere bin drama ost 🙏🏻🙏🏻🙏🏻 it's a humble request because I love that 💖 so if you add that then I will definitely happy 😉 Please add ""Tere bin"" drama ost 🙏🏻🙏🏻🙏🏻",True,catalog.missing_content,request,1,completed,catalog
fe0c23c2-777f-453a-ab55-7e501db7acc6,billing.premium_only_controls,complaint,"The user states 'Every single basic feature is moved to premium' and 'can't even decide the order for streaming songs,' describing a restricted but not fully blocked function, framed as frustration rather than a definitive departure.",3,True,complaint,billing,True,billing.premium_only_controls,complaint,True,True,3,billing,False,0.0,1,"The current update has made the app such a nuisance in the name of a music streaming app. Every single basic feature is moved to premium. I now can't even decide the order for streaming songs. Updates are for enhancing user experience not making things difficult. Why shall I use the app anymore, it ",True,billing.premium_only_controls,cancellation,4,completed,billing
f71fcc69-c4e7-496c-a232-8b821b4b3c3c,,,,,True,,,False,playback.audio_quality,praise,,,1,playback,True,0.0,0,Volume of the song is excellent,True,playback.audio_quality,praise,1,completed,playback
fbf172c6-1403-4af1-b277-1a05deb137ef,usability.library_queue,praise,"The review specifically praises 'GREAT PLAYLISTS', a library/queue feature, rather than offering only general praise.",1,False,praise,usability,True,usability.library_queue,praise,True,True,1,usability,True,0.0,0,"GREAT PLAYLISTS,easy to use.Still A great app.",False,other.general,praise,1,completed,other
d52c504f-b12e-4ca8-832e-fee22f9a27d8,usability.ads,cancellation,"The core complaint is ads interrupting a paid Premium experience ('still get ads even though I PAY for Spotify Premium'), fitting usability.ads with cancellation intent due to 'seriously considering canceling'.",3,False,cancellation,usability,True,usability.ads,cancellation,True,True,3,usability,True,0.1,1,"I honestly love Spotify, always have. I love the discover playlists and just the functionality of it all. That being said though.... Why the hell would I still get ads even though I PAY for Spotify Premium????? And no, I'm not logged into the wrong account... and my account is paid in full. What the",False,billing.charges_refunds,cancellation,4,completed,billing
fb4f66d6-64c1-44c9-b857-d009fea94478,,,,,True,,,False,other.general,praise,,,1,other,True,0.0,0,Extremely satisfied,True,other.general,praise,1,completed,other
42ade911-fd0e-46e8-b43e-08c36e9594b4,,,,,True,,,False,other.general,complaint,,,2,other,True,0.0,0,Used to be my favorite. Recent updates have ruined everything.,True,other.general,complaint,2,completed,other
78671b58-837e-431f-a852-0ad30c7d6efd,,,,,True,,,False,other.general,unclear,,,1,other,True,0.0,0,🌝,True,other.general,unclear,1,completed,other
3c183754-be82-4426-b8db-4811df9de873,,,,,True,,,False,billing.charges_refunds,complaint,,,3,billing,True,0.1,0,"Ada sedikit masalah ketika saya akan melakukan pembayaran,sering kali ada error saat menyambungkan.Dan itu cukup menyukitkan saya ketika akan melakukan pembayaran mingguan.",True,billing.charges_refunds,complaint,3,completed,billing
4af31a4b-209a-4ed1-8749-e8913a43b806,usability.controls_navigation,complaint,"The review describes being unable to turn off shuffle on a playlist without any mention of premium/paywall, matching 'shuffle...behaviour not tied to paying' under usability.controls_navigation.",3,False,complaint,usability,True,billing.premium_only_controls,complaint,True,False,3,billing,True,0.1,0,Spotify was amazing at first bc I could choose what i wanted to listen to but when I opened the app today my whole Playlist was on shuffle and I couldn't change it,False,usability.controls_navigation,complaint,3,completed,usability
b141678c-bc55-427a-be28-df28918a8108,,,,,True,,,False,billing.premium_only_controls,complaint,,,3,billing,True,0.0,0,The worst update ever. Spotify literally becoming so money hungry that they won't even let us play songs.,True,billing.premium_only_controls,complaint,3,completed,billing
2c2ac51e-3f2d-45d4-a0ef-11d93113a24b,,,,,True,,,False,other.general,complaint,,,2,other,True,0.0,0,this app is worst,True,other.general,complaint,2,completed,other
2c2ee1c7-2599-4cfb-af55-c1427bf7d68f,,,,,True,,,False,other.general,praise,,,1,other,True,0.1,0,So Good Working,True,other.general,praise,1,completed,other
a95321f5-b797-453b-89e7-cc60a24d8f47,,,,,True,,,False,other.general,praise,,,1,other,True,0.1,0,"Best you can get, A proper music experience",True,other.general,praise,1,completed,other
29e74572-6a09-4b8f-a2be-e027c5ae461d,,,,,True,,,False,access.login,complaint,,,3,access,True,0.1,0,It's getting on my nerves it keeps logging me out,True,access.login,complaint,3,completed,access
8886abad-ea34-430c-80c9-73d36d9f2d67,,,,,True,,,False,access.login,complaint,,,4,access,True,0.1,1,Server problem during log in,True,access.login,complaint,3,completed,access
ab5d01c1-0ae6-4976-baaf-807af58b931d,,,,,True,,,False,other.general,praise,,,1,other,True,0.1,0,Nice app aahe,True,other.general,praise,1,completed,other
56318f07-6832-4535-b2be-d78ab1b7d471,,,,,True,,,False,other.general,praise,,,1,other,True,0.0,0,Super apps 👌👍😍🤩😘❤🥰🌹💞💕👏,True,other.general,praise,1,completed,other
f8e73c78-189b-426e-8408-348697416ead,,,,,True,,,False,other.general,praise,,,1,other,True,0.0,0,The best!..I'm enjoying it.,True,other.general,praise,1,completed,other
404d8422-1ddc-4841-9f45-85d0aae865e8,,,,,True,,,False,other.general,praise,,,1,other,True,0.1,0,Pretty good with premium,True,other.general,praise,1,completed,other
c67de371-e2d2-45af-a15f-998c9d9655f3,usability.library_queue,complaint,"The phrase 'Cannot get the whole Album at one time' describes a restricted library/playlist function rather than missing content, matching usability.library_queue.",3,False,complaint,usability,True,usability.library_queue,complaint,True,True,3,usability,True,0.1,0,Cannot get the whole Album at one time.,False,catalog.missing_content,complaint,3,completed,catalog
cb50f48d-9666-4223-ac7b-e6bacb8eb68c,,,,,True,,,False,other.general,praise,,,1,other,True,0.3,0,Mnandi sweet,True,other.general,praise,1,completed,other
31415f3a-55d2-4b3f-ac8d-04369d4a175c,,,,,True,,,False,access.login,complaint,,,4,access,True,0.1,0,Horrible absolutely horrible kept on telling me to use my email find me with Facebook or login and I did Google it just kept on telling me I had to just normally log in with a password all I want to do is listen to music 😕,True,access.login,complaint,4,completed,access
b372958e-7755-4cf5-a3e9-f5680de3c8eb,,,,,True,,,False,other.general,unclear,,,1,other,True,0.5,0,We are boycotting swedish application in our protest against Sweden for disrespecting quran,True,other.general,unclear,1,completed,other
a917e097-a908-462e-9d77-9cc033d03b83,,,,,True,,,False,other.general,praise,,,1,other,True,0.1,0,Excellent job Spotify,True,other.general,praise,1,completed,other
16d07593-b271-47bd-b592-dd8993692706,,,,,True,,,False,other.general,praise,,,1,other,True,0.1,0,Unbelievably the best. Lost of words really,True,other.general,praise,1,completed,other
eb163e24-d5c5-40c6-969e-d64bdf070c01,,,,,True,,,False,other.general,complaint,,,2,other,True,0.2,0,I hate this application🤮,True,other.general,complaint,2,completed,other
c3ae2496-1199-42e7-a479-3fc4e98d1e36,,,,,True,,,False,playback.audio_quality,complaint,,,2,playback,True,0.2,0,Bakwaas music quality,True,playback.audio_quality,complaint,2,completed,playback
c3423c4c-62f1-4928-bf78-b721e837305a,usability.layout_redesign,praise,"The reviewer thanks Spotify for reverting the 'tiktok style home screen' and gives '4 stars again', indicating positive feedback about the layout with no ongoing complaint.",1,True,praise,usability,True,usability.layout_redesign,complaint,False,True,2,usability,False,0.1,1,Good that you listend to the community. The tiktok style home screen was horrible. Thank for reverting it!! 4 stars again.,True,usability.layout_redesign,praise,1,completed,usability
153e3b5a-4562-425a-adfa-77e5135207d7,billing.premium_only_controls,cancellation,"The reviewer complains they 'can't move a song forward' and 'can't even see the lyrics,' both classic free-tier restrictions explicitly locked behind Premium, while threatening to switch platforms.",3,False,cancellation,billing,True,billing.premium_only_controls,cancellation,True,True,3,billing,True,0.0,1,Why are they trying to make the app the worst? I am literally planning to switch to another platform. Like you literally can't move a song forward and you can't even see the lyrics! The basic uses of this app have been abolished and now it's literally of no use!,False,playback.stops_skips,cancellation,4,completed,playback
aad67d15-9127-4d9d-a031-741e2b8910b0,,,,,True,,,False,catalog.recommendations,praise,,,1,catalog,True,0.0,0,This app is so amazing it has the best stations with all of my favorite music,True,catalog.recommendations,praise,1,completed,catalog
19619c31-1426-40bd-99cc-5aeab6dd48d9,,,,,True,,,False,other.general,complaint,,,2,other,True,0.1,0,It is waste app in the world,True,other.general,complaint,2,completed,other
0241e594-d1ff-4c7d-9e38-1568d138a81f,,,,,True,,,False,catalog.recommendations,praise,,,1,catalog,True,0.0,0,"Great music, well curated.",True,catalog.recommendations,praise,1,completed,catalog
9426d647-4f6f-4757-9493-f6a2cccc346e,,,,,True,,,False,usability.ads,complaint,,,2,usability,True,0.1,0,I was listing ads just got intrupted by some songs 😂,True,usability.ads,complaint,2,completed,usability
dd9c6c25-f204-48f5-a394-887aa25469b2,,,,,False,,,False,playback.other,complaint,,,3,playback,True,0.1,0,The music dont play right at times,True,playback.stops_skips,complaint,3,completed,playback
b0f59868-4070-492b-a309-d16b8f57a756,,,,,True,,,False,other.general,unclear,,,1,other,True,0.0,0,Tysgsgsgshshsjhsvs sushsksvdudgw s we sgsvvdis susgs d ixvx cibznix x CNN work at the end and you can do it for the invite though I was like I don't have a wonderful day today and I'm sorry baby I just want to do that for a bit of time to do that for me I have no clue I was just 🤔 you were going to ,True,other.general,unclear,1,completed,other
c860c8ed-3427-43e8-adc6-fb48e981e122,,,,,True,,,False,usability.ads,cancellation,,,2,usability,True,0.0,1,Do not install Reason : full of ads,True,usability.ads,cancellation,3,completed,usability
9f51808a-3d5a-4609-bb35-b5817d3197fa,,,,,True,,,False,other.general,praise,,,1,other,True,0.0,0,Tqm Spotify,True,other.general,praise,1,completed,other
55bd2e23-7152-4278-afbc-e0a92729fc70,,,,,True,,,False,access.login,complaint,,,4,access,True,0.0,0,"Evertime i login to my account, Spotify is showing incorrect password. Even when i am resetting my password and then logging in again.",True,access.login,complaint,4,completed,access
0b50eaf8-d504-494f-b294-66871d473f6d,,,,,True,,,False,other.general,praise,,,1,other,True,0.1,0,work of art.,True,other.general,praise,1,completed,other
a2324507-4c7c-4d45-9bd7-7990abc88eed,billing.premium_only_controls,complaint,"The review vaguely states a 'basic feature' was removed/paywalled to earn money, indicating a restricted function without specifying a fully blocked core task like login or playback.",3,True,complaint,billing,True,billing.premium_only_controls,complaint,True,True,2,billing,True,0.1,2,ARE YOU MAD OR SOMETHING WHY ARE YOU REMOVING BASIC FEATURE JUST TO EARN MONEY NOT UP TO THE MARK,True,billing.premium_only_controls,complaint,4,completed,billing
928c70f6-21bb-457c-a77f-70505823941c,,,,,True,,,False,access.login,complaint,,,4,access,True,0.0,0,"каждый раз когда я выезжаю в другую страну,спотифай летит и выходит с аккаунта. Когда я пытаюсь возобновить пароль через почту он выдаёт ошибку,а найти свой предыдущий профиль не получается.",True,access.login,complaint,4,completed,access
1cb62066-6e46-4723-aa41-f9afe6815b12,usability.controls_navigation,request,"The request to 'reverse the direction podcasts autoplay' concerns a playback control/navigation setting, not the recommendation algorithm, so Label A's code fits better.",1,False,request,usability,True,usability.controls_navigation,request,True,True,1,usability,True,0.2,0,"I think Spotify is 99% perfect for all your listening needs, I wish you could reverse the direction podcasts autoplay in though",False,catalog.recommendations,request,1,completed,catalog
dd15141d-b417-4ccf-9aa8-4df16702dd3f,,,,,True,,,False,usability.library_queue,complaint,,,3,usability,True,0.0,1,ffs why did you remove the scroling bar in the liked songs?,True,usability.library_queue,complaint,2,completed,usability
5591fd90-446d-4a76-a083-5ee6ae9b11cd,,,,,True,,,False,other.general,complaint,,,2,other,True,0.1,0,Bad application 👎🏻,True,other.general,complaint,2,completed,other
d3784c3f-bace-4b73-8032-08195f05086b,,,,,True,,,False,usability.ads,complaint,,,2,usability,True,0.1,0,too much ads 😕,True,usability.ads,complaint,2,completed,usability
db8f4779-98b4-41b4-b274-27556ef24aa4,billing.premium_only_controls,complaint,"The phrase 'purposely glitch things if you have a free account' directly describes a free-tier restriction, matching billing.premium_only_controls with a degraded function.",3,False,complaint,billing,True,other.general,complaint,True,False,2,other,True,0.1,1,They purposely glitch things if you have a free account. Spotify we're not dumb.,False,billing.premium_only_controls,complaint,3,completed,billing
e1ee27e2-4f0a-408d-b6f9-901564852a0c,,,,,True,,,False,other.general,praise,,,1,other,True,0.1,0,Great selection and easy to use,True,other.general,praise,1,completed,other
e11cf01c-9657-416e-a48c-72f7155f4d6f,,,,,True,,,False,other.general,praise,,,1,other,True,0.1,0,I love that I get to listen to my favorite artists and there albums,True,other.general,praise,1,completed,other
d1412f94-e984-496d-8516-0b202b984ef5,,,,,False,,,False,usability.controls_navigation,complaint,,,3,usability,True,0.6,1,The genre slider in the liked songs is not working other then that fine,True,usability.library_queue,complaint,2,completed,usability
ef70b789-e6d4-4251-98da-2829b8ead149,,,,,True,,,False,billing.premium_only_controls,complaint,,,3,billing,True,0.1,0,Good but wish it was better the fact that u can't pick the exact song u want to play but u have to wait. I don't mind the ads but some time thay can get A little bit annoying,True,billing.premium_only_controls,complaint,3,completed,billing
2266ae4c-91ec-4b33-a97b-dd4d94d8e7ed,,,,,True,,,False,billing.premium_only_controls,complaint,,,3,billing,True,0.0,0,Most option in premium not in normal. Ad is accept but previous song button and more... Any way I rate one.,True,billing.premium_only_controls,complaint,3,completed,billing
cec2e945-0b54-4923-839c-bf16cb1df81f,catalog.other,cancellation,"The user complains about missing the 2022 Wrapped feature (a catalog/content feature) and threatens to uninstall, which is an annoyance rather than a blocked core function.",2,False,cancellation,catalog,True,catalog.other,cancellation,True,True,3,catalog,True,0.0,1,Bro I didn't got 2022 wrap I used for 2 days please provide me Yours faithfully Laal....bro I am going to uninstall please reply🙏,False,other.general,cancellation,2,completed,other
81165129-15cd-42fa-9998-61d2841b97f6,,,,,True,,,False,usability.ads,complaint,,,2,usability,True,0.1,0,You don't have to be so annoying with the ads and begging the users to go ads-free.,True,usability.ads,complaint,2,completed,usability
94947e91-101a-4467-8f1e-7e377c6ba452,playback.stops_skips,complaint,"The core complaint ('clicking a song and it gives the wrong song... keeps doing it over and over') describes a playback selection failure, not a UI control problem, but music still plays so it's a degraded function rather than a full block.",3,False,complaint,playback,True,usability.controls_navigation,complaint,True,False,3,usability,True,0.0,1,Worst music app I've been to Spotify could do better than this i try clicking a song and it gives it the wrong song and idk if im doing anything wrong but it keeps doing it over and over again I dont know why. Worst 🤮😡,False,playback.stops_skips,complaint,4,completed,playback
4b07b40d-468a-4bd9-bc19-ee8c95ec5ae3,,,,,True,,,False,playback.devices,complaint,,,3,playback,True,0.0,1,I have Spotify connected to my Sonos and it keeps saying Spotify has lost connection after I have updated my Sonos app. Its become extremely annoying and doesn't help my 9 month old for her naps when it keeps skipping songs or only plays 5 seconds of a song then skips to the next one. We pay for Spo,True,playback.devices,complaint,4,completed,playback
9b17a878-6dff-4473-940e-943eab71391a,,,,,True,,,False,other.general,praise,,,1,other,True,0.1,0,the best music app ever,True,other.general,praise,1,completed,other
29c881cc-3f15-4b1d-95ca-95e80789ec82,,,,,True,,,False,usability.ads,complaint,,,3,usability,True,0.0,1,The number of ads and constant shuffling is insufferable for how little they pay artists.,True,usability.ads,complaint,2,completed,usability
bf6d7d4b-0e2f-4cb5-9f33-58874fd43499,,,,,True,,,False,other.general,complaint,,,2,other,True,0.1,0,Worst.,True,other.general,complaint,2,completed,other
8aed4826-d31a-4d4d-9be2-977d59c44fae,,,,,True,,,False,other.general,praise,,,1,other,True,0.1,0,"I use it daily, works well, good app",True,other.general,praise,1,completed,other
acacd860-38ed-423b-a6b9-cfbf21e535d5,playback.audio_quality,praise,"The review's first specific praised feature is the volume/bass sound system ('Osm volume base anomic system'), which fits playback.audio_quality rather than a generic 'other' praise or storage/resource comment.",1,False,praise,playback,True,playback.resource_use,praise,True,True,1,playback,True,0.1,0,Awesome app it's my experience he's app very short 😊 and. Osm volume base anomic system aur isme sabse achhi baat to yeh baat hai ki kam mb ka hai 😌🙆💓🙏,False,other.general,praise,1,completed,other
3e8b3448-7fca-4ab9-8d82-8a11c47ff119,,,,,True,,,False,billing.premium_only_controls,complaint,,,3,billing,True,0.1,0,At this point the app is just absurd. There requires a premium pass for almost all functions in the app even listening to particular part of yhe songs requires a premium pass,True,billing.premium_only_controls,complaint,3,completed,billing
c4fb166e-fbb9-41d6-a388-c18eb8b6b893,,,,,True,,,False,other.general,praise,,,1,other,True,0.1,0,No words Only💘,True,other.general,praise,1,completed,other
d1231b98-ebc4-4791-9921-c69d67363b8e,playback.stops_skips,complaint,"The review's first and concrete problem is the song 'stopping midsong' and reverting, while the account-compromise worry is self-contradicted by 'there are no other devices', so playback.stops_skips with severity 3 best fits.",3,False,complaint,playback,True,playback.stops_skips,complaint,True,True,3,playback,True,0.2,1,Keeps stopping midsong thenr everts back to. 02:00 which was so weird. I feelclike somwone else isnusing my account but there are no other devices,False,access.account_compromised,complaint,4,completed,access
f58853fc-16f8-45b1-8794-780d59555420,,,,,True,,,False,access.app_wont_open,complaint,,,4,access,True,0.1,0,Als ik de app open gebeurt er niks zie alleen het logo,True,access.app_wont_open,complaint,4,completed,access
aaa8f04d-4c8f-4e7c-8c36-c83436f7455d,playback.audio_quality,praise,"The review specifically praises 'the sound is great,' which is a specific feature (audio quality) rather than general praise.",1,False,praise,playback,True,playback.audio_quality,praise,True,True,1,playback,True,0.0,0,I'm never disappointed in any music or podcast I choose. The sound is great.,False,other.general,praise,1,completed,other
9211907d-d666-4133-a5e7-ec297c07bf17,,,,,True,,,False,other.general,unclear,,,1,other,True,0.0,0,Bykote sewden Jai hind,True,other.general,unclear,1,completed,other
75b6fd18-9100-4396-a245-3bd6a4a25e56,billing.premium_only_controls,complaint,"The review explicitly states lyrics are locked 'due to premium', matching the premium-only-controls definition and being the first issue mentioned.",3,False,complaint,billing,True,billing.premium_only_controls,complaint,True,True,3,billing,True,0.1,0,Due to premium we can't see lyrics on each song which has lyrics till date also lyrics are not showing of many songs,False,catalog.lyrics,complaint,3,completed,catalog
f4946067-b066-4e26-8da6-6bdc5f97a229,other.general,cancellation,"The review only vaguely criticizes Spotify as 'money minded' and recommends switching to Gaana, without a specific price or billing complaint, so it fits general criticism with cancellation intent.",2,False,cancellation,other,True,other.general,cancellation,True,True,2,other,True,0.1,0,Money Minded! Use gaana,False,billing.price,cancellation,2,completed,billing
f21fd651-956e-4288-962a-2aad02b0acc7,,,,,True,,,False,other.general,complaint,,,2,other,True,0.0,0,From best music app to worst music app 🗿,True,other.general,complaint,2,completed,other
62fb5653-52ec-4e31-9449-e95bcd7aa210,,,,,True,,,False,billing.premium_only_controls,complaint,,,3,billing,True,0.5,0,Dosent even let you play the song you want Nvm I found alot of new songs I like due to being poor,True,billing.premium_only_controls,complaint,3,completed,billing
3f8bf693-9a22-424e-8642-757a14fd66fa,,,,,True,,,False,other.general,praise,,,1,other,True,0.0,0,Very very very very nice 👍,True,other.general,praise,1,completed,other
6c94326c-3818-47dd-ad18-3c2990f33187,,,,,True,,,False,other.general,unclear,,,1,other,True,0.0,0,Se,True,other.general,unclear,1,completed,other
5c599527-c464-4929-b9d4-9b1681f9ffb7,,,,,True,,,False,billing.premium_only_controls,complaint,,,3,billing,True,0.0,0,Basic features like seeking or adding to queue or anything other than shuffle is paywalled now?,True,billing.premium_only_controls,complaint,3,completed,billing
bb28d94b-3bed-43fb-9d9b-47bdc83d5649,,,,,True,,,False,other.general,praise,,,1,other,True,0.0,0,"I love it, i listen to it every moment of the day. It's an easy app and not that expensive if you share it with friends/family.",True,other.general,praise,1,completed,other
afb5dd87-5883-432e-9516-3ed79f6aea75,,,,,True,,,False,other.general,praise,,,1,other,True,0.05,0,One of my favorite app😍😍😍😍😍😍😍😍😍😍😍😍😍😍😍😍😍,True,other.general,praise,1,completed,other
7098eb4e-2b85-4eb0-acf3-54a4cee7a603,,,,,True,,,False,usability.library_queue,complaint,,,3,usability,True,0.1,1,Normally it works great. I deleted it and reinstalled it and now it says that there are no songs in any playlists. PLEASE HELP,True,usability.library_queue,complaint,4,completed,usability
4f32d3a3-37a8-406d-ba35-ca93bf4d2fef,catalog.other,praise,"The first specific praised feature is the 'list of artists one can choose from', indicating catalog variety rather than audio quality or generic praise.",1,False,praise,no_majority,True,playback.audio_quality,praise,True,False,1,playback,True,0.05,0,"I like the list of artists one can choose from,the quality of music and content is above one's imagination do I will encourage family and friends to join spotify cause it's superb",False,other.general,praise,1,completed,other
19cd7408-0e6e-46d2-a1bc-1dc77bf5d916,,,,,True,,,False,other.general,praise,,,1,other,True,0.2,0,It's okay to me.,True,other.general,praise,1,completed,other
df4f1db1-2707-416d-859b-b86adf24d0e4,,,,,True,,,False,playback.crashes_freezes,complaint,,,4,playback,True,0.2,0,Not able to play a song ...song starts n app get foreclose,True,playback.crashes_freezes,complaint,4,completed,playback
5a8f5840-6d93-45c0-b1fb-c52f3b404e37,,,,,True,,,False,catalog.missing_content,complaint,,,2,catalog,True,0.4,0,Fairly cool could use more bands but all right,True,catalog.missing_content,complaint,2,completed,catalog
df3925e8-a2d0-4e07-8f17-b8b9656542d8,,,,,True,,,False,catalog.recommendations,complaint,,,3,catalog,True,0.1,0,"Spotify is perfect for podcasts. But I made a Playlist of all my favorites songs in a curtin genre, and it plays the same songs over and over. I googled why, supposedly it perceives my favorite songs. But it seams to me like it is designed to play the most popular songs first. Most of my favorite so",True,catalog.recommendations,complaint,3,completed,catalog
8cc99cda-ef47-4ac5-bee4-2d5c9548ec65,,,,,True,,,False,other.general,praise,,,1,other,True,0.15,0,BEAURIFUL,True,other.general,praise,1,completed,other
5d2c98ab-c85a-468f-8290-76464ea6ae87,,,,,True,,,False,other.general,praise,,,1,other,True,0.0,0,"best music app, being on premium is definitely worth it.",True,other.general,praise,1,completed,other
5595155e-31d6-4bb9-ad4f-b156c291d783,,,,,True,,,False,other.general,praise,,,1,other,True,0.1,0,"The Prepared playlist is AWESOME,",True,other.general,praise,1,completed,other
0be5018a-1b0f-4a71-853e-31f5482bbee0,,,,,True,,,False,other.general,praise,,,1,other,True,0.05,0,It is Very Helpful To me nd it is very nice listening app...😊🖤,True,other.general,praise,1,completed,other
c950d514-9a15-4a67-88bd-7c2ad95730d8,,,,,True,,,False,other.general,praise,,,1,other,True,0.1,0,Nice can play my fav songs,True,other.general,praise,1,completed,other
8ffae825-dfcc-487a-8673-e1271da30be9,,,,,True,,,False,other.general,praise,,,1,other,True,0.0,0,PerFeCtLY💯,True,other.general,praise,1,completed,other
23116103-d0d6-4c4a-a931-268669c8474e,,,,,True,,,False,other.general,praise,,,1,other,True,0.0,0,Nice 👍🙂👍👍,True,other.general,praise,1,completed,other
9a82fd83-395d-452e-b350-253ef7c6e572,usability.library_queue,complaint,"The decisive complaint is that Spotify 'insists on shuffling random song into my personal playlist' despite disabling settings, which is a playlist management issue rather than a mid-playback skip.",3,False,complaint,usability,True,playback.stops_skips,complaint,True,False,3,playback,True,0.1,0,"Overall experience is okay. It keeps logging me out for seemingly no reason, which is annoying but manageable. The real one star rating reason comes with the fact that Spotify insists on shuffling random song into my personal playlist. I've turned off every relevant setting in the app that would cau",False,usability.library_queue,complaint,3,completed,usability
550a9a55-dea3-437d-ac1a-701173bf5a99,,,,,True,,,False,playback.connection,complaint,,,3,playback,True,0.0,1,I love Spotify but recently it just stopped working on WiFi and I've tried all internet suggested solutions but it won't work on WiFi. The most horrible experience for someone who needs music daily! Horrible horrible experience. I have allowed my WiFi settings everwhere to let Spotify use data freel,True,playback.connection,complaint,4,completed,playback
e74438ad-4764-4051-9dd5-aa1237b42701,,,,,True,,,False,other.general,praise,,,1,other,True,0.1,0,Its smart app,True,other.general,praise,1,completed,other
ce7ee068-6a6d-4a77-aa3b-4238392b7411,,,,,True,,,False,usability.layout_redesign,cancellation,,,3,usability,True,0.1,1,"After 5 years of premium subscription, I'm out. the update that auto installed the March 29 is absolutely cancerous, completely destroying the entire user experience of the app. Home screen is now non functional, just an endless scroll of TikTok style repeating short videos at full blast volume. The",True,usability.layout_redesign,cancellation,4,completed,usability
22160af0-1c29-4079-9a61-1fc68ae52eb4,,,,,False,,,False,access.other,complaint,,,3,access,True,0.2,0,It's spotify lol no problems except u can't log out?? So I had to delete the app and redownload it,True,access.login,complaint,3,completed,access
029f5e6f-14b6-400a-84e7-0d151d06c93e,,,,,True,,,False,other.general,complaint,,,2,other,True,0.2,0,It was good but not now,True,other.general,complaint,2,completed,other
6245a3b7-b1f7-47e3-8d10-b80135428dcb,,,,,True,,,False,other.general,praise,,,1,other,True,0.0,0,it's the best app to get it you love music.,True,other.general,praise,1,completed,other
6a711f7a-4ff1-4a28-8597-f71258e460f6,,,,,True,,,False,other.general,complaint,,,2,other,True,0.2,1,Hate this application because this is made of swedin,True,other.general,complaint,1,completed,other
cfea5b37-e21d-4349-b7d0-31d526e8b982,,,,,True,,,False,billing.premium_only_controls,complaint,,,3,billing,True,0.1,0,For even listing to songs in our format we need premium subscription and also to listen for our favourite part of the song we need premium subscription this is not good guys change it 😡.,True,billing.premium_only_controls,complaint,3,completed,billing
44b2518b-8421-4338-a0b6-18f8fc10a3e1,,,,,True,,,False,billing.premium_only_controls,complaint,,,3,billing,True,0.1,0,It is best app but so much restriction for not primium like you can't skip more than 6 songs acn forward it etc..,True,billing.premium_only_controls,complaint,3,completed,billing
91a0f77c-9e74-4cad-9952-dfb11cb6aacf,,,,,True,,,False,other.general,praise,,,1,other,True,0.1,0,I'm a music nut spotify gives me everything I need musically,True,other.general,praise,1,completed,other
9a2d5ee0-8f8b-4ad6-8ab5-7aab723703f0,,,,,True,,,False,other.general,praise,,,1,other,True,0.2,0,All in one,True,other.general,praise,1,completed,other
6e27ba03-0210-4025-baf0-ec7625b0d752,,,,,True,,,False,other.general,praise,,,1,other,True,0.0,0,Used it once. Upgraded to premium. Had it for over ten years now. Love it. Will never give it up. Best music spot in the world.,True,other.general,praise,1,completed,other
0a5ae583-4bdc-48ea-9810-34b0cd16111f,catalog.recommendations,complaint,"The phrase 'sahi song chalty chalty bqwas aa jaty ha' indicates bad/irrelevant songs are played amid good ones, pointing to a recommendation/shuffle quality issue rather than literal stopping or skipping, and overall mixed praise limits severity to a minor annoyance.",2,False,complaint,catalog,True,playback.stops_skips,complaint,True,False,3,playback,True,0.2,1,I am very like this app good experience good music bace good running lakin 4 star is liye ke sahi song chalty chalty bqwas aa jaty ha,False,catalog.recommendations,complaint,2,completed,catalog
11050538-8021-4b24-a4c8-b622c43dfdf2,,,,,True,,,False,other.general,praise,,,1,other,True,0.1,0,Love this app 🥰🎧 music is food to my soul,True,other.general,praise,1,completed,other
bfc3bb4e-ecc8-4a80-b71b-c03888c7d1cd,,,,,True,,,False,other.general,unclear,,,1,other,True,0.0,0,Spot ify,True,other.general,unclear,1,completed,other
a1fe79e0-5c7e-47d1-b6a8-db6cd18cd60f,,,,,True,,,False,other.general,unclear,,,1,other,True,0.0,0,Spelling mistake full sentence with wrong words,True,other.general,unclear,1,completed,other
b1d512aa-4533-426d-8277-d80dd2edf8d7,,,,,True,,,False,other.general,praise,,,1,other,True,0.1,0,awesim,True,other.general,praise,1,completed,other
779bbc1a-74b5-463a-9ba4-aaa7cad69268,,,,,True,,,False,other.general,praise,,,1,other,True,0.0,0,Spotify is the best music app on earth ٩😊۶,True,other.general,praise,1,completed,other
589aaa0b-6eb7-4f6b-9c86-da5f953108be,,,,,True,,,False,usability.library_queue,complaint,,,3,usability,True,0.2,0,"la app funciona, ni una queja, pero no me está dejando en ninguno de mis dispositivos poner fotos personalizadas en las playlists, intenté en mi celular, en otro celular, en un iPad y en una laptop y en todas me dice que no puede poner la imagen por ""problemas de internet"", no es el internet lo que ",True,usability.library_queue,complaint,3,completed,usability
0458fe30-f6c3-4b7c-8945-b35a6897792d,playback.audio_quality,praise,"The phrase 'quality reproduction' is the specific praised feature, matching playback.audio_quality rather than vague general praise.",1,False,praise,playback,True,playback.audio_quality,praise,True,True,1,playback,True,0.1,0,Excellent choice and quality reproduction. Regards. Tony R,False,other.general,praise,1,completed,other
db15cb28-17e3-4860-8d04-79470b197f4f,,,,,True,,,False,other.general,complaint,,,2,other,True,0.3,0,Very best app 😡😡😡🤮🤮🤮🤮,True,other.general,complaint,2,completed,other
d0bf8771-5c8c-4d84-8118-43304e946ad5,,,,,True,,,False,billing.premium_only_controls,complaint,,,3,billing,True,0.2,0,"I hate that without premium one CAN'T SEARCH FOR A SONG AND PLAY IT, SONGS GET RANDOMLY ADDED TO ONE'S PLAYLIST. And the so many ads are annoying. Except for that, it'd be a very good app.",True,billing.premium_only_controls,complaint,3,completed,billing
2676f68e-93fb-4d3d-bb2f-56b52fb4b446,,,,,True,,,False,downloads.offline_mode,complaint,,,4,downloads,True,0.0,0,What's the use if u can't listen to songs offline!!,True,downloads.offline_mode,complaint,4,completed,downloads
f3b753d4-311a-4f6e-baff-f32c04dd63f6,,,,,True,,,False,billing.premium_only_controls,complaint,,,3,billing,True,0.1,1,"Good app but its being super greedy app , everything costs premium + so much ads , u can't even rewind a song or can't stop shuffle stupid app Used to be my fav but now it sucks nah now u can't even play the song of ur choice ""come back again tmrw"" SUCH CHRAP GREEDY APP EW",True,billing.premium_only_controls,complaint,4,completed,billing
aa08905d-af14-4b7b-8732-5754e258cc36,,,,,True,,,False,billing.premium_only_controls,complaint,,,3,billing,True,0.2,1,After new Update every thing get premium and couldn't even list our favorite songs,True,billing.premium_only_controls,complaint,4,completed,billing
63acd78d-bd06-4ff1-86c0-f9fae51b2d1d,,,,,True,,,False,other.general,praise,,,1,other,True,0.1,0,Great product for music. I love the concert and event feature,True,other.general,praise,1,completed,other
1c2390c3-47f4-4e77-8d67-f30fdffdb363,,,,,True,,,False,other.general,praise,,,1,other,True,0.1,0,Nice hey😍,True,other.general,praise,1,completed,other
c5e81bdc-5eae-46dc-9b24-e303eaa9ec69,,,,,True,,,False,playback.resource_use,complaint,,,2,playback,True,0.2,0,Bad...for...1GB per day...😅,True,playback.resource_use,complaint,2,completed,playback
9414f58f-5745-4354-846d-9003fce065e9,usability.controls_navigation,praise,"The review's first specific praised feature is that the app is 'Easy 2 use', pointing to usability.controls_navigation rather than generic praise.",1,False,praise,usability,True,usability.controls_navigation,praise,True,True,1,usability,True,0.0,0,Easy 2 use n good music .,False,other.general,praise,1,completed,other
59f44c80-48d0-4834-9c6a-a479c544b237,,,,,True,,,False,other.general,praise,,,1,other,True,0.1,0,"I use spotify almost everyday, its such an incredible app to listen to music and find new music. Totally reccomend!!",True,other.general,praise,1,completed,other
2dbe06e1-f8d2-4779-b771-d98b5fcce5bf,,,,,True,,,False,other.general,complaint,,,2,other,True,0.1,0,I hate this app because quran,True,other.general,complaint,2,completed,other
100ec601-5535-4218-a744-37a535864ed4,,,,,True,,,False,other.general,praise,,,1,other,True,0.0,0,"I love this app, the musics are awesome and unique.",True,other.general,praise,1,completed,other
bf5ecd85-0cb6-4491-9420-3b28208dc46a,catalog.recommendations,praise,"The review specifically praises 'discoverability and versatilities of genres' first, which matches catalog.recommendations rather than generic praise.",1,False,praise,catalog,True,catalog.recommendations,praise,True,True,1,catalog,True,0.05,0,The thing I love the most is the discoverability and versatilities of genres. And definitely the overall UI and the always dark theme.,False,other.general,praise,1,completed,other
5460f27a-9d05-4804-b43c-c71fa0bdb241,,,,,True,,,False,other.general,unclear,,,1,other,True,0.5,0,Ban this app in India,True,other.general,unclear,1,completed,other
3c802478-83f9-4f2c-8fd7-edbf16653599,,,,,True,,,False,other.general,praise,,,1,other,True,0.0,0,Good excellent 👌,True,other.general,praise,1,completed,other
751f2961-0c8d-402b-afc8-6b44dc5940a6,,,,,True,,,False,playback.stops_skips,complaint,,,3,playback,True,0.1,1,Good app just stops playing after a bit,True,playback.stops_skips,complaint,4,completed,playback
ff938046-2160-4d61-a939-f6e06384cf13,,,,,True,,,False,usability.layout_redesign,complaint,,,2,usability,True,0.1,0,Update was Not needed! Best to worst in a night,True,usability.layout_redesign,complaint,2,completed,usability
fa726b36-9669-4cc4-ab19-276606e6173a,,,,,True,,,False,usability.ads,complaint,,,2,usability,True,0.3,0,1 star less because of limitations and ads,True,usability.ads,complaint,2,completed,usability
74bac492-19f6-4939-9520-b05b281eacbb,,,,,True,,,False,usability.layout_redesign,complaint,,,2,usability,True,0.1,0,"Awful new update, home screen is useless",True,usability.layout_redesign,complaint,2,completed,usability
73befac0-6906-4cca-a01c-095c5bd236b7,,,,,True,,,False,other.general,complaint,,,2,other,True,0.0,0,Worst app ever scene,True,other.general,complaint,2,completed,other
e89321e4-b8b3-4243-836f-38ebe169aab7,other.general,complaint,"The review is a generic insult ('biggest piece of dog $hit') with no specific defect named, matching the 'general bad app' complaint rule at severity 2.",2,True,complaint,other,True,other.general,complaint,True,True,2,other,False,0.1,1,"""the biggest piece of dog $hit"" -Dwayne TheRock Johnson.",True,other.general,unclear,1,completed,other
4968771d-a8c8-4119-9c19-7061ee020152,billing.premium_only_controls,request,"The reviewer frames both issues as wishes ('I just wish', 'I also wish') rather than reporting a failure, calling the app 'very loyal', so it reads as a feature request rather than a complaint.",1,True,request,billing,True,billing.premium_only_controls,complaint,False,True,3,billing,False,0.8,2,Proving to be a very loyal app I just wish that the download feature was free. I also wish I could pick the songs I want instead of having to save the entire album,True,billing.premium_only_controls,request,1,completed,billing
d76eb213-1109-4a43-8069-703ca150de83,playback.audio_quality,praise,"The review specifically praises 'Ultimate quality for sounds', pointing to audio quality as the praised feature rather than generic praise.",1,False,praise,playback,True,playback.audio_quality,praise,True,True,1,playback,True,0.0,0,Ultimate quality for sounds. Original music.,False,other.general,praise,1,completed,other
fc8dd78d-715a-4455-9c90-1ff83b8830ba,,,,,True,,,False,other.general,complaint,,,2,other,True,0.0,0,i don't like it they have to respect others,True,other.general,complaint,2,completed,other
5bf25d27-0dc4-4bf1-a211-6292b9194bfd,downloads.fail_disappear,complaint,"The review describes downloaded songs repeatedly disappearing and needing redownload, a degraded but recoverable function, with no explicit statement of cancelling or leaving the service.",3,True,complaint,downloads,True,downloads.fail_disappear,complaint,True,True,3,downloads,False,0.0,1,"I Just Love This App!!!!! I changed my rating from 5 to 1, due to the fact that All of the songs I downloaded, I need to redownload to listen to them before I go offline!!! Had 5,000+ songs downloaded on my phone, now I need to redownload it to have it again!!! Only to have it removed, after paying ",True,downloads.fail_disappear,cancellation,4,completed,downloads
d15bb3d1-030d-4774-9cf2-c54f40c02dcc,,,,,True,,,False,other.general,praise,,,1,other,True,0.0,0,Niiiiice,True,other.general,praise,1,completed,other
0a546e1e-0443-4059-93b3-a034cf56e36a,,,,,True,,,False,other.general,praise,,,1,other,True,0.1,0,"They are super great, listen to any music all the way back before and after you were born!!! You can playlists to listen to your favorite songs, pick out favorite artists, I love Spotify!!! ❤️❤️❤️❤️❤️",True,other.general,praise,1,completed,other
9ce5e56c-9a71-41da-8f74-7e058dd856e4,,,,,True,,,False,catalog.lyrics,request,,,1,catalog,True,0.2,0,Please give the song's lyrics in tamil to all tamil songs.,True,catalog.lyrics,request,1,completed,catalog
a321def4-6990-47e8-92df-be0b71f21915,,,,,False,,,False,billing.other,complaint,,,2,billing,True,0.0,1,This app just keeps degrading itself for money. It's more worst than before.,True,billing.premium_only_controls,complaint,3,completed,billing
51e0f32f-2ecf-4ada-9702-fbfbc5eaf464,,,,,True,,,False,other.general,praise,,,1,other,True,0.1,0,Good app And very easily You will like it very much,True,other.general,praise,1,completed,other
b61fbec5-7f78-42eb-8165-308ebfd6e194,,,,,True,,,False,billing.premium_only_controls,cancellation,,,3,billing,True,0.0,1,Just how much money do you guys want ?? This new update completely ruined my experience. Can't play specific part of a song. Can't play a single song without shuffle play...etc. I'm uninstalling.,True,billing.premium_only_controls,cancellation,4,completed,billing
3e5f7f3a-9e84-45fa-a5c4-bb07e61beb27,,,,,True,,,False,other.general,praise,,,1,other,True,0.1,0,AMAZING MUSIC,True,other.general,praise,1,completed,other
6f680ad9-3731-4cd5-a73d-e68a754e6a4b,,,,,True,,,False,other.general,complaint,,,2,other,True,0.1,0,Rubbish this app is rubbish,True,other.general,complaint,2,completed,other
25c8dfa6-e1af-4cd6-884c-6f2bbe99d9db,other.general,praise,"The review simply states a general positive sentiment ('Love the older songs') without naming a specific catalog feature or function, so it fits general praise rather than a specific catalog subtopic.",1,False,praise,other,True,catalog.other,praise,True,False,1,catalog,True,0.2,0,Love the older songs.,False,other.general,praise,1,completed,other
31bf0614-6786-4946-b6c2-8875bdae812f,,,,,True,,,False,usability.ads,complaint,,,2,usability,True,0.0,0,Too many ads:(,True,usability.ads,complaint,2,completed,usability
c9f90384-b39f-47b3-8ef7-e9292e4f9200,,,,,True,,,False,other.general,praise,,,1,other,True,0.0,0,Excilent,True,other.general,praise,1,completed,other
d3272b81-bd72-461c-8dcd-65492d18e4c7,,,,,True,,,False,usability.ads,complaint,,,2,usability,True,0.3,0,Little bit ad,True,usability.ads,complaint,2,completed,usability
9167e3fc-f637-45ab-abe9-f073941c4bcf,playback.audio_quality,praise,"The review specifically praises 'good quality music', pointing to audio quality as the praised feature rather than general praise.",1,False,praise,playback,True,playback.audio_quality,praise,True,True,1,playback,True,0.0,0,Thank you providing good quality music.,False,other.general,praise,1,completed,other
df8f9840-69bf-4481-9c4e-03afe702e89e,catalog.other,praise,"The review specifically praises 'old school music' availability, a catalog-related feature, rather than giving generic praise.",1,False,praise,catalog,True,catalog.other,praise,True,True,1,catalog,True,0.1,0,"Your the best,I really enjoy the old school music.",False,other.general,praise,1,completed,other
541a4eab-f5f2-458b-abac-50da11eaf07f,billing.premium_only_controls,cancellation,"The user reports being forced to hear suggested songs instead of choosing their playlist tracks, a classic free-tier restriction, and mentions having uninstalled ('I'll reinstall it'), indicating cancellation intent.",3,False,cancellation,billing,True,billing.premium_only_controls,cancellation,True,True,3,billing,False,0.1,0,Bad it doesn't let me play the songs on my playlist it keeps playing suggested songs so if u make it better I'll give it 5 stars again and I'll reinstall it >:/,False,usability.library_queue,complaint,3,completed,usability
4c581683-d9d5-4b20-a3c0-9e53f205aa0e,,,,,True,,,False,access.app_wont_open,complaint,,,4,access,True,0.0,0,"So after latest past 2 updates or so having it installed on SD cards cause some serious issues, including no longer letting you open the app at all. I'm using Galaxy A21 and having this issue",True,access.app_wont_open,complaint,4,completed,access
95d6c847-8bd9-47f6-9b56-0235b4af4c65,,,,,True,,,False,billing.premium_only_controls,complaint,,,3,billing,True,0.0,0,I can't play the songs i love without Paying,True,billing.premium_only_controls,complaint,3,completed,billing
427db1fb-79ba-4d89-b447-124fdabb1dcd,,,,,True,,,False,other.general,praise,,,1,other,True,0.0,0,My fav app is this I am like my fav song my fav kpop BTS song only,True,other.general,praise,1,completed,other
e649579a-463a-41f6-8af7-ccf886d777cc,,,,,True,,,False,usability.library_queue,complaint,,,2,usability,True,0.2,0,I'm not a fan of the new method of adding music to playlists,True,usability.library_queue,complaint,2,completed,usability
94e692ec-6c1c-4d6f-94a4-c101e6f7b0d3,billing.premium_only_controls,complaint,"The decisive phrase 'premium is required for even replaying the previous song Or downloading the song' describes explicit premium-gated controls, which is the more severe restriction than the generic ad complaint.",3,False,complaint,billing,True,billing.premium_only_controls,complaint,True,True,3,billing,True,0.0,0,So many ads and premium is required for even replaying the previous song Or downloading the song..,False,usability.ads,complaint,3,completed,usability
df1fe40f-4c16-4de7-b35a-e1c5108538d9,,,,,True,,,False,other.general,praise,,,1,other,True,0.0,0,I love it I can listen to music whenever I want but I only listen at the night,True,other.general,praise,1,completed,other
82fd307e-ba08-4f67-9c65-a26deb4936b9,,,,,True,,,False,other.general,praise,,,1,other,True,0.1,0,جميل وتسجيلات لطيفة,True,other.general,praise,1,completed,other
6fe1b48a-4a6f-48b2-91c0-e956d07764a3,,,,,True,,,False,other.general,unclear,,,1,other,True,0.1,0,Good but experience,True,other.general,unclear,1,completed,other
c8f42b7e-7434-43a8-88ec-9f5d230e2ffe,,,,,True,,,False,other.general,praise,,,1,other,True,0.2,0,Love to pick the music I like.,True,other.general,praise,1,completed,other
4a4aea38-5519-4a0b-8441-2f66eefea2d9,billing.premium_only_controls,complaint,"The user reports losing the ability to play songs in order or skip them after an update, matching the free-tier restriction on skips/song order described in billing.premium_only_controls.",3,False,complaint,billing,True,billing.premium_only_controls,complaint,True,True,3,billing,True,0.1,0,"i liked spotify before the update cus now i cant play my favourite songs in order, or skip the songs and stuff spotify pls make it back to normal 😭",False,usability.library_queue,complaint,3,completed,usability
b4b3e12a-95c9-47ed-bafa-b37c10bdf7b9,,,,,True,,,False,other.general,praise,,,1,other,True,0.0,0,I enjoy all the music of my past.,True,other.general,praise,1,completed,other
79166521-e308-4c63-9da5-cbb3ee927ad1,,,,,True,,,False,other.general,praise,,,1,other,True,0.0,0,Nice😗😚,True,other.general,praise,1,completed,other
6e0d2edc-2c07-4d1b-8d77-ac2fb607c141,,,,,True,,,False,catalog.recommendations,cancellation,,,3,catalog,True,0.2,1,"Poor playlists, repeating the same songs over and over, Premium has limited options, car mode and regular mode are skewed. Just tired of Spotify..we need a better streaming service that. Spotify and Pandora.",True,catalog.recommendations,cancellation,4,completed,catalog
097f12d8-7170-4930-a008-abfe88583966,,,,,True,,,False,other.general,complaint,,,2,other,True,0.0,0,Wrost app i hate it,True,other.general,complaint,2,completed,other
b7e58d4a-e9cd-4ace-b7a5-1f337a47c261,usability.layout_redesign,cancellation,"The user blames a recent app 'update' for their dissatisfaction and uninstalling, which fits a redesign complaint rather than unrelated general text.",2,False,cancellation,usability,True,usability.layout_redesign,cancellation,True,True,2,usability,True,0.1,0,If playstore have half star or 1/4 star then prefer to give that you are not deserve this one star Since 2016 I was as using the Spotify app but you the software designer or developer who made this update was really a sit 🤢🤢 and I uninstalled the app 😒😒😉😉,False,other.general,cancellation,2,completed,other
dd3bfde7-f01d-4840-be40-f9f613c90f2a,,,,,True,,,False,playback.crashes_freezes,complaint,,,3,playback,True,0.2,1,Since the latest update I everytime I play a song it will automatically exited ato home screen.,True,playback.crashes_freezes,complaint,4,completed,playback
71013d8e-911a-47cf-887d-3225cc40fce4,other.general,unclear,"The review consists only of emojis with no readable text indicating product complaint or positive feedback, so it is classified as unclear rather than praise.",1,True,unclear,other,True,other.general,unclear,True,True,1,other,False,0.8,0,✌🏻🔥,True,other.general,praise,1,completed,other
e7d6cc1e-9125-4734-9018-23ad4c301cc1,,,,,True,,,False,catalog.recommendations,praise,,,1,catalog,True,0.1,0,A place for fans. I love how well it recommends similar artists to what I love and alerts me to concerts and events in my area.,True,catalog.recommendations,praise,1,completed,catalog
2e09d504-b8ff-4110-8344-5944074ecd58,,,,,True,,,False,other.general,unclear,,,1,other,True,0.0,0,"U back Joe, I back u",True,other.general,unclear,1,completed,other
06ef9ef5-011e-41ab-a3d1-69afe4ae8c7f,,,,,True,,,False,other.general,complaint,,,2,other,True,0.1,0,برنامج سيئ جدا لا احد يحمله,True,other.general,complaint,2,completed,other
c7cc2221-3cfd-4d27-b2c5-a5b9b852fb84,,,,,True,,,False,other.general,praise,,,1,other,True,0.0,0,I am new to Spotify and so far I am really enjoyed this app. 🥰,True,other.general,praise,1,completed,other
23d8b789-bb8b-4ac3-bf4e-0ffdd44cd26c,,,,,True,,,False,usability.layout_redesign,complaint,,,2,usability,True,0.1,0,Kindly bring back the old best version of Spotify the recent update disappointed me very much.,True,usability.layout_redesign,complaint,2,completed,usability
663ed517-ce64-4781-96d8-570d5b220b36,,,,,True,,,False,other.general,praise,,,1,other,True,0.2,0,Very sexy 😘,True,other.general,praise,1,completed,other
7fe1c65f-d6b9-42ee-9f18-68953dfcddd9,,,,,True,,,False,playback.audio_quality,praise,,,1,playback,True,0.0,0,The music is beautiful! It's clear and sounds soothing to my ears.,True,playback.audio_quality,praise,1,completed,playback
7688777e-824c-4b0d-a05c-d9d97c26ae7a,,,,,True,,,False,other.general,complaint,,,2,other,True,0.1,0,Wors app,True,other.general,complaint,2,completed,other
e934bf89-389d-470c-917c-39e9520f1c84,billing.premium_only_controls,complaint,"The review explicitly ties the ad frequency and forced shuffle to the free tier, stating 'the only way you get freedom from it is by getting premium,' which matches the premium-only restriction definition.",3,False,complaint,billing,True,billing.premium_only_controls,complaint,True,True,3,billing,True,0.0,0,"The new update is so bad. If Spotify was Santa on Christmas , 9 year olds would commit seppuku. They promise you 30 mins of free listening after a 2 min ad and then after a song comes another ad giving the same proposal. You cannot listen to a song normally, you have to shuffle through a playlist. T",False,usability.ads,complaint,3,completed,usability
f1e6e043-6757-4142-99b6-f2f83f1888b1,,,,,True,,,False,playback.audio_quality,praise,,,1,playback,True,0.0,0,awsome sound,True,playback.audio_quality,praise,1,completed,playback
398dae89-fb93-49a3-8a74-33fdac25bf14,,,,,True,,,False,billing.premium_only_controls,complaint,,,3,billing,True,0.0,0,"Why do you have to pay/buy premium to skip,play or repeat a certain song. Like wth?😠 This is annoying! Why did you do this Spotify?",True,billing.premium_only_controls,complaint,3,completed,billing
0c4c9242-296a-4c74-a5fe-5b9c1bdedc5a,,,,,False,,,False,catalog.other,praise,,,1,catalog,True,0.1,0,Excellent music choice!,True,catalog.missing_content,praise,1,completed,catalog
119cfba4-6e81-40bc-b800-61f9bbf78fbb,,,,,True,,,False,usability.controls_navigation,complaint,,,3,usability,True,0.1,0,"the new update sucks i don't undestand hoe to use it, i click on the song it pits me a whole diffrent song, i hate you",True,usability.controls_navigation,complaint,3,completed,usability
481e3eae-7a77-4c6b-991e-375bbf1cd2b6,,,,,True,,,False,other.general,praise,,,1,other,True,0.0,0,I love this!!Get it now❗❗❗,True,other.general,praise,1,completed,other
bd3b1ae6-6aa2-4c05-86dc-8b718580c2f1,,,,,True,,,False,usability.layout_redesign,complaint,,,2,usability,True,0.1,0,New home page is awful. Bring back the old one and just make the new tik tok feed its own page.,True,usability.layout_redesign,complaint,2,completed,usability
c29285ee-9a18-482a-8c00-75d9c2063a02,,,,,True,,,False,access.app_wont_open,complaint,,,4,access,True,0.0,0,Why is this app not running since last 5 days this problem is happening it gets turned off as soon as you open the app,True,access.app_wont_open,complaint,4,completed,access
ccecb899-e508-4b6a-84c2-6debd9abfcd8,,,,,True,,,False,other.general,praise,,,1,other,True,0.2,0,This is so amazing but not use me 🥺 just amazing and love 🤩😘,True,other.general,praise,1,completed,other
f1204096-7ad3-4881-91c6-679517847534,playback.stops_skips,complaint,"The review states the song 'can't even play from starting' after an update, indicating a playback defect rather than any premium paywall restriction.",3,False,complaint,playback,True,billing.premium_only_controls,complaint,True,False,3,billing,True,0.2,0,Used to enjoy it alot but now after update it's worse music app can't even Play the song from starting,False,playback.stops_skips,complaint,3,completed,playback
fbe31813-7d28-4d98-9c45-4fd715af9ab2,,,,,True,,,False,other.general,praise,,,1,other,True,0.2,0,Njce music,True,other.general,praise,1,completed,other
03f755bc-7892-42fb-9400-77cce6c071c8,,,,,True,,,False,other.general,praise,,,1,other,True,0.1,0,It is just amazing I can listen to all my favourite song's also there are a few bugs but they really do nothing so a suggest you download this app,True,other.general,praise,1,completed,other
7219f583-84e7-4201-987f-fe3adeac39cf,,,,,True,,,False,other.general,praise,,,1,other,True,0.2,0,Open up the app and never closed it I'm in love,True,other.general,praise,1,completed,other
b75a3b95-2f1f-4d1b-af87-ec9b785a8210,,,,,True,,,False,catalog.missing_content,complaint,,,3,catalog,True,0.8,0,"They have the songs but it's unavailable most of the time :( sad, but really good app for music premium kinda pricy",True,catalog.missing_content,complaint,3,completed,catalog
8f71e3d6-6c3d-443c-8c72-418641691a61,,,,,True,,,False,other.general,complaint,,,2,other,True,0.1,0,This app is unsual and every should rate it 1 star only,True,other.general,complaint,2,completed,other
cf2dfafd-ccf3-4123-a7e4-311d3adb2b09,,,,,True,,,False,downloads.fail_disappear,complaint,,,3,downloads,True,0.2,1,"I wanted an app for downloading songs. Whenever I searched for a Music downloader,thos was the first image on my screen. When i tried to download a song with it,it gave me nothin'.,👎👎👎",True,downloads.fail_disappear,complaint,4,completed,downloads
f66f60ec-af7a-4d41-9060-4a8f07673ae0,,,,,True,,,False,other.general,complaint,,,2,other,True,0.1,0,"So bad , very bad.",True,other.general,complaint,2,completed,other
b2124ca0-f478-4fe6-b9db-c694920ab82f,,,,,True,,,False,other.general,complaint,,,2,other,True,0.05,0,Very bad 👎👎👎app........ 👎👎👎👎👎👎👎👎👎👎 i hate it 😠😠😠😡😡😡😡😡😡😠😠😠😠😡😡😡,True,other.general,complaint,2,completed,other
64a37554-132a-4a7a-a19f-10882ccf4987,usability.ads,complaint,"The review pairs praise for song selection with a direct gripe about ad frequency ('minimise the frequency of adds'), which fits the mixed praise/criticism complaint definition rather than a neutral feature request.",2,True,complaint,usability,True,usability.ads,complaint,True,True,2,usability,False,0.4,0,Every song is here to lighten up your mood.. Just minimise the frequency of adds.,True,usability.ads,request,2,completed,usability
caf97eea-f910-40cc-a087-4374ee7e6ad5,,,,,True,,,False,billing.premium_only_controls,request,,,1,billing,True,0.3,1,GIVE THE NEW PREMIUM FEATURES BACK TO FREE,True,billing.premium_only_controls,request,2,completed,billing
e03df6df-55ed-42cc-8e0e-e37e77bf0f75,,,,,True,,,False,billing.premium_only_controls,cancellation,,,3,billing,True,0.0,1,The app took basic features of going back to previous one and to go to specific parts of song. Switching to another app..,True,billing.premium_only_controls,cancellation,4,completed,billing
e66e998b-9dfa-4c6a-a1bf-e4549bd3afa7,,,,,True,,,False,other.general,praise,,,1,other,True,0.0,0,Good platform for free music,True,other.general,praise,1,completed,other
8989a1a9-401e-4914-be23-2af583a83e8f,,,,,True,,,False,other.general,praise,,,1,other,True,0.1,0,Every kind of songs are available. I most loved to listen,True,other.general,praise,1,completed,other
76e8ecf7-5b45-4098-8c78-f2e2e202f569,,,,,True,,,False,other.general,praise,,,1,other,True,0.0,0,It amazing bro just love it have every type of song i,True,other.general,praise,1,completed,other
4747bd38-f363-465d-9da4-cb7b73252025,playback.crashes_freezes,complaint,"The phrase 'not as stable' points to stability/crash issues, fitting playback.crashes_freezes rather than a vague general complaint.",2,False,complaint,playback,True,other.general,complaint,True,False,2,other,True,0.0,0,Not as stable as iOS.,False,playback.crashes_freezes,complaint,2,completed,playback
9c8582de-bdb1-439d-8709-710eb715ef87,,,,,True,,,False,usability.library_queue,request,,,1,usability,True,0.1,0,I have paid for the top apps for music this is my favorite.that being said after you download or heart a song or like have a separate opposition where you can only listen to what you liked saved download as a paying customer and have a options for last day week 2 weeks month to do playlist.alao in r,True,usability.library_queue,request,1,completed,usability
c580008d-08ed-4d0e-9dc2-6801d63a61f1,,,,,True,,,False,other.general,complaint,,,2,other,True,0.1,0,You destroyed hole app,True,other.general,complaint,2,completed,other
90ea545d-137c-414f-9363-e735da1ee461,,,,,True,,,False,billing.premium_only_controls,cancellation,,,3,billing,True,0.05,1,"Really lost the liking for this app, can't play songs without going premium. More adds than before. Gonna uninstall it.Become one of the most annoying app.",True,billing.premium_only_controls,cancellation,4,completed,billing
1d53efa3-94c9-48ee-ae56-84a44f58415a,,,,,True,,,False,other.general,praise,,,1,other,True,0.05,0,Very good app absolutely recommend you all,True,other.general,praise,1,completed,other
cdccb5d5-5e71-4243-b70c-220c554e4aeb,,,,,True,,,False,other.general,praise,,,1,other,True,0.1,0,Nice songs 👍,True,other.general,praise,1,completed,other
034bc5ca-e1f5-4e17-9043-f8168b616118,,,,,True,,,False,other.general,unclear,,,1,other,True,0.0,0,Gegdh,True,other.general,unclear,1,completed,other
9e9bb2e9-648f-497d-8b1a-25bc82d77d6d,,,,,True,,,False,playback.crashes_freezes,complaint,,,4,playback,True,0.2,0,As soon as i start a song my app crashes,True,playback.crashes_freezes,complaint,4,completed,playback
bf88e25b-5bda-4a4b-8100-622bb1e6ce03,,,,,True,,,False,other.general,complaint,,,2,other,True,0.4,0,not a good app for music,True,other.general,complaint,2,completed,other
b126ce8b-2486-4280-84f7-bdeba93edb1b,,,,,True,,,False,usability.layout_redesign,complaint,,,2,usability,True,0.1,0,New home page layout is terrible. Please revert or at least give us the ability to change the view.,True,usability.layout_redesign,complaint,2,completed,usability
721c2128-d6d1-427d-8d0c-07d50b6a406c,,,,,True,,,False,billing.other,complaint,,,2,billing,True,0.0,0,One star for spotify love and hates for premium I very bad,True,billing.other,complaint,2,completed,billing
534c567c-ab98-44a3-91aa-9a5e26e96836,,,,,True,,,False,other.general,unclear,,,1,other,True,0.3,0,I bycott all app of Sweden because th the government of Sweden give the permission to burn the holy book Qur'an,True,other.general,unclear,1,completed,other
accec119-5b74-48b2-97a4-09e417ef9538,,,,,True,,,False,other.general,praise,,,1,other,True,0.2,0,So nice to be able to listen to music you want at the time!,True,other.general,praise,1,completed,other
3e74645e-44f4-4cff-86ac-28bea308926c,,,,,True,,,False,billing.premium_only_controls,complaint,,,3,billing,True,0.0,0,Already have ads in app. Now shuffle starts for free. Normal play list is for premium users. If u akh of app sales go for street sale. That's better than this type fraud items,True,billing.premium_only_controls,complaint,3,completed,billing
3eeefb44-7566-41ad-b9f1-382a155d11ee,,,,,True,,,False,other.general,praise,,,1,other,True,0.0,0,Good app for musics!!,True,other.general,praise,1,completed,other
4439cd61-a1d3-4db4-b2cf-a4fb435fafdf,,,,,True,,,False,other.general,praise,,,1,other,True,0.0,0,Perfectly amazing,True,other.general,praise,1,completed,other
6bc0ccd4-aafe-4729-893c-83e7b372a9f1,,,,,True,,,False,other.general,praise,,,1,other,True,0.0,0,Spotify is clear and concise when it comes to great music and great advertising... Love it and all the people behind the scenes that makes Spotify so incredibly popular,True,other.general,praise,1,completed,other
73aeb1b2-05c1-4997-810a-d7b39db63760,,,,,True,,,False,playback.stops_skips,complaint,,,3,playback,True,0.1,0,"I have been a premium user of spotify for two months now and the amount is automatically withdrawn from my account every month and that is not the problem. While listening to a song on spotify, after a few songs in the playlist, it starts repeating from the first song. And sometimes ad comes in the ",True,playback.stops_skips,complaint,3,completed,playback
664cff7e-8ad1-4f96-bc6a-0ce3f95a44a7,,,,,True,,,False,other.general,complaint,,,2,other,True,0.2,0,What kind of CEO do you have? huh? 🤬,True,other.general,complaint,2,completed,other
fdb16a96-ec38-4dc3-8575-9652e4839d63,usability.controls_navigation,request,"The review wishes for 'more fancy/customizable features' (a desired UI/control change) without reporting any functional failure, making it a request rather than a complaint or pure praise.",1,False,request,no_majority,True,playback.resource_use,request,True,False,1,playback,False,0.4,0,Definitely my favorite music streaming app!! just wish it had more fancy/customizable features!!! also wish spotify was more optimized for Android;(,False,other.general,praise,1,completed,other
531dcf8f-679f-4ec8-8f26-9f088316b7fb,,,,,False,,,False,playback.stops_skips,complaint,,,3,playback,True,0.1,1,app is ok at best. has a wide selection of music but unstable as all hell. will randomly stop looping of songs or playlists and will just randomly stop responding to inputs when you try to skip to the next song. randomly tells me there is no internet connection when i am clearly connected or else i ,True,playback.connection,complaint,4,completed,playback
d42dc451-a0e4-474e-8ecd-0b2f23b40e7b,,,,,True,,,False,access.login,complaint,,,4,access,True,0.1,1,Why I can't login old account with phone number. and glitches,True,access.login,complaint,3,completed,access
5dfacc9f-6247-4911-b12f-673da7b0ed79,,,,,True,,,False,other.general,unclear,,,1,other,True,0.0,0,ok keyo,True,other.general,unclear,1,completed,other
4332ae60-1faa-4d93-a0d2-ebc75539edb1,other.general,complaint,"The phrase 'Worst app' with vague 'wastage of time & memory' is generic criticism without a specific described functional defect, matching the general 'bad app' rule.",2,False,complaint,other,True,other.general,complaint,True,True,2,other,True,0.1,0,"Worst app ., Wastage of time & memory",False,playback.resource_use,complaint,2,completed,playback
5bef9c58-4499-462e-82cf-c08623a9cebc,,,,,True,,,False,billing.premium_only_controls,complaint,,,3,billing,True,0.1,1,"Suck app . Don't Tell me what to listen . I'll listen whatever i want fk app stupid . I can't even choose the song i want to listen . When , i was emotional it totally suck . I so mad at this stupid appp!!!!!",True,billing.premium_only_controls,complaint,4,completed,billing
1f237026-2a5e-4961-8345-7e4392576a73,billing.premium_only_controls,complaint,"The review explicitly states lyrics are locked behind Premium ('Lyrics are there only for premium'), which per the rules makes it a premium-only restriction rather than a generic lyrics catalog issue.",3,False,complaint,billing,True,billing.premium_only_controls,complaint,True,True,3,billing,True,0.1,0,Very dirty app.... Lyrics are there only for premium.... That's too much! And many many glitches.... No good experiences.... 30 sec no ad they say and after a song I listen 30sec ads continuously Seriously are you that greedy for money???,False,catalog.lyrics,complaint,3,completed,catalog
08855314-1449-4ed0-a784-8a66080f9143,,,,,True,,,False,usability.controls_navigation,complaint,,,2,usability,True,0.1,1,Ux is not nice with slippery swiping here and there. The app push ads for it self time and time over trying to trick me to do what Spotify wants. No way to focus on what I want to do...(yes Spotify we know that you want us to listen to pods. You can stop now) I used to give 2 stars for content but u,True,usability.controls_navigation,complaint,3,completed,usability
387eb000-0a40-4094-a01c-4f49393eb9ff,,,,,True,,,False,other.general,complaint,,,2,other,True,0.2,0,Really baad,True,other.general,complaint,2,completed,other
0986919b-cca4-40cf-a07a-e9cb3d678406,,,,,True,,,False,other.general,unclear,,,1,other,True,0.0,0,Note,True,other.general,unclear,1,completed,other
7a14f960-668c-4a7c-a283-a3e40e58b206,,,,,True,,,False,other.general,praise,,,1,other,True,0.0,0,No music app like Spotify. I love ❤️ it,True,other.general,praise,1,completed,other
69a7318d-1bc8-4cf7-bb31-05072edc6c37,,,,,True,,,False,usability.ads,complaint,,,2,usability,True,0.2,0,"Love it, hate ads but it's not bad",True,usability.ads,complaint,2,completed,usability
76281d15-7985-4ab7-a350-c5cabb812f1a,,,,,True,,,False,billing.premium_only_controls,cancellation,,,3,billing,True,0.0,1,I love this app when it had no shuffle. That means that even if I did not have premium I could have stop the shuffle button. Now this app really boring and I have started to listen song on YouTube music. I do not recommend if you do not want to pay the money for premium but if you can pay the money ,True,billing.premium_only_controls,cancellation,4,completed,billing
871cc889-77ba-4d19-96b4-e5b6fee66d2d,,,,,True,,,False,catalog.recommendations,cancellation,,,4,catalog,True,0.05,1,"Long time premium subscriber here, idk why yall have recently decided to add song recommendations to my play list but ITS NOT OK!!! PTSD here and I subscribe so those triggers didn't have a chance to make it into my ears and send me over the edge! Asked customer service to make it stop, they literal",True,catalog.recommendations,cancellation,5,completed,catalog
8816d904-8b04-4b4d-a9fa-ebf5f37dfdb2,,,,,True,,,False,other.general,praise,,,1,other,True,0.1,0,best ever,True,other.general,praise,1,completed,other
b628f3f1-4e1b-4ac2-bbb6-404cbc22cd26,,,,,False,,,False,billing.other,complaint,,,2,billing,True,0.3,0,Everything is good but after some time please STOP BEGGING FOR MONEY (ie. Purchasing premium) !!!,True,billing.price,complaint,2,completed,billing
58810630-6de8-47fc-9b8e-96abb20b81c5,,,,,True,,,False,other.general,complaint,,,2,other,True,0.0,0,Hate this Application 👎😠,True,other.general,complaint,2,completed,other
0d41d7e2-dfa8-480c-8681-3d28070cc8cf,,,,,True,,,False,billing.premium_only_controls,cancellation,,,3,billing,True,0.05,1,I was a loyal fan of spotify but after the update we cant select which song we want to hear or cant play songs in order or cant play the specific part of a song this is a very very bad update why are u so mad behind money spotify what did happen to it. Very dissapointing. Gonna change the app. Bye s,True,billing.premium_only_controls,cancellation,4,completed,billing
3c9583ad-6ea3-48e7-8150-8d05fa327e5c,other.general,praise,"The phrase 'i am anjoy in a app' is broken English for 'I am enjoying this app,' indicating positive sentiment with general praise and no specific feature or complaint.",1,True,praise,other,True,other.general,unclear,False,True,1,other,False,0.5,0,Hi i am anjoy in a app,True,other.general,praise,1,completed,other
5f27332f-c456-4d9d-92af-66796711a50e,,,,,False,,,False,usability.controls_navigation,complaint,,,3,usability,True,0.1,0,"0. Type of ads makes me regret ever paying for the service, as these are so disgusting I feel guilty for validating them. 1. Cannot close player notification. 2. Home screen Widget is useless, requires starting the application. 3. Cannot see played song's album, nor see an album song by song with th",True,usability.ads,complaint,3,completed,usability
c6b1b49a-f921-4481-b6d0-5b7f5c535439,,,,,False,,,False,downloads.other,request,,,1,downloads,True,0.0,0,Spotify is a great app i like it but it should have downloading option for every song.....,True,downloads.fail_disappear,request,1,completed,downloads
db47ffc7-7bc7-41bf-ba7a-1722e2fa5c2b,playback.resource_use,praise,"The review specifically praises that the app 'doesn't use up all my data,' pointing to resource use as the first specific praised feature.",1,False,praise,playback,True,playback.resource_use,praise,True,True,1,playback,True,0.0,0,Enjoying it so far and less streaming involved and doesn't use up all my data. Thank you. More flow of music ❤️❤️❤️❤️❤️,False,other.general,praise,1,completed,other
a12889d7-c430-4743-b3bf-917cb0aeb3ff,,,,,True,,,False,other.general,complaint,,,2,other,True,0.25,0,Trash....👎,True,other.general,complaint,2,completed,other
e1e6620a-1c73-4d8d-aeb0-ee999bf93350,,,,,True,,,False,playback.audio_quality,request,,,1,playback,True,0.1,0,I'm so glad I came back to Spotify. Much cleaner experience than others. I would like an option for higher quality audio though. Amazon offers this at the same price or less each month.,True,playback.audio_quality,request,1,completed,playback
fa7c7dc7-3f38-42a9-afd6-021aef04d96e,,,,,True,,,False,playback.crashes_freezes,cancellation,,,4,playback,True,0.05,0,Edit: new redesign is absolute garbage. May have to switch to another service for music. STOP FUDGING WITH UI AND STICK TO FIXING BUGS!!! Update 05June2022; Recent update has now resulted in even MORE crashes.Awesome job,True,playback.crashes_freezes,cancellation,4,completed,playback
20b0dd55-88be-45fd-97cc-3cf027daec50,billing.premium_only_controls,complaint,"The review's decisive complaint is that after the update it feels 'like forcing to get the premium plans which we some can't', indicating a restricted function rather than an explicit cancellation or layout-only gripe.",3,False,complaint,billing,True,billing.premium_only_controls,complaint,True,True,3,billing,False,0.0,1,It was the best app till the recent updates. The one thing that made me happy was listening to songs on this app as it was different from others n a really good one too. Happy or sad this was the aap that i used the most. But after the update its gone like literally gone. From the best one to the wo,False,usability.layout_redesign,cancellation,4,completed,usability
87bd1fab-5f5d-47d5-818e-3c571e48ba4b,,,,,True,,,False,playback.crashes_freezes,complaint,,,3,playback,True,0.2,0,Amazing music app but lately its been glitching wierdly. I could be playing smth then when an add pops up (since i dont bother to pay for premium)it doesn't play altogether making me have to restart the app allover again,True,playback.crashes_freezes,complaint,3,completed,playback
726665ec-4614-4dc0-88ae-03fff233451d,,,,,True,,,False,other.general,complaint,,,2,other,True,0.2,0,best I could have given would have 0,True,other.general,complaint,2,completed,other
f50b1d63-1f40-4835-97c9-14347ab79974,,,,,False,,,False,downloads.other,request,,,1,downloads,True,0.0,0,how to download the songs for offline habbit,True,downloads.offline_mode,request,1,completed,downloads
41947dd7-1d2b-4493-8f11-b15b1154d32b,,,,,True,,,False,playback.devices,cancellation,,,3,playback,True,0.0,1,UNINSTALLING@@@ It's annoying that every time I get on my car or truck freaking music starts playing. Maybe I don't want to hear music all the time. I tried to go to settings and turn it off but EVERY FREAKING TIME AS SOON AS CAR IS TURNED ON FREAKING MUSIC!! I HATE THAT!!!,True,playback.devices,cancellation,4,completed,playback
2a09ea8a-b277-4095-8ed2-57bc59ef0353,,,,,True,,,False,usability.ads,complaint,,,2,usability,True,0.1,1,It's a good app but too many ads and all these new updates completely ruin it,True,usability.ads,complaint,3,completed,usability
209d214b-7564-45bc-a9c4-493725c448e4,,,,,True,,,False,other.general,praise,,,1,other,True,0.0,0,It's interesting app for singing a song,True,other.general,praise,1,completed,other
d5de423f-c4c5-42e1-919b-ea1af83840a4,,,,,True,,,False,catalog.recommendations,complaint,,,2,catalog,True,0.1,1,"Worst shuffle ever, plays the same thing over and over and over....",True,catalog.recommendations,complaint,3,completed,catalog
bbc661c1-f8ee-4bfd-b969-75df2b1506fc,,,,,True,,,False,other.general,praise,,,1,other,True,0.1,0,Bhai bhai ❤👌,True,other.general,praise,1,completed,other
c699de6f-4c70-448f-867f-282e7fb2efcf,,,,,True,,,False,billing.premium_only_controls,complaint,,,3,billing,True,0.1,1,It has became the worst app i have ever used it was so good back then. Spotify have removed every basic features like playing songs of our own wish no lyrics and we cant even play that specific part if i have to listen it i have to listen full song again. It has disappointed me a lot for each and ev,True,billing.premium_only_controls,complaint,4,completed,billing
03aaa841-5dae-46a6-9468-21a029276ba6,,,,,True,,,False,access.app_wont_open,complaint,,,4,access,True,0.1,0,"Lately it refuses to open, imagine it is paid for. Looks like Spotify has lost the plot",True,access.app_wont_open,complaint,4,completed,access
703b7d0e-5f1d-40fd-be94-08d149e86551,,,,,True,,,False,other.general,praise,,,1,other,True,0.0,0,Best app of Lucknow,True,other.general,praise,1,completed,other
d38fc929-23ec-4864-a904-e95350202706,,,,,True,,,False,other.general,cancellation,,,2,other,True,0.1,0,After the recent update. I have decided to tell everyone to delete Spotify.,True,other.general,cancellation,2,completed,other
840845be-c4ed-4782-ab50-345486d66f45,,,,,True,,,False,other.general,complaint,,,2,other,True,0.3,0,SPOTIFY CORRUPTO,True,other.general,complaint,2,completed,other
3c187913-ed29-4d07-ad88-064d4696e158,,,,,True,,,False,other.general,praise,,,1,other,True,0.1,0,Music variety,True,other.general,praise,1,completed,other
870c864c-b8d3-4d60-be37-76809080b9a4,,,,,True,,,False,other.general,praise,,,1,other,True,0.1,0,Best in the biz,True,other.general,praise,1,completed,other
24825cf6-f1e3-4dd7-87f0-ab5d0cb3d095,,,,,True,,,False,other.general,unclear,,,1,other,True,0.0,0,All the other reviews are correct I don't think I've to write something,True,other.general,unclear,1,completed,other
d124af9c-ced0-4df1-8024-8fe3974254b1,,,,,True,,,False,other.general,praise,,,1,other,True,0.0,0,Great place if you want to vibe and listen to music.,True,other.general,praise,1,completed,other
9391f024-b6f0-4be4-b822-3bab4ec464bc,,,,,True,,,False,other.general,cancellation,,,2,other,True,0.1,0,Hate you for disrespecting of Quran... Never ever..... #bycotswedon,True,other.general,cancellation,2,completed,other
46c82229-d63e-46c4-93bc-94b19d97ff76,,,,,True,,,False,usability.controls_navigation,complaint,,,3,usability,True,0.0,1,"I can share songs through social media, just because of useless upgrades",True,usability.controls_navigation,complaint,2,completed,usability
53a5e2d0-d3c2-4274-9645-db4766d5be3a,,,,,True,,,False,playback.stops_skips,complaint,,,3,playback,True,0.2,1,It is not playing song which I selected,True,playback.stops_skips,complaint,4,completed,playback
005677c2-71da-4ea5-96ca-882209567a98,,,,,True,,,False,other.general,praise,,,1,other,True,0.0,0,This app is the best 😆,True,other.general,praise,1,completed,other
aceeaf47-efbf-4c24-ac0b-039f6dd21085,,,,,True,,,False,other.general,praise,,,1,other,True,0.0,0,Nice ☺☺☺☺☺☺☺,True,other.general,praise,1,completed,other
467713ed-1291-4ae0-a1ed-5ee19f8f0d5d,,,,,True,,,False,other.general,praise,,,1,other,True,0.1,0,Simply thr best music app on the road and vacation,True,other.general,praise,1,completed,other
dba30fff-95bb-4c75-9f8c-801fb5011c1b,other.general,unclear,"The text 'Ban spotify Banban' is a bare boycott slogan with no personal departure or specific complaint, matching the unclear intent rule.",1,True,unclear,other,True,other.general,cancellation,False,True,2,other,False,0.1,1,Ban spotify Banban,True,other.general,unclear,1,completed,other
2550800b-ccce-411b-8eb2-61fd13c89e6d,,,,,True,,,False,usability.ads,complaint,,,3,usability,True,0.0,0,30 mins free without advertising is not working properly as 2 songs of 3 mins each when listened to there are 3 ads per 2 songs in 30 mins ad-free song playlist rest all work properly.,True,usability.ads,complaint,3,completed,usability
70c4505f-c603-4904-8b3e-5aea0922e346,,,,,True,,,False,other.general,praise,,,1,other,True,0.0,0,Great app awsome i clpuld say many things awsome about it right now best app ever,True,other.general,praise,1,completed,other
3cbdc5ac-f28e-4ab8-8567-4454c79fd42c,,,,,True,,,False,other.general,unclear,,,1,other,True,0.5,0,الاغاني حرام اصلا,True,other.general,unclear,1,completed,other
838ce684-25ef-405c-9ea3-2bdae07b6af6,,,,,True,,,False,billing.premium_only_controls,complaint,,,3,billing,True,0.3,0,Ever since i last updated I can't rewind or loop songs unless i pay for premium. Otherwise I highly recommend it.,True,billing.premium_only_controls,complaint,3,completed,billing
dd34266c-cf2d-47d2-a2e6-890336f67a1a,usability.controls_navigation,complaint,"The review cites shuffle and forward/backward controls becoming unavailable after an update with no mention of a premium paywall, matching usability.controls_navigation rather than billing.premium_only_controls.",3,False,complaint,usability,True,billing.premium_only_controls,complaint,True,False,3,billing,True,0.1,0,"I love this app but after recent update the shuffle🔀 and forward or backward is not available, which is most inappropriate. And after that ads is coming after every song which is annoying. Otherwise I love this app",False,usability.controls_navigation,complaint,3,completed,usability
4f1d592c-cb14-4e1a-be54-a124008037fb,playback.connection,complaint,"The user explicitly demands fixing the 'internet connection' problem and calls the app 'ghtiya' (crap), indicating a blocked core streaming function warranting severity 4.",4,True,complaint,playback,True,playback.connection,complaint,True,True,4,playback,True,0.0,2,Kya hai iska problem internet Conection thik kro ise kitna ghtiya app hai,True,playback.connection,complaint,2,completed,playback
88b08622-9d27-4cfa-bad4-71db94d0499a,,,,,True,,,False,other.general,praise,,,1,other,True,0.1,0,I have a. Very great experince with this app,True,other.general,praise,1,completed,other
fae94ee4-59b6-4ae1-9867-01d80d7740a3,,,,,True,,,False,other.general,praise,,,1,other,True,0.0,0,It's amazing all my favorite songs and podcasts are in here,True,other.general,praise,1,completed,other
f001b2a7-57df-40d4-b5c0-77c442ae3d9a,catalog.search_discovery,praise,The phrase 'awesome classification of music' names a specific praised cataloging/discovery feature rather than generic praise.,1,False,praise,catalog,True,catalog.search_discovery,praise,True,True,1,catalog,True,0.0,0,Perfect for Music lovers .. awesome classification of music ..!!,False,other.general,praise,1,completed,other
be95b988-4b4b-41d0-8502-1a2287048879,,,,,True,,,False,other.general,unclear,,,1,other,True,0.7,0,We are boycotting Sweden your apps rating will go down,True,other.general,unclear,1,completed,other
45721ce7-1efa-4390-82f7-e914edec13d3,billing.premium_only_controls,complaint,"The first specific problem is paying to avoid ads and being unable to play liked songs freely, a premium-only restriction with workarounds, not a full block, and 'download something else' is advice rather than the reviewer's own departure, so it's a complaint not cancellation.",3,False,complaint,billing,True,catalog.search_discovery,cancellation,False,False,3,catalog,False,0.0,1,This app is bad you have to pay to avoid ads and you can't even listen to your liked music . When you search up a song it comes up with a random playlist even when I put it on song only. It used to be good. Download something else I am not kidding this is bad like the worst song app,False,billing.premium_only_controls,complaint,4,completed,billing
4d77fdfe-e81c-4d0f-bcf4-3d3f7a996fc1,,,,,True,,,False,usability.ads,cancellation,,,3,usability,True,0.0,1,Earlier it was used to be my go to music partner app but now in this very recent update they are asking premium for every single song and 10-10 advertisements at the end and starting of a single song that too with almost 1 min ad with no skip button that's what made me think that is this app (Spotif,True,usability.ads,cancellation,4,completed,usability
2dcb5080-5b96-4e22-b6f9-7f3169131683,,,,,True,,,False,usability.layout_redesign,complaint,,,2,usability,True,0.2,0,"Used to work perfectly but the new U.I. is awful, I'd rather have the old rows of categories instead of these automatically playing previews.",True,usability.layout_redesign,complaint,2,completed,usability
0df3c567-cb4a-4ae2-81e5-43052cdce82d,,,,,True,,,False,usability.ads,complaint,,,2,usability,True,0.0,0,"Excellent app, but the ads sucks 😛",True,usability.ads,complaint,2,completed,usability
c5a951af-b619-4627-81f0-9f0574a7ddaa,,,,,False,,,True,catalog.recommendations,praise,,,1,catalog,True,0.0,0,Spotify has such an amazing collection of music. Plus I like that they make playlists for me based on my previous choices.,False,other.general,praise,1,completed,other
51b7c4c5-1cb1-493f-a2d9-98ddca1a5c85,,,,,True,,,False,usability.ads,complaint,,,2,usability,True,0.0,0,Better but ads after every song. And give bad ads.,True,usability.ads,complaint,2,completed,usability
c1d25721-a76b-4e00-8a35-09026265511f,,,,,True,,,False,other.general,praise,,,1,other,True,0.05,0,"I absolutely love this app.For sure, it's the best music streaming app there is.From the sleek UI to the crisp and beautiful audio, the app is simply a work of art.",True,other.general,praise,1,completed,other
d153c415-f20a-480a-84ef-b5e77a9152cd,,,,,True,,,False,billing.premium_only_controls,complaint,,,4,billing,True,0.0,0,Hey i am editing this because I can't even play a song anymore. I have to shuffle play if I have to listen to songs,True,billing.premium_only_controls,complaint,4,completed,billing
8f9c51bc-077a-4e08-be83-4a5fd3a8dd77,other.general,request,"The request for a 'messenger between other users' is a general feature suggestion not covered by any specific topic, so other.general fits better than usability.controls_navigation.",1,False,request,other,True,usability.controls_navigation,request,True,False,1,usability,True,0.2,0,"enough to listen to songs anytime and anywhere, thank you Suggestion, to provide messengers between other users on spotify",False,other.general,request,1,completed,other
de360d2d-d05d-49a4-9934-24c0715cec31,,,,,True,,,False,other.general,praise,,,1,other,True,0.1,0,Very nice aap is aap me hume majedar song jaise free,True,other.general,praise,1,completed,other
84be2343-362b-4470-a27b-3df0a763ebeb,,,,,True,,,False,other.general,praise,,,1,other,True,0.0,0,Best App For Music lovers ❤😍,True,other.general,praise,1,completed,other
007602fc-e04c-4d27-888c-c4cfa09c9f6e,,,,,True,,,False,other.general,praise,,,1,other,True,0.1,0,Early adopter. Have loved it ever since.,True,other.general,praise,1,completed,other
18fddf97-c0ab-4c09-bdcf-23adffe1b069,,,,,False,,,False,playback.other,complaint,,,4,playback,True,0.1,0,"Since the new update, many of my podcasts will not play!",True,playback.crashes_freezes,complaint,4,completed,playback
1409e450-6b6d-4dc7-aefc-f15f07d942b5,,,,,True,,,False,usability.layout_redesign,complaint,,,2,usability,True,0.0,0,The new interface is terrible.,True,usability.layout_redesign,complaint,2,completed,usability
b522c4eb-da88-4fee-8636-dbc35f75ae43,,,,,True,,,False,playback.audio_quality,complaint,,,2,playback,True,0.0,1,You lose your quality....,True,playback.audio_quality,complaint,3,completed,playback
83033ef4-14a6-4fa1-aaa1-0cf5231c84fa,playback.audio_quality,praise,"The review specifically praises sound as 'Clear, no distortion', a specific audio quality feature rather than generic praise.",1,False,praise,playback,True,playback.audio_quality,praise,True,True,1,playback,True,0.0,0,"Very enjoyable listening. Clear, no distortion and a pleasant change from screen watching.",False,other.general,praise,1,completed,other
0b06baf6-f547-44d2-8324-e9fbe23fbba8,,,,,True,,,False,other.general,praise,,,1,other,True,0.1,0,Improvising the app day by day.....,True,other.general,praise,1,completed,other
223d83f2-f549-4190-9f59-05060441a8ed,,,,,True,,,False,other.general,praise,,,1,other,True,0.0,0,Just love it. !!,True,other.general,praise,1,completed,other
3a74eafc-3f7f-490e-b0da-5ce55f75146e,usability.controls_navigation,praise,"The review's first specific praised feature is 'easy to use', which maps to usability.controls_navigation rather than generic praise.",1,False,praise,usability,True,usability.controls_navigation,praise,True,True,1,usability,True,0.0,0,"awsome,, easy to use and have more songs than some of the other music players",False,other.general,praise,1,completed,other
71ac082f-1ca6-44ba-a5a2-02ac9fc815a8,,,,,True,,,False,other.general,praise,,,1,other,True,0.0,0,Well deserved. 👏 Imesh. Itunes. Prime Music. Livewire/Frostwire. Pandora stood above them all... Then Spotify busts out of the shadows all ninja-like and throws Pandora over its knee for a non-stop spanking.,True,other.general,praise,1,completed,other
4ecc235e-2f3b-4733-acf3-a0fc0c3511d8,,,,,True,,,False,other.general,praise,,,1,other,True,0.1,0,Luv 💕,True,other.general,praise,1,completed,other
a7e2c65b-1b85-45b6-8b18-21a165d630d8,,,,,True,,,False,playback.devices,complaint,,,3,playback,True,0.1,0,Stop automatically connecting to my car!! I don't want to use data to stream music in my car! If I have been listening in my house via headphones - it should not start playing in my car every time I crank it!! I am so tired of trying to catch it before it blasts from my speakers!!! Fix it!!!,True,playback.devices,complaint,3,completed,playback
2b48c821-b28a-4a18-a455-d7a99f8228b4,,,,,True,,,False,other.general,praise,,,1,other,True,0.0,0,Nice. I love ❤️ it.,True,other.general,praise,1,completed,other
a44abedd-a9fc-430d-9084-6ab050aa3ab7,,,,,True,,,False,other.general,complaint,,,2,other,True,0.0,0,Poor prfomce,True,other.general,complaint,2,completed,other
8d7311b3-be4c-4c86-9e32-54db6d515229,,,,,True,,,False,other.general,praise,,,1,other,True,0.0,0,I LOVE THE SONGS NICE JOB,True,other.general,praise,1,completed,other
985a0530-42a6-4d8c-a7a0-7f372881b2d1,,,,,True,,,False,other.general,praise,,,1,other,True,0.4,0,Best Jene,True,other.general,praise,1,completed,other
5c9c470f-240b-413a-9d13-368f88e06394,,,,,True,,,False,usability.ads,cancellation,,,3,usability,True,0.05,1,This app on the phone is horrible everything is so complicated for no reason I can never just listen to a song without Spotify directing me to another song because they think its better or something then on top of that the ads just won't stop I'm so sick of them and they just keep adding more and mo,True,usability.ads,cancellation,4,completed,usability
3c2f3fdf-903c-4c35-aa88-42fe89dc868f,,,,,True,,,False,other.general,praise,,,1,other,True,0.0,0,Very nice onek basi valo aii app ta I just love it,True,other.general,praise,1,completed,other
459fd13c-a6ba-4e4e-807b-47c8bbff9ebc,,,,,False,,,True,billing.premium_only_controls,complaint,,,3,billing,True,0.0,0,"For an app that should make us hear music, it doesn't even give me a full version in some songs. The smart shuffle is terrible just terrible. In summary, I would rather download it on Google old style. Trash, garbage. Yes this would be a lot better for premium users but one it costs money and it's j",False,catalog.recommendations,complaint,3,completed,catalog
42242338-4fe0-4ce1-9a47-65442102b935,,,,,True,,,False,playback.crashes_freezes,complaint,,,4,playback,True,0.1,0,The app automatically closes when i play something. I reinstalled the app multiple times and it still closes. Help Spotify. Thank you,True,playback.crashes_freezes,complaint,4,completed,playback
cf173e4f-05cb-4681-8728-9dea67ea65e9,,,,,True,,,False,billing.premium_only_controls,cancellation,,,3,billing,True,0.0,1,Never knew Spotify would be so greedy they literally removed the option of choosing and playing songs YOU like nevermind I deleted it souncloud is much better,True,billing.premium_only_controls,cancellation,4,completed,billing
5b967107-ae2d-4861-a6ae-c28608dcf5a2,,,,,True,,,False,other.general,praise,,,1,other,True,0.1,0,I like the music and no interaction,True,other.general,praise,1,completed,other
b61a4294-2645-4e3d-8928-eeb143a37973,,,,,True,,,False,other.general,complaint,,,2,other,True,0.1,0,Outdated,True,other.general,complaint,2,completed,other
515ed619-7279-44c6-af38-8d38603b0810,,,,,True,,,False,billing.subscription_management,complaint,,,3,billing,True,0.1,0,"tiap mau langganan ga bisa mulu, payah",True,billing.subscription_management,complaint,3,completed,billing
7d168949-4a35-4f03-9849-06a013a765eb,,,,,True,,,False,other.general,praise,,,1,other,True,0.0,0,Amazing app so much better than youtube music,True,other.general,praise,1,completed,other
225d8f60-9d8d-477a-870d-ec32980cff4a,,,,,True,,,False,other.general,praise,,,1,other,True,0.1,0,Always there,True,other.general,praise,1,completed,other
893e6190-15e3-419b-9996-9779ccf22cc9,playback.crashes_freezes,complaint,"'suddenly stopped working' reflects the classic Android crash dialog language, indicating the app crashes rather than failing to open.",4,False,complaint,playback,True,access.app_wont_open,complaint,True,False,4,access,True,0.0,0,App suddenly stopped working on my Android.,False,playback.crashes_freezes,complaint,4,completed,playback
e0007139-07ec-447f-98ca-e5757d6ad977,,,,,True,,,False,other.general,unclear,,,1,other,True,0.3,0,Boycott.... You know the reason,True,other.general,unclear,1,completed,other
f9ea10c2-1755-4e08-82f0-1842338dff4c,,,,,True,,,False,access.login,complaint,,,4,access,True,0.0,0,"spotify used to be a great app, now it won't even let me log in, it keeps saying that something is wrong even with the link that they sent me on email, and even with correct password, it just keeps showing that error. also, all the important functions like skipping to your favourite part of the song",True,access.login,complaint,4,completed,access
8d1462f8-f1ce-4b67-9ab4-66109a0cdba9,,,,,True,,,False,other.general,complaint,,,2,other,True,0.1,0,"This app low key sucks, but what choice do I have",True,other.general,complaint,2,completed,other
244cca51-6f1b-4e72-8a9f-1d5f810aff40,other.general,unclear,"The vague phrase 'You know what you did' contains no identifiable complaint, request, or praise, fitting the unclear intent with no reported problem.",1,True,unclear,other,True,other.general,complaint,False,True,2,other,False,0.2,1,You know what you did.,True,other.general,unclear,1,completed,other
194b1271-42fc-4f9e-a5d6-54036cfa4cd0,,,,,True,,,False,usability.library_queue,complaint,,,3,usability,True,0.0,0,"Somehow my favourite tracks are hidden in one of my playlists (which I never did) and I can't unhide them. I have switched on ""Show unplayable songs"" in my settings but the ""Hidden"" Button is still broken. Please fix this, I'm paying money for this app each month.",True,usability.library_queue,complaint,3,completed,usability
dc16f2bb-83ab-45c0-808d-1123c4049bad,usability.ads,complaint,"The phrase 'add ati rahti ha' ('ads keep coming') indicates a complaint about frequent ad interruptions, matching usability.ads with minor annoyance severity.",2,False,complaint,usability,True,usability.ads,complaint,True,True,2,usability,False,0.6,1,Ya app backer ha add ati rahti ha,False,other.general,unclear,1,completed,other
9b690987-9e68-4ced-a935-4fc85b6b85e7,,,,,True,,,False,other.general,unclear,,,1,other,True,0.5,0,Jerkily Biden bent banana,True,other.general,unclear,1,completed,other
2f4265ee-9ad5-4b0a-865b-a54b3eb36f5e,,,,,True,,,False,other.general,praise,,,1,other,True,0.0,0,Very nice 👌 I like it,True,other.general,praise,1,completed,other
6443ed61-00c9-4c1d-8ce5-c3131799d9f4,,,,,True,,,False,other.general,praise,,,1,other,True,0.1,0,the best music app in the world,True,other.general,praise,1,completed,other
bd17249d-e25c-4818-863e-532a15342601,,,,,True,,,False,billing.premium_only_controls,complaint,,,3,billing,True,0.0,1,Everything was perfect till the latest update. To read lyrics you need premium to repeat songs you need premium to listen to a particular portion of my current song you need premium.,True,billing.premium_only_controls,complaint,4,completed,billing
d3c5eeaa-3ee4-40f7-8b47-44faa50f62f1,,,,,True,,,False,catalog.missing_content,request,,,1,catalog,True,0.1,0,I give 5 stars if you release midnights the last night edition and you're lossin' me by Taylor Swift.,True,catalog.missing_content,request,1,completed,catalog
aaa3700b-2cc0-4302-9dfd-3eef993dfe82,,,,,True,,,False,usability.ads,complaint,,,2,usability,True,0.7,0,Excellent app but to much ads,True,usability.ads,complaint,2,completed,usability
396f14eb-67fc-4ffc-8c6f-90c146a4ef4c,,,,,True,,,False,usability.controls_navigation,complaint,,,3,usability,True,0.0,0,I'm having trouble seen all my genres of music that I like and cant select cause of them overlapping each other and when have the screen rotated I can move to see the rest of my genres under my likes please fix this,True,usability.controls_navigation,complaint,3,completed,usability
d65fcc8d-791a-4c7a-8fb1-ab851b887f82,catalog.recommendations,request,"The wish that 'all music line up with the first choice chosen' describes a desire for better autoplay/radio recommendations, matching catalog.recommendations rather than queue management.",1,False,request,catalog,True,usability.library_queue,request,True,False,1,usability,True,0.0,0,I love the nonstop play in this app. But would wish that all music line up with the first choice chosen at the onset of play.,False,catalog.recommendations,request,1,completed,catalog
62c20e93-8d8f-4e2e-9728-3ef9ccd7c074,,,,,True,,,False,other.general,praise,,,1,other,True,0.0,0,Superb playlists 🤘😍😍😍😍😍🤘,True,other.general,praise,1,completed,other
a6e3ce74-09a8-49c0-96b7-bf69cbc9510c,,,,,True,,,False,playback.crashes_freezes,complaint,,,3,playback,True,0.0,0,The app keeps freezing when I open it when I play a song it glitches which is rather annoying,True,playback.crashes_freezes,complaint,3,completed,playback
2226cb58-cf67-47fa-a948-694abfd4310d,,,,,True,,,False,other.general,praise,,,1,other,True,0.1,0,It's a great library for listening to music.,True,other.general,praise,1,completed,other
326556d9-8449-4e2a-bc99-44866163b029,other.general,complaint,"The dismissive 'Yuck..' expresses generic negative sentiment without naming a specific defect, fitting generic criticism rather than unclear text.",2,True,complaint,other,True,other.general,complaint,True,True,2,other,False,0.2,1,Yuck.. 🤢 like seriously if you do this people gonna buy ur plans.,True,other.general,unclear,1,completed,other
736c9a46-36ff-4760-bee2-0979cc97fce1,,,,,True,,,False,usability.controls_navigation,complaint,,,3,usability,True,0.9,0,I loved this app until one day all my playlists were on shuffle. I can't see the queue option and neither the option to remove the shuffle. I will give this app 5 stars if my problems are solved. Edit: Thanks a lot for solving the problems and now the app is functioning properly.,True,usability.controls_navigation,complaint,3,completed,usability
b4af1ec2-d09e-448d-87dd-ee2328731600,,,,,True,,,False,catalog.recommendations,cancellation,,,3,catalog,True,0.0,0,"I did like this app a lot, but I got so fed up with the recommended song added to my playlist 😡 . I keep turning this off, but it still keeps doing it, driving me mad . So iv uninstall this app now.",True,catalog.recommendations,cancellation,3,completed,catalog
124dd568-1782-4d27-a1a7-a87b0268bd36,usability.library_queue,request,"The phrase 'favorite songs' indicates a desire to use the liked-songs/library feature, making it a feature-related request rather than unclear or general praise.",1,False,no_majority,usability,True,usability.library_queue,unclear,False,True,1,usability,False,0.5,0,So I can have favorite songs,False,other.general,praise,1,completed,other
5165dd65-337c-4f15-b9b9-ed0047dcd051,,,,,False,,,False,usability.library_queue,request,,,1,usability,True,0.2,0,Please add an option to delete listening history,True,usability.controls_navigation,request,1,completed,usability
2bae2819-d684-42d2-b9ec-1484aa9f50e9,other.general,request,"The phrase 'You can still do it better' suggests improvement without describing any specific failure or negative experience, fitting a request rather than a complaint.",1,True,request,other,True,other.general,request,True,True,1,other,False,0.4,1,You can still do it better,True,other.general,complaint,2,completed,other
359fab6c-ad9e-4be1-802f-9139ca1a5bf0,other.general,complaint,"The review only states the 'lastest update is disappointing' without specifying any particular defect like layout or redesign, so it is generic criticism classified as other.general.",2,False,complaint,other,True,usability.layout_redesign,complaint,True,False,2,usability,True,0.1,0,The lastest update is disappointing,False,other.general,complaint,2,completed,other
c6c3156d-7258-4085-b959-44a1d705b33c,,,,,True,,,False,usability.controls_navigation,complaint,,,3,usability,True,0.1,0,I like this app but i dont have the shuffle or loop button idk why but if yall can pls fix this,True,usability.controls_navigation,complaint,3,completed,usability
41af82d4-584e-4cd5-8222-7a22323295c2,,,,,True,,,False,other.general,praise,,,1,other,True,0.1,0,Super song 😍😍🙌😍😍 in,True,other.general,praise,1,completed,other
f8c46870-370b-4e5e-b0f3-ca1d550fd1c1,catalog.search_discovery,praise,"The review's first specific praised feature is being able to 'get rare and popular songs,' which maps to catalog.search_discovery rather than generic praise.",1,False,praise,catalog,True,catalog.search_discovery,praise,True,True,1,catalog,True,0.1,0,You can get rare and popular songs tooo and easy to use,False,other.general,praise,1,completed,other
8c9302b3-7f16-4896-b9f0-1e6628d6d0d8,,,,,True,,,False,other.general,complaint,,,2,other,True,0.1,0,Doesn't work very well,True,other.general,complaint,2,completed,other
488003e9-7f0d-4896-9f38-9b9f697526cb,,,,,True,,,True,usability.ads,complaint,,,2,usability,False,0.1,0,"Its the best app for music and podcast, the only thing is that adds. In starting of this app whien it was lunch there no more need to see add, although its the best app. Thank you Regards Ashwani",True,usability.ads,praise,2,completed,usability
e6a95e91-e0bf-402a-8930-13faa7a6e294,,,,,True,,,False,other.general,praise,,,1,other,True,0.0,0,Best app for music and podcasts hands down,True,other.general,praise,1,completed,other
7501114d-614b-46cf-9071-a544f9eb63e9,,,,,False,,,True,playback.audio_quality,praise,,,1,playback,True,0.0,0,Nice app Song are clear Love this app very much.,False,other.general,praise,1,completed,other
6a15dd8d-8ef3-4683-a5f1-317a5a64871c,,,,,True,,,False,other.general,praise,,,1,other,True,0.0,0,Awesome I can listen to all my favorites for free,True,other.general,praise,1,completed,other
5078beb5-d42a-473f-bff3-5ad8acfbaa91,,,,,False,,,True,billing.premium_only_controls,complaint,,,3,billing,True,0.1,0,"Spotify was my fav app , but after the new update this is just bad . The restrictions are so annoying. Due to this very stupid update I have to change my rating to one star . Not sorry at all.",False,usability.controls_navigation,complaint,3,completed,usability
5dbdf3d7-25fc-473a-9e33-0d6c05986074,,,,,True,,,False,billing.premium_only_controls,complaint,,,3,billing,True,0.0,1,Was good until this change that i got today where i cant even change playlists and if I did it would gove me songs that arent even on the playlist also you now got 6 skips per hour,True,billing.premium_only_controls,complaint,4,completed,billing
73cf2838-3ef8-4591-b6d8-22f70b1dd081,,,,,True,,,True,playback.connection,complaint,,,4,playback,False,0.0,0,My Spotify app is not able to detect my mobile data. I am not able to search or play any new songs. Please assist me with this,True,playback.connection,request,4,completed,playback
ffea4cdd-c55a-4d0d-a863-df7d808af28c,,,,,True,,,False,other.general,praise,,,1,other,True,0.1,0,Why given to 4 star for Spotify because I mostly my time spent with it I shared all feelings and it's gives energy to solutions I love Spotify your my part,True,other.general,praise,1,completed,other
238bb201-7f2b-43da-8376-8d5df3a0e804,,,,,True,,,False,usability.layout_redesign,complaint,,,2,usability,True,0.1,0,the new updates are worst I use spotify every day but this new update make spotify the worst please made it like before please make it the old version 🥺🥺🙏,True,usability.layout_redesign,complaint,2,completed,usability
1ee5e250-aea8-40ab-95a7-fec40b6c0975,,,,,True,,,False,other.general,unclear,,,1,other,True,0.0,0,By croft,True,other.general,unclear,1,completed,other
2e35cba2-4263-4eed-859d-9810e7b80a32,,,,,True,,,False,other.general,praise,,,1,other,True,0.0,0,Variety is awesome!,True,other.general,praise,1,completed,other
60aa9c1f-058e-4d83-9296-a75ca3c419a1,,,,,True,,,False,other.general,praise,,,1,other,True,0.0,0,"I can listen to basically any song that I want, and you can listen to music with your screen locked or on a different tab, which I can't do on YouTube music without premium.",True,other.general,praise,1,completed,other
ca7863c8-f989-455c-858d-78fb0f9a323f,,,,,True,,,False,catalog.missing_content,complaint,,,3,catalog,True,0.0,1,No much collection of old songs very limited,True,catalog.missing_content,complaint,2,completed,catalog
ca50bb08-9e92-448d-9272-12bcaad6b8bd,,,,,False,,,True,playback.crashes_freezes,complaint,,,3,playback,True,0.0,1,This is very bad aap with services and the system of this is too much slow and difficult to use it's not easy to use for everyone. Very bad aap,False,usability.controls_navigation,complaint,2,completed,usability
ed07aa63-30a1-4912-a9d9-9d43823ec984,,,,,True,,,False,other.general,praise,,,1,other,True,0.1,0,Best app which helped me to upgrade my life quality. Helped me through lot of hard times!,True,other.general,praise,1,completed,other
015a597c-9f46-41a4-99fa-6caccd6598c8,,,,,True,,,False,other.general,complaint,,,2,other,True,0.1,0,This is a hate ful app band this app,True,other.general,complaint,2,completed,other
01aa449c-3d34-4308-9a99-eabe7ed9ea61,,,,,True,,,False,catalog.lyrics,praise,,,1,catalog,True,0.1,0,Love listening to the songs that I love and singing along coz it has lyrics,True,catalog.lyrics,praise,1,completed,catalog
ab2e8083-ca31-42ae-8838-e323e5811c09,,,,,True,,,False,other.general,unclear,,,1,other,True,0.0,0,Spotiy:Musicand...,True,other.general,unclear,1,completed,other
a08087ef-92d2-405f-8931-d890765fe25f,,,,,False,,,True,usability.library_queue,praise,,,1,usability,True,0.0,0,Great interface. Awesome Playlists. A forever friend in every long ride.,False,other.general,praise,1,completed,other
56cf7357-1247-4089-b7df-1989f407c48a,,,,,True,,,True,billing.premium_only_controls,cancellation,,,3,billing,True,0.05,2,It's become too much commercial even for moving to a particular place in a song is not acceptable with out subscription. Hated this upgrades. It's become the best app to the worst app. I am deleting this app now and never gone install it again If there is a an option for giving less than 0.5 rating.,True,billing.premium_only_controls,cancellation,5,completed,billing
ff1e2a9e-bdeb-4f63-9fb1-739adc56fd13,,,,,True,,,False,other.general,praise,,,1,other,True,0.1,0,"This is the best streaming app on earth, there is no sound you can't find here.",True,other.general,praise,1,completed,other
d13a6e9e-254a-4843-88e0-94369d338d03,,,,,False,,,False,downloads.offline_mode,complaint,,,3,downloads,True,0.1,1,"This app has gone downhill over the last few months. Offline experience is terrible, downloaded songs don't play. Skipping songs even stops working sometimes Older versions are much more stable, don't upgrade!",True,downloads.fail_disappear,complaint,4,completed,downloads
f0e1dda7-73b9-4a16-8408-704c0fa542a6,,,,,False,,,True,usability.controls_navigation,praise,,,1,usability,True,0.05,0,"IT GIVES YOU A CHOICE OF YOUR OWN MUSIC AND I LOVE LOVE IT, THANKS 👍",False,other.general,praise,1,completed,other
8ba3e805-3984-4dcf-bdd8-962ecf62de63,,,,,True,,,False,other.general,praise,,,1,other,True,0.2,0,All the music u wanna hear,True,other.general,praise,1,completed,other
ad0b68d0-2449-4236-a412-41e0cedc0935,,,,,False,,,False,usability.library_queue,request,,,1,usability,True,0.2,0,"This is an excellent app that can be improved by allowing you to shift the order of the songs you choose, or perhaps it already does, but that I have not discovered it yet.",True,usability.controls_navigation,request,1,completed,usability
8580f49f-a3f9-4de0-9b39-3a7514e55ea7,,,,,False,,,False,usability.library_queue,complaint,,,3,usability,True,0.1,0,GIVE ME BACK MY ABILITY TO LIKE SONGS BUT ON AN ANDROID NOT AN IPHONE 😾😾😾😾😾😾😾😾,True,usability.controls_navigation,complaint,3,completed,usability
33c16292-5df7-46fd-83f1-93e0bef54961,,,,,True,,,True,other.general,unclear,,,1,other,False,0.9,0,Siuuuuuuuuuuuuu,True,other.general,praise,1,completed,other
2b4cedba-f78f-459d-9b01-e59da3424da8,,,,,True,,,False,usability.ads,complaint,,,2,usability,True,0.1,0,That is so much good song app but ads are so much,True,usability.ads,complaint,2,completed,usability
fdabdb96-5e11-403f-a979-ea10260914b9,,,,,True,,,False,other.general,complaint,,,2,other,True,0.1,0,I dont like spotify,True,other.general,complaint,2,completed,other
916452f8-3d20-4761-ae82-61cec7c0aa5e,,,,,True,,,False,usability.ads,cancellation,,,2,usability,True,0.2,1,ad is big issue plz remove or i switch to resso,True,usability.ads,cancellation,3,completed,usability
2f6583e6-8c19-4cc5-a904-7800ff54ec4a,,,,,True,,,True,catalog.recommendations,cancellation,,,3,catalog,False,0.1,0,I would pay for premium if it didn't play the same 5 songs over and over. Just nevermind I wish CDs were still a thing.,True,catalog.recommendations,complaint,3,completed,catalog
5a6400db-9267-4741-a598-bc83e92af01b,,,,,True,,,False,usability.ads,complaint,,,3,usability,True,0.1,0,What is wrong with this app?? If your goal for making it only premium than why u have given for free with 30 mins ad. Not satisfied at all,True,usability.ads,complaint,3,completed,usability
6db339de-9bde-4574-a92a-0f876bc622a6,,,,,True,,,False,other.general,praise,,,1,other,True,0.1,0,"In my experience it is the best app because I think this is the 1st good music app that like give various options of choosing are own singers, we can make playlists, and also like search to different kinds of music",True,other.general,praise,1,completed,other
699a3208-2441-41a2-a864-a97580ec7d8e,,,,,False,,,True,playback.other,complaint,,,3,playback,True,0.1,1,"I have 750 songs in my metal mix, spotify will only play 12 of them on mobile. My advice don't use mobile version, if you have a pc",False,catalog.missing_content,complaint,4,completed,catalog
a81aeea4-44c7-449d-8d0e-95fe387d04f8,,,,,True,,,False,billing.premium_only_controls,cancellation,,,3,billing,True,0.0,1,"Bahut hi bura aap hai kyuki new update main bahut si cheeje premium main daal di aur music replay ka option bhi hata Diya. bahut kharab update diya Spotify ne main ab ise uninstall kar dunga...,😠😠😠😡😤",True,billing.premium_only_controls,cancellation,4,completed,billing
0880d2b3-ec34-40e1-b294-12fe87fe09a9,,,,,True,,,True,usability.ads,request,,,2,usability,False,0.6,0,Good app but should reduce ad,True,usability.ads,complaint,2,completed,usability
a657ecad-975b-4dda-b86c-f1a6d1d4d3c0,,,,,True,,,False,other.general,unclear,,,1,other,True,0.0,0,Saddam Hossain,True,other.general,unclear,1,completed,other
316a34bd-c431-44e2-8f95-5bf53ec66e86,,,,,True,,,False,catalog.missing_content,request,,,1,catalog,True,0.4,0,Nice & cool app. Plz add more Pakistani songs.,True,catalog.missing_content,request,1,completed,catalog
05176a90-dec3-488a-af64-afe0912a3a41,,,,,True,,,False,other.general,praise,,,1,other,True,0.1,0,"They are the best ❤️💯... I can't wait to subscribe to premium 😁,still using my free 1 month",True,other.general,praise,1,completed,other
257d302d-1ad5-4380-9a1f-43b414d39649,,,,,False,,,True,access.app_wont_open,complaint,,,3,access,True,0.0,0,Takes forever to open. Fix that please,False,playback.crashes_freezes,complaint,3,completed,playback
78d93bfb-8169-4813-a65c-4ae08b55267a,,,,,True,,,False,playback.crashes_freezes,complaint,,,4,playback,True,0.1,0,Paying for premium. App shuts down when song selected manually.,True,playback.crashes_freezes,complaint,4,completed,playback
5d85c877-f310-4d21-89f4-02a1521ed14f,,,,,True,,,False,other.general,praise,,,1,other,True,0.1,0,"Great service , gets better each month",True,other.general,praise,1,completed,other
710730fa-a4ae-4322-a05b-20fa0d04c8da,,,,,True,,,False,other.general,praise,,,1,other,True,0.0,0,Way better than Pandora and they have joe Rogan,True,other.general,praise,1,completed,other
9786cdfc-164d-4588-a300-ef418a0242a0,,,,,True,,,False,other.general,praise,,,1,other,True,0.1,0,Yeah it's Good,True,other.general,praise,1,completed,other
3e90bfa5-6295-43fa-ae50-69c989c700b7,,,,,True,,,False,other.general,unclear,,,1,other,True,0.0,0,L per bhetjao,True,other.general,unclear,1,completed,other
d3cda1d3-39fb-4092-b8b5-c12c3cef2436,,,,,True,,,False,catalog.search_discovery,complaint,,,4,catalog,True,0.0,0,"Search completely broke and now my subscription and this app is useless to me, because I cannot find anything anymore.",True,catalog.search_discovery,complaint,4,completed,catalog
055b9f41-ff68-4d0e-9b81-a98f865aa859,,,,,False,,,True,billing.subscription_management,cancellation,,,3,billing,False,0.1,0,"Worst ever app now. Once it was my fav app.. Now it's asking to get a subscription, just listen to the song.. Idiotic idea.. Now everyone will move to hunguma, ganna, jiosaavn, wynk etc.. Useless",True,billing.premium_only_controls,complaint,3,completed,billing
d40a110e-148b-4377-895a-aaaf03df759e,,,,,True,,,False,other.general,praise,,,1,other,True,0.1,0,It makes it easy for us to play any song we want,True,other.general,praise,1,completed,other
6218c8ee-c82e-4cbb-96c1-4bfcab65da64,,,,,True,,,False,usability.ads,complaint,,,2,usability,True,0.1,0,In the Spotify there is so much ads That I don't like,True,usability.ads,complaint,2,completed,usability
ea88558e-5b7c-4f07-bcd8-184aad431ac0,,,,,True,,,False,playback.stops_skips,complaint,,,3,playback,True,0.1,0,This app is good.But music are not changing more and music are not doing back.,True,playback.stops_skips,complaint,3,completed,playback
8f749028-57f5-4fd5-b70d-560eaf7c4cd0,,,,,True,,,False,other.general,unclear,,,1,other,True,0.0,0,Mooj h,True,other.general,unclear,1,completed,other
19c0c95b-e6b6-4405-a776-8f32a61bd5bc,,,,,True,,,False,billing.premium_only_controls,complaint,,,2,billing,True,0.1,1,The new update is the worst. Why only premium will enjoy everything??? Hate it.,True,billing.premium_only_controls,complaint,3,completed,billing
192cf35b-edc5-44b5-83b1-b9173fead6c1,,,,,False,,,True,catalog.search_discovery,praise,,,1,catalog,True,0.1,0,I found my favorite songs and bands,False,other.general,praise,1,completed,other
25b669d3-0696-4ebd-9e62-7ad999d29ef0,,,,,True,,,False,billing.premium_only_controls,complaint,,,3,billing,True,0.0,0,"It keeps playing songs I don't want to hear, and the only way to stop this is to buy premium.",True,billing.premium_only_controls,complaint,3,completed,billing
e45f63b3-39b4-448d-b9c8-201ec36968e6,,,,,False,,,True,playback.devices,request,,,1,playback,False,0.4,1,Kadang suka lag kalo purchase di aplikasinya alias ngebug. Widgetnya pleasee lebih bervariasi dong terus bisa ditransparan sesuai widget lainnya pasti lebih bagus.,True,playback.crashes_freezes,complaint,2,completed,playback
7cc40a3e-8639-4bcf-8ced-68d64a12a4c9,,,,,True,,,False,other.general,praise,,,1,other,True,0.1,0,It apps on my time music player in. I really love it spotify .,True,other.general,praise,1,completed,other
99a24cee-af85-4191-8ebc-759a81bb422e,,,,,True,,,False,other.general,praise,,,1,other,True,0.1,0,It has been one of my favourite app so far 😉👍,True,other.general,praise,1,completed,other
ba2de283-b459-4156-b860-2d8d941f701f,,,,,True,,,False,billing.premium_only_controls,cancellation,,,3,billing,True,0.0,1,Uninstalled it already. You cant see the playlist. You cant choose the song you want to play. Dont istall this app. Lots of ads. Its a waste of time. Youtube is better. This app is trash.,True,billing.premium_only_controls,cancellation,4,completed,billing
b32d37d8-7f94-4384-bda4-f21ad7165753,,,,,True,,,False,other.general,praise,,,1,other,True,0.3,0,I'm new to Spotify. Can't wit to learn more about it.,True,other.general,praise,1,completed,other
b11f5ea2-bc3b-47d2-b7e1-339c70a3f963,,,,,True,,,False,other.general,praise,,,1,other,True,0.0,0,It is very cool Spotify,True,other.general,praise,1,completed,other
ba31a2a9-b58b-4396-9088-0c458e31f412,,,,,True,,,False,other.general,praise,,,1,other,True,0.2,0,I enjoy nicely It good,True,other.general,praise,1,completed,other
ce5d6967-922e-40a9-a833-88920113d4ce,,,,,True,,,False,other.general,cancellation,,,2,other,True,0.0,0,"The experience of the new update is absolutely trash, I'm uninstalling to find a better alternate app",True,other.general,cancellation,2,completed,other
7a651c5d-bd6e-430d-912f-1289a0163bdb,,,,,True,,,False,other.general,praise,,,1,other,True,0.0,0,It's very good app for music loved it,True,other.general,praise,1,completed,other
d874640b-e1c0-4a2b-88c7-14c38e71ac40,,,,,True,,,False,billing.price,complaint,,,2,billing,True,0.1,0,Charge to much for nit being able to merge with booster sppd,True,billing.price,complaint,2,completed,billing
f3405af0-d4b2-4490-b420-b022a2809689,,,,,True,,,False,other.general,praise,,,1,other,True,0.1,0,Great app for the best music.,True,other.general,praise,1,completed,other
21221a01-48aa-4c06-bf01-915eb5fcac6f,,,,,True,,,False,billing.premium_only_controls,complaint,,,3,billing,True,0.0,0,"I hate it, why i should pay to listen to songs offline or skip songs or anything else",True,billing.premium_only_controls,complaint,3,completed,billing
47fd64c8-d4c5-4590-a3a3-688876389b79,,,,,True,,,False,usability.library_queue,complaint,,,3,usability,True,0.0,0,"The app used to be perfect, but now Spotify have changed each artist's page so that rather than show all of the songs from each album that you have ""liked,"" it shows only songs that you have individually liked, and then albums. This means you now can't shuffle all of the songs you have liked, includ",True,usability.library_queue,complaint,3,completed,usability
2faf49f7-f847-4804-b484-e414707dc1e6,,,,,False,,,False,billing.other,complaint,,,2,billing,True,0.1,0,Goods kaso di ako naka premium tol,True,billing.premium_only_controls,complaint,2,completed,billing
61452593-8edd-4363-9f2c-a4f018bed092,,,,,False,,,True,usability.controls_navigation,praise,,,1,usability,True,0.1,0,"Fantastic,easy listening Great",False,other.general,praise,1,completed,other
8d9c27ee-5bfd-43e0-897e-37d491aa99fa,,,,,True,,,False,other.general,praise,,,1,other,True,0.0,0,Love it It's opp,True,other.general,praise,1,completed,other
a777da36-a803-473e-a2c9-124aa68c45bd,,,,,True,,,False,usability.ads,complaint,,,2,usability,True,0.1,0,Zero stars. Ads are so repetitive. Chart manipulation!,True,usability.ads,complaint,2,completed,usability
b3a73c1d-0cbe-4c0b-94dd-75828680df94,,,,,True,,,False,other.general,praise,,,1,other,True,0.05,0,This app is absolutely amazing good job just keep up the good work. 😘😄😁😍❤️❤️,True,other.general,praise,1,completed,other
4babc346-6d94-4004-bc3a-bc24ac0a7bd6,,,,,True,,,False,other.general,praise,,,1,other,True,0.1,0,Super Duper app🆓🆓🆓🆓🆓🆓,True,other.general,praise,1,completed,other
957763ee-444f-40a9-87a1-38c50a2b6f6c,,,,,True,,,False,other.general,praise,,,1,other,True,0.1,0,This has great music combo,True,other.general,praise,1,completed,other
a39dca09-9505-48c3-9d66-0dd7f130d656,,,,,True,,,False,other.general,praise,,,1,other,True,0.0,0,Very very very 😊👍,True,other.general,praise,1,completed,other
c75b84de-7631-4227-8d46-48d908927ac6,,,,,True,,,False,other.general,praise,,,1,other,True,0.0,0,Spotify is nice wow,True,other.general,praise,1,completed,other
bb41dba7-7d8a-4d47-8da5-cc8f02595948,,,,,True,,,True,usability.ads,complaint,,,2,usability,False,0.3,1,The quality of the songs is amazing..... It would be better if they had reduced the ads related to the premium account of Spotify,True,usability.ads,request,1,completed,usability
91e228b0-b581-4866-9af0-82e14bff2570,,,,,True,,,False,billing.price,complaint,,,2,billing,True,0.0,0,Expensive.... getting to the point where it's not worth the money,True,billing.price,complaint,2,completed,billing
8d78fa85-0f9e-4992-bf24-398a5f3790ae,,,,,True,,,False,catalog.recommendations,request,,,1,catalog,True,0.0,0,"I'm enjoying Spotify a lot, but I think it would be better if they actually sent surveys that can assist in improving music selection. The discover weekly is good, but can be much better.",True,catalog.recommendations,request,1,completed,catalog
5c60ba5a-a6a5-4cef-8003-4e14e2bdd1d0,,,,,False,,,True,other.general,complaint,,,2,other,True,0.1,0,"It was all well and good until the last update. Sorry, but you deserve this hate spotify!",False,playback.crashes_freezes,complaint,2,completed,playback
d9d536ae-fa99-449b-b275-19b2fd747ac7,,,,,False,,,True,catalog.search_discovery,complaint,,,3,catalog,True,0.1,0,Honestly speaking nowadays I'm having issues using this app...I used to love this app because we can find almost every song but now on clicking a song I want to hear....I can't find that song easily and hardly I get it....On clicking a song another song gets played. It would be nice if you can fix t,False,playback.crashes_freezes,complaint,3,completed,playback
54a59b48-86a2-409e-bedc-330125dd4f5c,,,,,True,,,False,usability.ads,complaint,,,2,usability,True,0.3,0,1 star less for the ads✌,True,usability.ads,complaint,2,completed,usability
f3d2dc76-79d1-46c7-b0e2-af6ea9322c88,,,,,True,,,False,playback.audio_quality,complaint,,,3,playback,True,0.0,1,Very low sound compare to other apps,True,playback.audio_quality,complaint,2,completed,playback
591505bd-ec95-4720-981c-5ef499dc895e,,,,,True,,,True,other.general,complaint,,,2,other,False,0.0,1,1 star because sweden disrespect islam ....,True,other.general,unclear,1,completed,other
94828ee0-fdbd-4d54-a7dd-45e0f635f955,,,,,True,,,False,other.general,cancellation,,,2,other,True,0.0,0,Sucks balls going back to pandora,True,other.general,cancellation,2,completed,other
54d7b942-7b04-4aee-8302-11494c31f820,,,,,True,,,False,other.general,praise,,,1,other,True,0.2,0,nice !,True,other.general,praise,1,completed,other
26eb74a7-e132-47cf-ac91-0c8b9abb6818,,,,,True,,,False,catalog.recommendations,praise,,,1,catalog,True,0.0,0,The recommended songs are tasteful.,True,catalog.recommendations,praise,1,completed,catalog
2d82bb68-4326-43ac-ae93-23a0d96c60d4,,,,,True,,,False,other.general,praise,,,1,other,True,0.0,0,"So great. Subscribed now. Best thing. Listening own playlist while reading, gaming, dancing, dating. The best. Up to date podcasts, music, Sigrid, Devon Cole, etc. Couldnt ask for more. I'm in.",True,other.general,praise,1,completed,other
3e3b87bb-a97a-4bbd-b7d5-8170cf32c9b9,,,,,False,,,True,support.other,praise,,,1,support,True,0.1,0,Spotify is an amazing app with great customer service,False,other.general,praise,1,completed,other
e7c20428-e59d-400f-b9e9-f677712d2348,,,,,True,,,False,usability.ads,praise,,,1,usability,True,0.1,0,Perfect with no ads,True,usability.ads,praise,1,completed,usability
af07239a-fd7b-49d3-8381-09627d8b79d0,,,,,True,,,False,other.general,praise,,,1,other,True,0.0,0,Love it !!! Can't live without it,True,other.general,praise,1,completed,other
4d212741-1f54-4fb1-9932-1f307183c992,,,,,True,,,False,playback.resource_use,complaint,,,3,playback,True,0.2,0,It worked fine on my last phone. Now. It won't stop running in the background no matter what I do short of deleting the app and deleting my account.,True,playback.resource_use,complaint,3,completed,playback
e4d2817c-42b2-4128-ba43-dcfba03521d5,,,,,False,,,True,access.app_wont_open,complaint,,,3,access,True,0.3,0,When I open the app nothing works until I open the app a second time bro😭😭,False,playback.crashes_freezes,complaint,3,completed,playback
36b70b76-747c-4a6d-b028-b807d48547e3,,,,,True,,,False,usability.ads,complaint,,,2,usability,True,0.4,0,Great source for listening favorite songs and organizing them. Don't care for ads though.,True,usability.ads,complaint,2,completed,usability
d5fa8bc1-70dc-430f-a79e-10823c33ec62,,,,,True,,,False,access.signup_email,complaint,,,3,access,True,0.0,1,"It's was a really nice till I forgot my gmail I don't blame y'all for that but theirs this glitch where I try to make a new account and I'll make it than it'll load and say ""unable to load try again later"" and no matter how many times I try it just doesn't so I never made a new account but than the ",True,access.signup_email,complaint,4,completed,access
77854349-c424-4759-ae0a-b2235198d316,,,,,True,,,False,other.general,praise,,,1,other,True,0.1,0,yo this is cool I can listen to music while I'm playing,True,other.general,praise,1,completed,other
cad30d1a-701e-4cc9-bd82-8bd32dbcf446,,,,,False,,,True,billing.premium_only_controls,complaint,,,3,billing,True,0.1,0,"It was the best app until the new updates rose, can't hear what I like on repeat neither can I decide which part to hear from.",False,usability.controls_navigation,complaint,3,completed,usability
1cfefcfb-64ec-48b6-8610-093afbc21da0,,,,,True,,,False,playback.crashes_freezes,complaint,,,4,playback,True,0.2,0,Keeps crashing on Android.,True,playback.crashes_freezes,complaint,4,completed,playback
63bb7496-8881-4c7e-8958-3edf41a81eb6,,,,,True,,,False,access.login,complaint,,,4,access,True,0.1,1,Kenapa tidak bisa login lewat gmail,True,access.login,complaint,3,completed,access
03611598-75ca-49e8-8be8-ed8e2d07c58a,,,,,True,,,False,other.general,praise,,,1,other,True,0.1,0,Its been a graeat journey best maney i spend a month,True,other.general,praise,1,completed,other
6a337956-86b5-4f67-b3b1-5b735c1e64dd,,,,,False,,,True,billing.premium_only_controls,complaint,,,3,billing,True,0.1,0,New update....which bring no lyrics for not being a premium member,False,catalog.lyrics,complaint,3,completed,catalog
be17bdff-ec3e-4963-bc89-4c1354e8f5db,,,,,True,,,False,other.general,praise,,,1,other,True,0.0,0,F-ing AWESOME!! I'm,True,other.general,praise,1,completed,other
03192001-131f-4dde-9325-d41ed88df567,,,,,True,,,False,other.general,praise,,,1,other,True,0.1,0,i have been using it for music for as long as i can remember,True,other.general,praise,1,completed,other
afee589e-628c-4a0f-9a94-bed70302bf48,,,,,False,,,True,usability.layout_redesign,complaint,,,2,usability,True,0.0,0,New update just made the worst Spotify experience,False,other.general,complaint,2,completed,other
23c99c71-e194-4786-adae-874490b738e9,,,,,True,,,False,other.general,complaint,,,2,other,True,0.0,0,Disgusting app for music,True,other.general,complaint,2,completed,other
18ef4e19-a987-4dfc-b6ab-9163b726e0ba,,,,,True,,,False,billing.premium_only_controls,complaint,,,3,billing,True,0.2,0,"You idiots, charging for add to queue 😠 option. This is so mean of you.",True,billing.premium_only_controls,complaint,3,completed,billing
e89ab35c-23c7-424b-baf8-289d143e3541,,,,,True,,,False,other.general,unclear,,,1,other,True,0.0,0,Da mour dee kous,True,other.general,unclear,1,completed,other
d7937127-1f88-49a6-873a-4871607f93d1,,,,,True,,,False,billing.premium_only_controls,complaint,,,3,billing,True,0.0,0,U can't choose any song off your choice and specific part of specific song to play until u pay to your premium,True,billing.premium_only_controls,complaint,3,completed,billing
db4975a3-384c-4066-87b7-78c26416b76b,,,,,True,,,False,other.general,praise,,,1,other,True,0.1,0,I love Spotify helps me rest and sleep better,True,other.general,praise,1,completed,other
4466c021-e8ee-4d7d-ae23-10ab42ab2e73,,,,,True,,,False,other.general,complaint,,,2,other,True,0.0,0,Very Bad & unuseful,True,other.general,complaint,2,completed,other
657a048a-ca71-49dc-b076-65f7c7ea81e2,,,,,True,,,False,playback.crashes_freezes,complaint,,,4,playback,True,0.0,0,"Aplicativo lento, as vezes não consigo baixar a música para ouvir offline, tenho problemas no login, o aplicativo trava ou fecha sozinho. Tive esses problemas em diversos celulares diferentes.",True,playback.crashes_freezes,complaint,4,completed,playback
28d3c7d6-457b-4374-8891-196f931184c8,,,,,True,,,False,other.general,unclear,,,1,other,True,0.0,0,Mera channel ko subscribe karna Dragon Ball super,True,other.general,unclear,1,completed,other
6022a17e-f68a-4131-81d2-0790188a77de,,,,,True,,,False,other.general,praise,,,1,other,True,0.1,0,It has a lot of great features for music and podcasts,True,other.general,praise,1,completed,other
d7673f04-bb26-4f19-94e3-85262cdba88d,,,,,True,,,False,billing.premium_only_controls,complaint,,,3,billing,True,0.1,0,"I am using Spotify from last 3 years And the experience was great 👍 , thanks Spotify But the new update features disappointed me 🥺 I am not able to switch to another song of my choice,it shows you need to switch to Spotify premium It disappointed me 💔",True,billing.premium_only_controls,complaint,3,completed,billing
c318ae84-b12c-4109-872f-03cc3f6f33e4,,,,,True,,,True,other.general,request,,,1,other,False,0.3,0,Pay the artist,True,other.general,unclear,1,completed,other
85d5eb4c-9a64-44f2-b326-17bd8cd3d9bc,,,,,False,,,False,playback.other,complaint,,,3,playback,True,0.0,0,"Not work properly listen musice limit bugs etc ,it's worst app",True,playback.crashes_freezes,complaint,3,completed,playback
d24494a8-a208-4a91-9e43-f0af1053e11e,,,,,False,,,True,billing.premium_only_controls,complaint,,,4,billing,True,0.0,0,I can't even listen to music on a music app 😑😐😑😐 Make it make sense also let me play my playlist,False,playback.stops_skips,complaint,4,completed,playback
9f21a858-e6e6-4c62-9006-304ca37aacae,,,,,True,,,False,other.general,praise,,,1,other,True,0.1,0,I enjoy music from it 👍,True,other.general,praise,1,completed,other
a36ff2d6-29d3-47fa-b434-04152c429299,,,,,True,,,False,other.general,praise,,,1,other,True,0.1,0,Nice ability to make choices,True,other.general,praise,1,completed,other
6460818a-ce73-4de7-aea8-ad495956efe6,,,,,True,,,False,other.general,unclear,,,1,other,True,0.1,0,Tadi pan nu lan 😡😡😡😡,True,other.general,unclear,1,completed,other
9dc1eac8-abb3-4e42-8d30-8268aef2e635,,,,,True,,,False,playback.devices,complaint,,,3,playback,True,0.1,0,Keeps dropping off in the car,True,playback.devices,complaint,3,completed,playback
1d4036f7-5815-40d1-821a-39c83ef84dc3,,,,,True,,,False,usability.ads,complaint,,,2,usability,True,0.3,0,"It's a great app,I really enjoy using it but the ads can be a bit distributing",True,usability.ads,complaint,2,completed,usability
1cd37db4-aceb-4ffe-bf1a-fc5a61cd06c4,,,,,True,,,False,other.general,praise,,,1,other,True,0.1,0,It is a very good app he play very good song,True,other.general,praise,1,completed,other
c6002709-5092-4e43-a1e6-076ab33339d0,,,,,True,,,False,other.general,complaint,,,2,other,True,0.1,0,It was disappointed 😞☹️,True,other.general,complaint,2,completed,other
db1fea4c-c834-448e-b346-d90701af4f68,,,,,True,,,False,other.general,request,,,1,other,True,0.5,0,"I work with 4 music apps, each one has a few + and a few - items that come to mind. In a perfect world you'd think someone would bring the best options together to form a more perfect super music app.",True,other.general,request,1,completed,other
7a55af2d-0d69-4ed3-bc7d-249f4b7b2f7b,,,,,True,,,False,other.general,praise,,,1,other,True,0.1,0,Better than expected...A+,True,other.general,praise,1,completed,other
f09af56e-90b1-41d1-bbe3-c41ca7f9f5df,,,,,False,,,True,catalog.other,praise,,,1,catalog,True,0.0,0,Wonderful selection of music and podcasts. Easy to use.,False,other.general,praise,1,completed,other
70e995ae-eacf-49eb-a7ef-e5447fdf8673,,,,,True,,,False,playback.stops_skips,complaint,,,3,playback,True,0.1,0,"I used to love this app, now it just drives me insane. It's constantly starting when I don't want it too. It often stops playing too often And I'm constantly having to turn it back on.",True,playback.stops_skips,complaint,3,completed,playback
458a1ace-3812-40d7-a90e-b86eed104ea0,,,,,True,,,False,other.general,complaint,,,2,other,True,0.3,0,This app is fake 😞😞,True,other.general,complaint,2,completed,other
50900270-871a-4d0c-aad3-041ac773bdb5,,,,,True,,,False,playback.stops_skips,cancellation,,,3,playback,True,0.2,1,Love the content! But the app is full of bugs. It's extremely frustrating when you are driving and the app decides to stop playing. Or to hit play on a song and wait 30 seconds or so for it to actually start playing. Or the song plays but no audio...Makes you want to delete and cancel your subscript,True,playback.stops_skips,cancellation,4,completed,playback
8a1696e4-e686-483c-83fc-7e71d1a8a4fd,,,,,False,,,True,catalog.search_discovery,praise,,,1,catalog,True,0.15,0,Obsessed . I have discovered music in languages I don't understand. I would not use any other streaming service for music,False,other.general,praise,1,completed,other
0135420b-5c1d-47c4-9c36-fccaf296217e,,,,,False,,,True,catalog.recommendations,complaint,,,3,catalog,True,0.1,1,"I just wanted my own small playlist of 3-4 songs, and Spotify decided to infest it with songs unrelated to the vibe I was going for.",False,usability.library_queue,complaint,2,completed,usability
e92b4d70-1833-457b-aa3f-4ca2a62d4e00,,,,,True,,,True,other.general,unclear,,,2,other,False,0.0,1,The app is really from that country who have no respect for religions they even don't know that what is the respect of Islam please don't download this app if the app is already install in your phone please uninstall it .thanks,True,other.general,cancellation,1,completed,other
4c5da695-ecf8-4f49-9823-e3ac4938b549,,,,,True,,,False,other.general,unclear,,,1,other,True,0.1,0,venujaya👍👍👍👍👄👄💋💋,True,other.general,unclear,1,completed,other
68fa948b-f710-4ff7-aa1a-7ad743e06b59,,,,,True,,,False,other.general,complaint,,,2,other,True,0.2,0,This is no good app please all guys block this app this is not good,True,other.general,complaint,2,completed,other
89d93f62-8dad-46e0-8d6c-99fa7996dc25,,,,,False,,,True,access.app_wont_open,complaint,,,4,access,True,0.0,1,The app suddenly don't work update your app spotify 🤦‍♂️,False,playback.crashes_freezes,complaint,3,completed,playback
ea2e99dc-022c-4182-8c5f-52297d3ba2df,,,,,True,,,False,playback.crashes_freezes,cancellation,,,3,playback,True,0.0,0,"ngl the app lowkey sucks a lot of features straight up dont work, on desktop as well, it freezes nd acts up all the time?? like i love music i use spotify on the daily bc there's not really alternatives especially bc i want all the social features and everyone uses spotify but like if there was a be",True,playback.crashes_freezes,cancellation,3,completed,playback
06c29b5c-0f1d-4f5f-8771-17afc368340c,,,,,False,,,True,usability.library_queue,complaint,,,4,usability,True,0.2,0,All the experience is good but i was unable to open my liked songs and play list and i am not able to play songs so i request spotify to rectify this and make sure with everyone this problem is been for many days and still its going on,False,playback.stops_skips,complaint,4,completed,playback
ac99b1b5-574d-4839-9f61-5bd7f6e39450,,,,,True,,,False,other.general,complaint,,,2,other,True,0.25,0,this very pig 🐷🐷 app,True,other.general,complaint,2,completed,other
8a2c8e7b-f2c5-4fc4-b42d-8dc7f825df96,,,,,True,,,False,other.general,praise,,,1,other,True,0.05,0,Love the variety of music available!!,True,other.general,praise,1,completed,other
76663708-cada-4f1e-a0ab-40034680d9c2,,,,,True,,,False,catalog.lyrics,complaint,,,3,catalog,True,0.1,0,"Overall it's a good app for music, but there's a problem, I can't see the lyrics, they said ""couldn't load the lyrics"" hope this problem can be fixed soon",True,catalog.lyrics,complaint,3,completed,catalog
f9db8ffc-d27d-4e81-8915-bfddd0cde74c,,,,,False,,,True,usability.library_queue,complaint,,,3,usability,True,0.2,0,Can't play first liked song just ain't even right,False,playback.stops_skips,complaint,3,completed,playback
df19dc8e-8425-47cf-b3b4-23c0232ef9a8,,,,,True,,,False,other.general,praise,,,1,other,True,0.0,0,This is very owsom,True,other.general,praise,1,completed,other
16661d1d-05f5-4115-9b37-c44ed2657785,,,,,True,,,False,other.general,praise,,,1,other,True,0.0,0,This an excellent app to listen music. I really loved experience on this app,True,other.general,praise,1,completed,other
b3b20b80-f737-48aa-a7e3-42b31696a2d0,,,,,True,,,False,catalog.lyrics,complaint,,,3,catalog,True,0.0,0,Now a days I hate Spotify nc it doesn't show the lyrics of many songs . And it's just not like the old Spotify. We want the old Spotify back .,True,catalog.lyrics,complaint,3,completed,catalog
66707026-3ccd-4098-8529-88e61d894ac8,,,,,True,,,False,other.general,unclear,,,1,other,True,0.3,0,Have no money,True,other.general,unclear,1,completed,other
66f8c63f-bd11-4a49-96ec-3bc3b03b02d8,,,,,True,,,True,billing.premium_only_controls,complaint,,,3,billing,False,0.2,0,"Every basic feature is switched to premium For Eg Rewinding the song, playing songs in the order we want... Spotify should think on this and make the changes which are needed",True,billing.premium_only_controls,request,3,completed,billing
56b45f57-fe1b-45c6-8c2c-307aba84686e,,,,,True,,,False,playback.audio_quality,complaint,,,3,playback,True,0.3,1,Beautiful app ever it's is good app it had. billions of song super app and sound quality is super.but one problem it not contain high sound,True,playback.audio_quality,complaint,2,completed,playback
e7b4c0c9-600d-46db-9a46-d5d5063672ff,,,,,False,,,True,billing.premium_only_controls,cancellation,,,3,billing,True,0.05,1,If I could give 0 stars then I would. The latest update is the worst thing ever we are unable to listen specific part of the song so worst of you. You broke our trust we don't like Spotify we r now switching to other music platforms even they r better than Spotify. Earlier Spotify was the best app i,False,playback.stops_skips,cancellation,4,completed,playback
19889682-1dd6-4d68-bc8b-4e5f9d6e4ff3,,,,,True,,,False,billing.premium_only_controls,complaint,,,2,billing,True,0.0,1,Too many restrictions in new update... only money minded... jio saavn best,True,billing.premium_only_controls,complaint,3,completed,billing
e53af6d7-4232-4129-856e-90945de8974d,,,,,True,,,True,downloads.offline_mode,request,,,1,downloads,True,0.2,2,I need to download offline songs I can't buy premium so i need to download offline songs,True,downloads.offline_mode,request,3,completed,downloads
b705c64c-b02a-435a-bed5-2a60397923a1,,,,,True,,,True,billing.premium_only_controls,request,,,3,billing,False,0.1,0,I really love the feature(as a non-premium user) where I can pick the songs I want to listen to at the moment. I was no longer bothered about the shuffle because I could still listen to songs that I vibe with even if I'm not in the mood for them. Now that I can't pick a song that I wanna start my ac,True,billing.premium_only_controls,complaint,3,completed,billing
c12d0f74-7334-46ee-9840-cebaed91bfe4,,,,,True,,,False,other.general,complaint,,,2,other,True,0.0,0,The worst app i ever seen,True,other.general,complaint,2,completed,other
316958e7-543a-431d-9d24-4da89273266e,,,,,False,,,True,usability.controls_navigation,request,,,1,usability,True,0.1,0,"I would really love an alarm function in Spotify, being able to play some music as a specific wake up in the morning would be amazing I feel like this is just a completely untapped area",False,other.general,request,1,completed,other
f657c35f-6d59-4755-b1b9-40f1a4a6c4fa,,,,,True,,,False,usability.ads,complaint,,,2,usability,True,0.1,0,"Wordt app ever seen,too much ads",True,usability.ads,complaint,2,completed,usability
8fec4443-ab5a-4840-b85b-0a77df50e79b,,,,,True,,,False,catalog.missing_content,complaint,,,3,catalog,True,0.1,0,Some songs are not listed,True,catalog.missing_content,complaint,3,completed,catalog
d6c8e60c-b126-49c7-8f4c-ca1e2a6b1adc,,,,,True,,,False,usability.library_queue,complaint,,,3,usability,True,0.1,1,"cant even add an option to remove podcasts or songs on History, can't report something properly either pls fix your app",True,usability.library_queue,complaint,2,completed,usability
05514571-da0b-4a59-ab56-474429455cf7,,,,,False,,,True,billing.premium_only_controls,complaint,,,3,billing,True,0.1,0,I would have given it a 5 star rating but no because every time I choose a song to play it plays a recommended song,False,playback.stops_skips,complaint,3,completed,playback
449b14e8-5d18-48da-a96d-0674782dd3b5,,,,,True,,,False,other.general,praise,,,1,other,True,0.15,0,It's quite dope! And fun all the time thanks.,True,other.general,praise,1,completed,other
049c7426-f4c0-4f43-b5cf-c555cb84bd88,,,,,True,,,False,other.general,praise,,,1,other,True,0.2,0,Good memories,True,other.general,praise,1,completed,other
0e4f10b7-15ed-463b-9805-e10b74fb4809,,,,,True,,,False,other.general,unclear,,,1,other,True,0.0,0,Ehehe,True,other.general,unclear,1,completed,other
823f91e2-3340-42af-9b90-7053434f3a2e,,,,,False,,,False,usability.layout_redesign,complaint,,,2,usability,True,0.0,0,Stop changing your personal playlist format its annoying.,True,usability.library_queue,complaint,2,completed,usability
cdf13344-4587-4de6-88d7-1173541bd02d,,,,,True,,,False,other.general,praise,,,1,other,True,0.0,0,Very profesional.,True,other.general,praise,1,completed,other
16ba3bc9-407f-468a-9920-7cf1e6da44b6,,,,,True,,,False,playback.crashes_freezes,complaint,,,2,playback,True,0.2,0,Not working properly and glitches,True,playback.crashes_freezes,complaint,2,completed,playback
0f37e536-d2fe-4cb2-8d27-fd595c218b7b,,,,,True,,,False,billing.premium_only_controls,complaint,,,2,billing,True,0.0,1,Good. But if you don't have premium really really annoying,True,billing.premium_only_controls,complaint,3,completed,billing
b4d9eed8-e24e-4d2d-8b8b-f99bf218c9a0,,,,,True,,,False,billing.premium_only_controls,cancellation,,,3,billing,True,0.1,1,"This app because disgusting .. hate with my whole heart to the new update.. u can't skip songs ,can't select, can't control without premium.... I am an old user but now I'm deleting Spotify because of this",True,billing.premium_only_controls,cancellation,4,completed,billing
d0744524-52e1-42dc-8310-7df8b00e8c62,,,,,False,,,True,catalog.lyrics,complaint,,,3,catalog,True,0.1,0,Not working good company only focusing on how to get money they are not providing good services and suddenly they stopped showing lyrics . Forcing people to go on premium but it will sadly not work. Too much ads frustrating,False,usability.ads,complaint,3,completed,usability
87fc85dd-58c3-426c-b813-4e61c73feebc,,,,,True,,,True,other.general,unclear,,,1,other,False,0.7,0,Asom aap,True,other.general,praise,1,completed,other
87ebc9cb-ab33-476d-ad5b-01c3702ba4b6,,,,,False,,,True,other.general,complaint,,,2,other,True,0.1,0,SAME LAST UPDATE ISSUE,False,playback.crashes_freezes,complaint,2,completed,playback
a16b0319-c92a-422b-b015-d407f49c6398,,,,,True,,,False,other.general,praise,,,1,other,True,0.1,0,Love this app. Priced reasonably and so much music!,True,other.general,praise,1,completed,other
1dd8f098-0cd8-4c56-9f1a-329a44bfd26f,,,,,True,,,False,other.general,praise,,,1,other,True,0.0,0,Excellent player..,True,other.general,praise,1,completed,other
cfcdbbc5-f1c2-4b96-a080-ffb5521c769f,,,,,True,,,False,other.general,praise,,,1,other,True,0.0,0,Super 👌😍,True,other.general,praise,1,completed,other
de9e0ea4-eb9d-47b1-9f7a-96a92a2ee60b,,,,,True,,,False,access.login,complaint,,,4,access,True,0.0,0,I can't login with my number I've lost my playlistssss So plzz help this and fix 😔,True,access.login,complaint,4,completed,access
7357e16a-f47c-46b9-bd03-72c5e5d57530,,,,,True,,,False,usability.ads,complaint,,,2,usability,True,0.1,0,To much ads,True,usability.ads,complaint,2,completed,usability
3837da54-fd36-4a4d-9f4e-4462c1568514,,,,,True,,,False,other.general,praise,,,1,other,True,0.1,0,Is just good,True,other.general,praise,1,completed,other
aa0986bf-84d0-43a7-acc3-2eb1a36c3e6d,,,,,False,,,True,usability.layout_redesign,complaint,,,2,usability,True,0.1,0,Latest update was to wrost after the updated version of Spotify is the most hated music player app,False,playback.crashes_freezes,complaint,2,completed,playback
243f3d8b-9887-4c92-89fd-ba06553b0d09,,,,,True,,,False,other.general,praise,,,1,other,True,0.1,0,One of the best music apps for this century,True,other.general,praise,1,completed,other
c0058510-f0a9-49f2-aea2-355d53cec8c2,,,,,False,,,True,usability.library_queue,praise,,,1,usability,True,0.0,0,I love my Spotify it lets me choose my own playlist of music that I love. Other streaming platforms make you listen to their playlist.,False,other.general,praise,1,completed,other
a29f01a8-a94a-49bc-8dba-ac59e6dbeaea,,,,,True,,,False,other.general,praise,,,1,other,True,0.0,0,Nice aappp,True,other.general,praise,1,completed,other
a999a284-c934-4ce5-bb42-f969c41f6899,,,,,True,,,False,other.general,praise,,,1,other,True,0.3,0,Gratitude Grateful Respected,True,other.general,praise,1,completed,other
471e5c26-a2fd-43a9-be5a-b3c98e7f9ff9,,,,,False,,,False,billing.other,complaint,,,2,billing,True,0.0,0,So bad premium,True,billing.price,complaint,2,completed,billing
a354f0ca-30a8-4211-987f-e5eb10b98f81,,,,,True,,,False,other.general,praise,,,1,other,True,0.0,0,It is a very nice app and a little better then aple Musick,True,other.general,praise,1,completed,other
22e254ce-d8a5-48f7-b6cf-6c38fee10d37,,,,,True,,,True,other.general,unclear,,,1,other,False,0.7,0,No Ads.,True,other.general,praise,1,completed,other
b2d572a2-4b45-4027-a317-c598877d235c,,,,,False,,,True,usability.library_queue,praise,,,1,usability,True,0.2,0,The Collection is superb,False,catalog.other,praise,1,completed,catalog
62e708f7-5b4e-426f-823a-b17d849109ee,,,,,True,,,False,billing.premium_only_controls,complaint,,,3,billing,True,0.0,0,The new update just deprive non-premium users from basic functionalities of the app really disappointed,True,billing.premium_only_controls,complaint,3,completed,billing
951673aa-fd32-4ec9-a833-899d71edcc67,,,,,True,,,False,other.general,unclear,,,1,other,True,0.5,0,Níže app,True,other.general,unclear,1,completed,other
14491ed5-b07c-4b60-80cc-1a00635c1a69,,,,,False,,,False,catalog.recommendations,praise,,,1,catalog,True,0.2,0,It's the best music app and use the discover in search to listen to new music you might like,True,catalog.search_discovery,praise,1,completed,catalog
57c03648-304d-4ffb-b002-163f717cb36a,,,,,False,,,True,usability.other,request,,,1,usability,True,0.0,0,Improve Langauges,False,other.general,request,1,completed,other
d43cb02f-b77b-45e5-a61d-cd7763299469,,,,,True,,,False,other.general,praise,,,1,other,True,0.1,0,To be honest Spotify is quite handy these days Thanks.,True,other.general,praise,1,completed,other
b305a193-076b-431a-add6-acb506ab34b8,,,,,False,,,False,access.signup_email,complaint,,,4,access,True,0.1,0,why cant i log in my spotify via phone number?? it keep saying try a different no.,True,access.login,complaint,4,completed,access
90ec4352-6277-4834-907b-9bcffdfa7f5f,,,,,True,,,False,playback.audio_quality,praise,,,1,playback,True,0.0,0,Five stars because I got to listen to ram ranch with crystal clear quality and bass,True,playback.audio_quality,praise,1,completed,playback
16e8c113-bfbe-4083-9181-61705f322de9,,,,,True,,,False,other.general,praise,,,1,other,True,0.1,0,Best music app ever :),True,other.general,praise,1,completed,other
b22b1c5d-7bb2-4a9d-9456-acd590ff4488,,,,,True,,,False,billing.premium_only_controls,cancellation,,,3,billing,True,0.1,0,Restricted everything. Wont pay 100 rs when there r other better music apps available like youtube music and savn,True,billing.premium_only_controls,cancellation,3,completed,billing
f5009acc-d3cf-49b7-9b61-671557738dfd,,,,,False,,,True,billing.premium_only_controls,complaint,,,3,billing,True,0.1,0,I don't like one of the updates it's where you go to your playlist and can't physically press and listen to the song in a playlist for a phew seconds I hated how we can't do that anymore. Bro why like that's one major thing I liked 💀💢 I just liked how it was originally.,False,usability.library_queue,complaint,3,completed,usability
501a5e4c-3aa5-45de-a932-ad370157ee10,,,,,True,,,False,other.general,complaint,,,2,other,True,0.0,0,I just wonder why the other versions of Spotify are so superior,True,other.general,complaint,2,completed,other
70ae09cd-ef90-4cff-bc8b-c1d75e2dc00e,,,,,True,,,False,playback.devices,praise,,,1,playback,True,0.2,0,I really like the car mode!!!,True,playback.devices,praise,1,completed,playback
84a12959-2e0e-4c16-a271-6c55c379901f,,,,,True,,,False,other.general,unclear,,,1,other,True,0.2,0,Boycotts is Spotify,True,other.general,unclear,1,completed,other
7e0bea82-a0ed-4d3b-9c8b-f17db9ffea05,,,,,True,,,False,catalog.missing_content,request,,,1,catalog,True,0.1,1,"It would be better if the Islamic contents are developed more... Zain Bhikha, Sami Yusuf, Maher Zain etc, if their vocal songs would have been 5 stars and much less...",True,catalog.missing_content,request,2,completed,catalog
bd80e989-485b-4ac9-8455-710ce378a0c6,,,,,True,,,False,other.general,complaint,,,2,other,True,0.2,0,The worst app ever .,True,other.general,complaint,2,completed,other
89e9ea70-f8ce-4ce0-a7bc-80a8d548c583,,,,,True,,,False,catalog.recommendations,praise,,,1,catalog,True,0.1,0,Recommendations by Spotify are spot on. Spotify allows me to listen and choose music without interruptions!,True,catalog.recommendations,praise,1,completed,catalog
f1682def-7c17-40fb-8738-a77b48e56b3a,,,,,True,,,False,other.general,unclear,,,1,other,True,0.2,0,Enemy of Quran is our enemy 😌😡🤬👺,True,other.general,unclear,1,completed,other
374c6fcf-0735-4843-8a0c-ded28557e32a,,,,,True,,,False,other.general,praise,,,1,other,True,0.2,0,I'm very excited and interested,True,other.general,praise,1,completed,other
eaf43cd5-0464-4eac-8f7e-d7372efb0ea4,,,,,True,,,False,other.general,praise,,,1,other,True,0.3,0,Super version,True,other.general,praise,1,completed,other
e9bb81ea-230a-4a61-bd93-2f6dda635652,,,,,True,,,False,playback.stops_skips,complaint,,,3,playback,True,0.2,1,Spotify sekarang jelek bat kalo lagi nyetel musik trus keluar aplikasi atau cuma sekedar matiip hp eh lagunya langsung mati apaan sih tolong perbaiki dong pls masa nyetel musik harus sambil nyala mulu hp nya,True,playback.stops_skips,complaint,4,completed,playback
661f7002-bb62-4c9a-a58d-bf1cbe485663,,,,,True,,,False,other.general,praise,,,1,other,True,0.3,0,Good for the old songs,True,other.general,praise,1,completed,other
c83d8efb-285a-4d71-a4fc-d5a4515a5fac,,,,,True,,,False,other.general,unclear,,,1,other,True,0.0,0,Pay artist > get stars,True,other.general,unclear,1,completed,other
0f07137a-bc5a-4fab-b6ed-8df2841567b5,,,,,False,,,True,billing.premium_only_controls,complaint,,,3,billing,True,0.0,0,"good app, lots of songs and stuff but the ads are crazy. there are like 4 ads nearly everytime you want to listen to a song and you can't even order your playlist as Spotify shuffles it for you. maybe an issue with me but yeah",False,usability.ads,complaint,3,completed,usability
cf3b6d42-7757-41e0-a258-111a3c9a4ff1,,,,,True,,,False,other.general,unclear,,,1,other,True,0.5,0,;aaaad,True,other.general,unclear,1,completed,other
24663f68-20d2-4ab0-9966-723d30ea6b90,,,,,True,,,False,other.general,praise,,,1,other,True,0.1,0,Good listen music,True,other.general,praise,1,completed,other
48d4f584-750c-43ca-8e0b-3b3a44937d23,,,,,True,,,False,usability.ads,complaint,,,2,usability,True,0.2,0,Good but the ads kill me,True,usability.ads,complaint,2,completed,usability
cc2e65bd-7af9-4732-96ce-d27c2c702487,,,,,True,,,False,other.general,praise,,,1,other,True,0.1,0,This app is very nise,True,other.general,praise,1,completed,other
b55932a2-7ee6-4bc2-8e02-a3a8630cc08b,,,,,True,,,False,other.general,praise,,,1,other,True,0.0,0,Loved it 💘,True,other.general,praise,1,completed,other
5bbe24cf-f69e-4c20-bdb5-9ed253910ccf,,,,,True,,,False,billing.premium_only_controls,complaint,,,3,billing,True,0.1,1,Forces to subscribe to play our interested songs..very bad,True,billing.premium_only_controls,complaint,4,completed,billing
d2b9ce7b-7605-4272-b024-f0cb10f48afd,,,,,False,,,True,usability.layout_redesign,complaint,,,2,usability,True,0.1,0,"Worst update , so u really think u can earn more in revenue buy this kind selfish update ?",False,other.general,complaint,2,completed,other
40cd05a6-bfb7-40be-908f-1b1236699815,,,,,True,,,False,usability.ads,complaint,,,3,usability,True,0.0,0,"This app use to be so good but now it glitches out and shows me songs that aren't even on my Playlist and I get adds that are for whatever reason louder than others hurt my ears when I'm wearing headphones, one in particular is Disney add-",True,usability.ads,complaint,3,completed,usability
49d7effa-4986-4484-9678-39c60eeb897d,,,,,False,,,False,playback.stops_skips,complaint,,,3,playback,True,0.1,0,I play music but it incorrect for example I played maiac but itplayed the cyberpunk theme If it's this complacated I would like some sort of tutorial,True,playback.crashes_freezes,complaint,3,completed,playback
e72217a4-aab7-4d62-9a69-eaaad1068608,,,,,True,,,False,other.general,unclear,,,1,other,True,0.2,0,🕋🕋🕋🕋🕋🕋 Quran hai aur hamesha rahega,True,other.general,unclear,1,completed,other
ee48ab07-71b0-4090-95c7-9e2233748e84,,,,,True,,,True,other.general,complaint,,,2,other,False,0.5,1,"I hate this app and swedan, i love islaam",True,other.general,unclear,1,completed,other
535957ca-ec5e-48bc-8db7-5a8404340922,,,,,False,,,True,catalog.search_discovery,praise,,,1,catalog,True,0.0,0,Terrific music library. I do pay for the subscription to avoid the ads. But the system in finding new music is easy,False,other.general,praise,1,completed,other
c84b8124-c97f-4496-bdcf-409859ac8268,,,,,True,,,False,billing.premium_only_controls,complaint,,,3,billing,True,0.0,1,Absolutely horrible. There are better music apps. If you don't get a membership using the app is useless,True,billing.premium_only_controls,complaint,4,completed,billing
0a525e26-7db5-4cf5-8b5f-e9e2e22a6a91,,,,,True,,,True,other.general,unclear,,,1,other,False,0.8,0,45 𝒹𝑒𝓁𝑒𝓉𝑒,True,other.general,cancellation,1,completed,other
83e79862-39f4-4749-990b-1a04566a3706,,,,,False,,,True,usability.library_queue,complaint,,,3,usability,True,0.2,1,Plays random songs not on my playlist no way to fix,False,playback.stops_skips,complaint,4,completed,playback
c6c8a1e5-2ab4-4326-9513-ee282fb51fb3,,,,,True,,,True,catalog.missing_content,praise,,,1,catalog,False,1.3,2,It plays all artist and doesn't take them down. Even Kanye.,True,catalog.missing_content,complaint,3,completed,catalog
d8b6a6e5-2093-4a71-a6f3-724ce92a65fd,,,,,True,,,False,other.general,praise,,,1,other,True,0.1,0,This app is very very super,True,other.general,praise,1,completed,other
22a0778c-f13b-4c66-86dc-d02d4f4edfe1,,,,,True,,,False,other.general,praise,,,1,other,True,0.1,0,It's really the best app to play your original songs,True,other.general,praise,1,completed,other
b7f8d3ad-2c03-4f1b-8a11-7e6b8539b93d,,,,,False,,,True,usability.controls_navigation,complaint,,,2,usability,False,0.0,1,There's nothing I like what I like I can't get to it.,False,other.general,unclear,1,completed,other
22baa995-3108-4680-a17d-3fe945a4268f,,,,,True,,,False,other.general,complaint,,,2,other,True,0.0,0,Spotify is the worst music app ever known to humankind,True,other.general,complaint,2,completed,other
9974132b-be67-428b-9a9a-a55ce96e318e,,,,,True,,,False,usability.ads,complaint,,,3,usability,True,0.0,0,"Used to love Spotify but man they have made the free version borderline unusable with ads, it used to feel fairly balanced and reasonably but now I'm listening to ads as much as I'm listening to music.",True,usability.ads,complaint,3,completed,usability
55044e07-ad8a-496b-b193-db0b8c6df0d0,,,,,True,,,True,other.general,complaint,,,2,other,False,1.0,1,Nothing else comes close. Just wish they paid artists better.,True,other.general,praise,1,completed,other
af65f54c-866c-4d55-b457-c3500621e8bd,,,,,True,,,False,billing.premium_only_controls,complaint,,,2,billing,True,0.0,1,The updated version is the worst if you don't have a premium acc :(,True,billing.premium_only_controls,complaint,3,completed,billing
dcc7671e-0678-4ce8-8767-6bdcd8008f3d,,,,,False,,,True,billing.other,request,,,1,billing,True,0.0,0,Best Music app in the world But add more perks for premium,False,other.general,request,1,completed,other
9565e4da-e328-4336-b049-75845d631315,,,,,True,,,True,usability.layout_redesign,cancellation,,,4,usability,False,0.1,0,"This is my go to app for music, however the new update makes it absolutely impossible to use on mobile. I much prefer how it was before.",True,usability.layout_redesign,complaint,4,completed,usability
b68040e0-f1ab-4491-b30a-d6f91acbbf9e,,,,,False,,,True,usability.ads,complaint,,,2,usability,False,0.1,1,Good but simply adds,False,other.general,unclear,1,completed,other
9058bf38-4c5c-44fe-a846-36430b82daa1,,,,,True,,,False,other.general,praise,,,1,other,True,0.1,0,I love to listen music 🥰,True,other.general,praise,1,completed,other
c8856b30-160f-4b34-a1cb-e06682f00674,,,,,True,,,False,other.general,praise,,,1,other,True,0.0,0,Best app for audio tracks,True,other.general,praise,1,completed,other
93ce7676-5f1e-4099-8b2d-56b8c9f08f46,,,,,False,,,True,other.general,complaint,,,5,other,True,0.05,0,Took my Private Data and sold to Unethical companies,False,access.account_compromised,complaint,5,completed,access
910992c2-800f-4c7b-931d-7bd23a4040c2,,,,,True,,,False,access.login,complaint,,,4,access,True,0.2,1,"This app is wonderful, but sometimes i am unable to login with mobile number. It just show an pop up that you should try an different number. Please help me and solve this problem early. Thanks",True,access.login,complaint,3,completed,access
96dc932c-0602-4b3a-9ca3-45ed98cd3287,,,,,True,,,False,other.general,praise,,,1,other,True,0.0,0,Veri best apps,True,other.general,praise,1,completed,other
20c97bc6-82a6-400a-bbec-33ccb8b89e00,,,,,False,,,True,access.app_wont_open,complaint,,,4,access,True,0.0,0,I have spotify in my play station 4.. which doesn't work unfortunately.. it says they cannot locate the app.. it's been like that for a few months atleast. Is this an issue for spotify or play station services ? Plz clarify. Thanks for reading the review. The app is good but I'm facing this issues..,False,playback.devices,complaint,4,completed,playback
7f209ef4-91e8-430f-95ee-4708f09160a4,,,,,True,,,False,other.general,praise,,,1,other,True,0.0,0,This is great so far!,True,other.general,praise,1,completed,other
03015f9d-5d76-44d9-8218-1cb806dfaf0c,,,,,True,,,False,other.general,praise,,,1,other,True,0.1,0,It help me in my games bescuse it always plays song in baground,True,other.general,praise,1,completed,other
ddbb2eeb-01d9-4f49-b206-0934ae14d001,,,,,False,,,False,catalog.recommendations,praise,,,1,catalog,True,0.05,0,"I'm impressed with the increasingly detailed UI and all of the info now available. I am so glad they now have a ""smart shuffle"" feature where they throw in new music amongst your songs, which I love bc it is a great way for me to find new music, since I did tend to have a habit of just listening to ",True,catalog.search_discovery,praise,1,completed,catalog
6c862a56-8209-4aeb-abf8-60c3522c978b,,,,,True,,,False,other.general,praise,,,1,other,True,0.0,0,😘I love it man😘😘😘😘😘😘😘😘😘😘😘😘😘😘😘😘😘😘,True,other.general,praise,1,completed,other
33bc34c1-2aee-472d-942c-3371ea465f12,,,,,True,,,False,other.general,cancellation,,,2,other,True,0.4,1,Haven't been using it yet. YouTube Music is the Way to go.,True,other.general,cancellation,1,completed,other
8ff3ecac-b75c-4ee2-a006-3b450002c09c,,,,,False,,,True,access.login,complaint,,,4,access,True,0.1,0,I just downloaded this app and want to log in and it is telling me I'm offline that no internet connection and my data is on.,False,playback.connection,complaint,4,completed,playback
536d2609-1869-4f9d-a0df-db682814d961,,,,,True,,,False,other.general,unclear,,,1,other,True,0.0,0,Chd,True,other.general,unclear,1,completed,other
3e9ab676-6786-4ff5-bb31-8f0ffcd47b50,,,,,False,,,True,playback.resource_use,complaint,,,3,playback,True,0.0,0,So am on a paid premium plan so I had set up my profile so the songs are stored on my SD card but I realized that sportify is still saving song on my internal memory this is annoying cause now I can't even see the option to save music on my SD CARD talk about killing my vibe,False,downloads.offline_mode,complaint,3,completed,downloads
c4facc98-5d77-4e9a-ab22-f8d88295e8d9,,,,,True,,,False,other.general,complaint,,,2,other,True,0.1,0,Very Poor Experience,True,other.general,complaint,2,completed,other
5e83ce87-4ee9-4671-9ec6-6e0b187964bd,,,,,True,,,False,usability.ads,complaint,,,3,usability,True,0.0,1,Too much adds and no downloads,True,usability.ads,complaint,2,completed,usability
7694d67c-880e-412f-b9bb-30e08de9acfa,,,,,True,,,True,downloads.offline_mode,complaint,,,3,downloads,False,0.3,2,love this game but we cant download it and if we dont have data connection or Wi-Fi we cant listening to it but best app!,True,downloads.offline_mode,praise,1,completed,downloads
33ff3125-07f7-416c-af42-431cb31eabeb,,,,,True,,,False,billing.premium_only_controls,complaint,,,3,billing,True,0.0,1,Useless app.... What kinda update is this?? We can't even skip the song can't listen particular part of the song... For every single thing we need to pay now... R u serious??,True,billing.premium_only_controls,complaint,4,completed,billing
b77fb256-5581-49f4-985e-a4b97f0207f8,,,,,True,,,False,other.general,praise,,,1,other,True,0.1,0,Pretty good stuff,True,other.general,praise,1,completed,other
696fb393-a0a0-4a32-a48f-ec1a99c2d65a,,,,,True,,,False,playback.crashes_freezes,complaint,,,3,playback,True,0.2,1,"Spotify is amazing, however it keeps closing/crashing while I use other apps on my phone which is getting really annoying. It'll crash every five minutes and it never gave me this trouble before. I have the app updated, cache cleared often.",True,playback.crashes_freezes,complaint,4,completed,playback
f06ff0bf-30d2-490e-bb2d-42adf93dc9c0,,,,,True,,,False,other.general,praise,,,1,other,True,0.1,0,♥️♥️♥️,True,other.general,praise,1,completed,other
5d480f92-232e-413b-a111-395905985ffa,,,,,True,,,False,billing.premium_only_controls,complaint,,,3,billing,True,0.0,0,Worst update.Please note that not everyone can afford premium.Please bring back old Spotify free features.,True,billing.premium_only_controls,complaint,3,completed,billing
3e9eff56-e00a-4bf4-bfee-455ac871cc98,,,,,True,,,False,other.general,praise,,,1,other,True,0.0,0,Love getting to pick my own music to listen to.,True,other.general,praise,1,completed,other
10f3de92-2a04-4aca-9595-7219a660631e,,,,,True,,,False,access.login,complaint,,,4,access,True,0.1,0,"i can't login to my account anymore.there is always this error""something went wrong"".but on website everything is fine",True,access.login,complaint,4,completed,access
a1b7d31f-f6e1-4237-9569-88c2499d3be8,,,,,True,,,False,other.general,complaint,,,2,other,True,0.0,0,Worst app I have ever installed,True,other.general,complaint,2,completed,other
7b53c748-7bed-4861-9bfc-935d85f7a0d0,,,,,True,,,False,playback.crashes_freezes,complaint,,,3,playback,True,0.1,1,Sometimes crashes :(,True,playback.crashes_freezes,complaint,2,completed,playback
19d03b65-2523-49e6-b208-8e32e9c9f246,,,,,False,,,False,billing.other,complaint,,,2,billing,True,0.1,1,Spotify is bast app for listening to music unless you have premium if you can't purchase premium don't install this app,True,billing.premium_only_controls,complaint,3,completed,billing
a9e85a67-4fd0-4a3c-a66a-f9b4144b7a82,,,,,True,,,False,other.general,praise,,,1,other,True,0.1,0,I love this app because it has a ton of songs and they have no adds,True,other.general,praise,1,completed,other
cd5170b2-bd0b-4ba4-8c21-6cb0df114db1,,,,,True,,,False,other.general,complaint,,,2,other,True,0.1,0,Bad song app 😈,True,other.general,complaint,2,completed,other
0cc9f44e-b50d-4e42-8786-11262a7293e6,,,,,True,,,False,other.general,praise,,,1,other,True,0.0,0,A great app to listen to music/podcast that you like.,True,other.general,praise,1,completed,other
c0b5025f-dd00-4876-b0db-80f946d82004,,,,,True,,,False,other.general,complaint,,,2,other,True,0.3,0,The app doesn't even has any basic functionality lol,True,other.general,complaint,2,completed,other
40cb6c9d-8af1-40c7-a9f4-644feff752d5,,,,,True,,,False,usability.controls_navigation,complaint,,,3,usability,True,0.2,0,"I mean, it's a great app to listen songs with but there are some issues going on. When I play songs, I couldn't rewind a certain part of it though I was able to a few days ago? Why is it that the shuffle buttons are gone like, the buttons where if you tap it, it'll replay the same song? This app is ",True,usability.controls_navigation,complaint,3,completed,usability
fe064be3-9eff-4572-92b9-5ac5d511b04f,,,,,True,,,False,playback.crashes_freezes,complaint,,,3,playback,True,0.05,0,Worst app ever in the world 🤮 It have too much bugs and started lagging fix this problem Spotify 🤕,True,playback.crashes_freezes,complaint,3,completed,playback
3f30def2-5e50-441e-85ed-5b3fe995dd9b,,,,,True,,,False,other.general,praise,,,1,other,True,0.05,0,❤❤❤❤❤❤❤❤❤❤❤❤❤❤❤,True,other.general,praise,1,completed,other
b836e1ab-8e78-4b09-8617-44389b31d41b,,,,,True,,,False,playback.audio_quality,complaint,,,3,playback,True,0.2,1,"Some song is low quality, like Tamil song unnai partha pinbu naan, same source audio also available other streaming app also, they used same source to play song, play list only different",True,playback.audio_quality,complaint,2,completed,playback
d6bf39fb-735d-4ced-b383-4c2187a6d0cb,,,,,True,,,False,catalog.recommendations,praise,,,1,catalog,True,0.0,0,"Amazing, they have playlist specially made for you and recommendations from what you recently listened to.",True,catalog.recommendations,praise,1,completed,catalog
65cfbe45-f9ee-4dc5-a13e-9333c4985b31,,,,,False,,,True,billing.premium_only_controls,complaint,,,3,billing,True,0.2,0,Spotify was good before it's recent update I don't know why but I wanna say it that recent update is not good. In my Spotify app songs are not reversing not they are not moving I can't skip any part in the song and doesn't even start it from between and one more problem is that in so many song and e,False,catalog.lyrics,complaint,3,completed,catalog
425a5b17-1314-481a-ae0c-53888a916953,,,,,True,,,False,billing.premium_only_controls,cancellation,,,3,billing,True,0.05,1,"Shuffle is always on now. You can not change it without getting premium, and also you can only play a limited number of songs of your choice. You are just forcing people to buy premium. Close down the app if you are not able to provide the service to customers without charging and forcing them to ge",True,billing.premium_only_controls,cancellation,4,completed,billing
7040d770-6f3f-42c5-a047-ef2ba4d009ad,,,,,True,,,False,playback.stops_skips,complaint,,,3,playback,True,0.0,1,"With the last two updates, my experience has been very off-putting. Songs pause, with no command, and it takes too long to change songs (both downloaded and while streaming). Spotify was once a very beautiful experience but these issues affect the core of what the app is for (streaming music).",True,playback.stops_skips,complaint,4,completed,playback
11d95ba6-1b33-46b9-8f02-2737cb74ceca,,,,,False,,,True,usability.layout_redesign,complaint,,,2,usability,True,0.0,0,New update is the worse,False,other.general,complaint,2,completed,other
0f2e45b7-a79e-4cc5-91e4-bfa848e543c7,,,,,True,,,True,billing.premium_only_controls,request,,,3,billing,False,0.1,0,Great app great access to music but I wish you could listen to songs without wifi without getting premium.,True,billing.premium_only_controls,complaint,3,completed,billing
b6b17202-aea2-4604-baa7-f521c60b29d3,,,,,False,,,True,usability.layout_redesign,complaint,,,2,usability,True,0.1,1,Very dark and horrible display and my even i phone 14 pro mex is getting leg 🤬,False,playback.crashes_freezes,complaint,3,completed,playback
ad44e45a-8252-4305-9118-e45c05632cff,,,,,True,,,False,billing.premium_only_controls,complaint,,,3,billing,True,0.1,0,I love spotify but every thing is slowly evolving to all the features of the app having to be payed for use,True,billing.premium_only_controls,complaint,3,completed,billing
fc881525-bdf9-42a8-bc10-715f4f59abf9,,,,,True,,,False,usability.ads,complaint,,,3,usability,True,0.1,1,Feels like listening to songs in the middle of ads.. Instead of ads in the middle of songs,True,usability.ads,complaint,2,completed,usability
1d8b1f29-eea0-4e60-a843-c4568530d286,,,,,False,,,True,billing.subscription_management,praise,,,1,billing,True,0.05,0,Family plan.....everyone loves it,False,other.general,praise,1,completed,other
b5649b41-f4c4-4c69-b664-05c2726b0478,,,,,True,,,False,billing.price,complaint,,,2,billing,True,0.6,0,perfect app but a lil too expensive,True,billing.price,complaint,2,completed,billing
b3490efd-3c98-4df4-8b9e-b4fe242cc918,,,,,True,,,False,other.general,request,,,1,other,True,0.1,0,Nice! But if there's room for more upgrade it would be still a plus,True,other.general,request,1,completed,other
e1b75f07-75eb-4bac-989c-8475196f7dfe,,,,,True,,,False,other.general,complaint,,,2,other,True,0.1,0,Worst app and even worst creators,True,other.general,complaint,2,completed,other
aeedcece-3073-4a8f-a099-dad9cb0517f6,,,,,True,,,False,playback.stops_skips,cancellation,,,3,playback,True,0.05,1,Spotify contains so much adds Also from 2 months Spotify is showing glitch the song gets stop automatically if this continues I'll download resso so pls correct your glitch,True,playback.stops_skips,cancellation,4,completed,playback
b3c3e3a1-331c-4684-a99a-606128f116ab,,,,,True,,,False,usability.controls_navigation,complaint,,,3,usability,True,0.1,0,After this recent update i can't rewind or forward also there's no option to play in loop or sequence.It should bhi fixed,True,usability.controls_navigation,complaint,3,completed,usability
7e7fa886-e684-4b26-8c66-86a5c8a66431,,,,,True,,,False,catalog.recommendations,praise,,,1,catalog,True,0.1,0,"The Best music app ever which I have used,this app suggest best playlist according to our mood.",True,catalog.recommendations,praise,1,completed,catalog
6c471017-e64a-4550-a75d-aaa0b93278bd,,,,,True,,,False,playback.stops_skips,complaint,,,4,playback,True,0.2,0,Not working since the last update. Either plays one song and stops or can't play at all,True,playback.stops_skips,complaint,4,completed,playback
ffe0fda1-9a0a-4a1a-846f-609b20ed513b,,,,,True,,,False,other.general,praise,,,1,other,True,0.3,0,I really appreciate this application,True,other.general,praise,1,completed,other
4f2165d3-23e2-4890-af99-6ec06f77bcf0,,,,,True,,,False,catalog.search_discovery,complaint,,,3,catalog,True,0.1,1,Very bad app they not gives you write search very very very very bad app in the world,True,catalog.search_discovery,complaint,2,completed,catalog
c9026986-22cf-4398-b0e6-53517fe751d2,,,,,True,,,False,other.general,praise,,,1,other,True,0.1,0,"As a lover of a wide spectrum of music, Spotify has provided me with the opportunity to relive my youth, enjoy now, and look forward to the music that is to come.",True,other.general,praise,1,completed,other
34533564-7acf-491f-870e-c971e4ae62dc,,,,,True,,,False,other.general,praise,,,1,other,True,0.1,0,Good app resoo se too badiya hii h,True,other.general,praise,1,completed,other
6a11faa2-7b10-445c-be96-df072bffbc2a,,,,,True,,,False,billing.premium_only_controls,complaint,,,3,billing,True,0.1,0,I loved this app for music before te update I am disapointed that everything is in premium list from restarting the song from the previous button to doing everything,True,billing.premium_only_controls,complaint,3,completed,billing
b1b3498c-7651-43bd-9a1c-bb788e540366,,,,,True,,,False,usability.ads,complaint,,,2,usability,True,0.1,1,"I don't understand why bother with the ""30 minutes free"" ad when it never goes the full 30 minutes? I hear ads 15 minutes in. Not to mention listening to 3 minutes worth of ads every 3 songs??",True,usability.ads,complaint,3,completed,usability
6640d908-ec46-42d4-aea5-118a48f36f1c,,,,,False,,,True,catalog.other,praise,,,1,catalog,True,0.1,0,Has many choices of music,False,other.general,praise,1,completed,other
359a8d21-7b7c-41e4-a1d6-eb2e8a7c346a,,,,,True,,,False,other.general,unclear,,,1,other,True,0.0,0,Bike ot India,True,other.general,unclear,1,completed,other
cd76de8e-f0ca-4c9c-8f58-b215a21f3d2f,,,,,True,,,False,other.general,praise,,,1,other,True,0.1,0,Really enjoy the music wherever I am.,True,other.general,praise,1,completed,other
c30dbcc8-f13d-4c1a-8ed3-9a8e9fe8492e,,,,,True,,,False,other.general,praise,,,1,other,True,0.3,0,💙 listening to Billee Eilish,True,other.general,praise,1,completed,other
618e7f9d-c42c-4645-9fc5-269523efd513,,,,,True,,,False,playback.devices,complaint,,,3,playback,True,0.1,0,Enter Spotify on my black tooth or blackweb earphones on Spotify it's not hooking up what's going on my tablet,True,playback.devices,complaint,3,completed,playback
c437d3e7-ba2c-4ae8-96af-10eaaaa44a8b,,,,,True,,,False,other.general,praise,,,1,other,True,0.1,0,I don't know how I survived before Spotify?! I can't go a day without it.,True,other.general,praise,1,completed,other
2b8079ea-5fa7-4cbd-9ea8-c4d093aa5213,,,,,True,,,False,other.general,praise,,,1,other,True,0.3,0,So many songs so little time 🕰,True,other.general,praise,1,completed,other
649d572e-6958-4935-9fb1-8535febf71c8,,,,,True,,,False,usability.ads,complaint,,,3,usability,True,0.1,0,"So many ads, it's like the app forces you to buy premium and the ads never change, it's always the same ads after each song.",True,usability.ads,complaint,3,completed,usability
c39c8d6a-22fa-4717-a6f3-5ee98fc7249f,,,,,False,,,True,downloads.offline_mode,complaint,,,4,downloads,True,0.1,0,"Spotify has the largest collection of songs. Best for streaming music. But Spotify Premium is not at all good. It just removes ads. But the downloads automatically get deleted after some time. Moreover, you can't listen to it offline, because as soon as you start the app without an internet connecti",False,support.unhelpful,complaint,4,completed,support
08a04788-908f-4b07-b6a8-da3d0c92da46,,,,,False,,,True,usability.ads,praise,,,1,usability,True,0.1,0,"I love this appit doesn,t have any annoying ads and i can listen to my music without interruptions",False,other.general,praise,1,completed,other
28f6a14f-9a2c-4259-a3b0-1978e0ee238e,,,,,True,,,False,usability.ads,cancellation,,,3,usability,True,0.2,1,Fed up with this app on mobile. Why would I pay for premium when they flat out lie about the ads and 30 minutes of ad free music? The ads are atrocious and intrusive as with any ads related to the non existent dystopian privacy we have geared to an individual nowadays. About to uninstall and just li,True,usability.ads,cancellation,4,completed,usability
a6673461-e24a-45be-a8b2-a58543fd7a81,,,,,True,,,True,access.login,complaint,,,3,access,False,0.1,0,Please fixx phone number login issue please 🥺,True,access.login,request,3,completed,access
6932a6a9-c785-4f75-a554-3fd3f9dc6082,,,,,False,,,False,playback.crashes_freezes,complaint,,,3,playback,True,0.0,1,Very slow processing 😔,True,playback.resource_use,complaint,2,completed,playback
a968d349-e12d-4fad-a222-71f4d5c02f9e,,,,,True,,,False,usability.ads,praise,,,1,usability,True,0.1,0,No commercials! 🙌,True,usability.ads,praise,1,completed,usability
b2e2c376-1140-4fb3-8dcb-c106d9b76022,,,,,False,,,True,other.general,praise,,,1,other,True,0.2,0,Cheap and fast,False,billing.price,praise,1,completed,billing
19dedc0d-fb3d-4fef-ac6f-cd8a9943a287,,,,,True,,,False,other.general,praise,,,1,other,True,0.0,0,I love this app🥰😍,True,other.general,praise,1,completed,other
75f59809-11c2-4b95-b7ee-daef6a9e6218,,,,,True,,,False,billing.premium_only_controls,complaint,,,3,billing,True,0.2,0,"Well, try to understand that people who don't feel like spending for listening to music, won't!!🙂👌 pressuring by removing basic features will only amount to loss of users, that's it.",True,billing.premium_only_controls,complaint,3,completed,billing
6fcc3660-9cb0-48e9-8c25-fd3c170b7a76,,,,,True,,,False,catalog.lyrics,complaint,,,3,catalog,True,0.1,0,Music lyrics not showing,True,catalog.lyrics,complaint,3,completed,catalog
769505e5-af72-4209-8e15-6e376cdaf827,,,,,True,,,False,other.general,praise,,,1,other,True,0.2,0,"I love Spotify, i had Different Accounts but i am Witz ypu sense 2008 , I wild love to work with you, when Start to understand more inglish , Spotify Help me to Connect to real Songs öf All Times, guys stay wise and humbel yo Thank you Thank you Thank you",True,other.general,praise,1,completed,other
8820d085-9e9a-4f6d-be34-f5666b26afb0,,,,,True,,,False,billing.premium_only_controls,complaint,,,3,billing,True,0.1,1,"Before the latest update i was a fan of this app, I loved every inch of the app but, Now its one of the worst app. I dont know how anyone can change an app only to collect money like this.. 1. You can't go to previous song 2. If you are in a playlist and wants to skip a song it will go to a song whi",True,billing.premium_only_controls,complaint,4,completed,billing
0dcb746b-a33a-4aa8-83da-a37ab7efe883,,,,,False,,,True,usability.library_queue,complaint,,,3,usability,True,0.0,1,"SPOTIFY VOCE ERA INCRIVEL ATE A ULTIMA ATUALIZAÇÃO MAS QUE HORRIVEL QUE FICOU VIU, TUDO DESORGANIZADO NA BIBLIOTECA E AINDA TIROU A OPCAO DE ESCOLHER A MUSICA QUE VAI TOCAR??? MUDA ISSO AI",False,billing.premium_only_controls,complaint,4,completed,billing
d8377239-ff5c-4a8d-b7ed-0cf1b0854873,,,,,True,,,False,other.general,praise,,,1,other,True,0.0,0,"The experience is miles ahead of Apple, makes me wonder why I wasted all those years paying for Apple music.",True,other.general,praise,1,completed,other
220b4fb8-dabd-4ee5-9d4d-12743cdb217e,,,,,True,,,False,billing.premium_only_controls,complaint,,,3,billing,True,0.0,1,I can't play the song I wanted to hear. The songs was shuffled but it doesn't belong to my playlist. I need to skip so that I can find the right song but there's a limit to it. This app sucks. Please fix it. Let people stream the songs they want.,True,billing.premium_only_controls,complaint,4,completed,billing
a98a8867-16c7-4325-99ce-c0f607a2f368,,,,,True,,,False,other.general,praise,,,1,other,True,0.1,0,Waw this good app I found all song i want to play it,True,other.general,praise,1,completed,other
511772c6-9153-4fc9-aac4-b07d870f2de8,,,,,True,,,False,other.general,praise,,,1,other,True,0.0,0,very nice becase you can play music all day!!!,True,other.general,praise,1,completed,other
61bedd09-8fdb-4ef6-86a6-50155c06bdd9,,,,,True,,,False,billing.premium_only_controls,complaint,,,2,billing,True,0.1,1,This app is at the worst phase and it's makers are running behind money everything is shifted to premium even the basic features,True,billing.premium_only_controls,complaint,3,completed,billing
779c841b-7edc-4d2b-9c2e-b6a3a9a0ac9e,,,,,True,,,False,usability.ads,complaint,,,2,usability,True,0.0,0,Very excellent app ....but adds irritating all the time .it's awful 😞,True,usability.ads,complaint,2,completed,usability
51de770c-cebb-4fe3-a193-ae09fb291969,,,,,True,,,False,usability.ads,complaint,,,3,usability,True,0.0,1,To much add dimag kharab kar data hai. Try others stream.,True,usability.ads,complaint,2,completed,usability
147351d0-4c2f-4cd3-87f8-c7c2b392a362,,,,,True,,,False,other.general,praise,,,1,other,True,0.1,0,"Great app-Great selection of music, meditations, podcasts, audiobooks for all",True,other.general,praise,1,completed,other
99e45d32-cc61-4dac-9cbf-da8c17c0b470,,,,,True,,,False,other.general,unclear,,,1,other,True,0.5,0,Please give 1 rating,True,other.general,unclear,1,completed,other
0821095b-c6e9-43a2-8f66-cfd7b8f5aa3b,,,,,True,,,False,catalog.recommendations,request,,,1,catalog,True,0.5,0,Suggest only high base song,True,catalog.recommendations,request,1,completed,catalog
cb5b323e-d669-46f8-a68c-5dc976f04dc2,,,,,True,,,False,billing.premium_only_controls,complaint,,,3,billing,True,0.2,1,"I love this application, but suddenly it no longer enabled me to choose the songs I wanted to play",True,billing.premium_only_controls,complaint,4,completed,billing
ec180922-ec4b-4051-bb66-bfd51ed5543c,,,,,True,,,False,billing.price,complaint,,,2,billing,True,0.2,0,No..now the developers are just getting greedy,True,billing.price,complaint,2,completed,billing
81dc9090-20e2-4c50-a6b6-5d91fc7b9015,,,,,False,,,True,playback.devices,praise,,,1,playback,True,0.1,0,Load of music every genre easy to use either on phone or via Bluetooth,False,usability.other,praise,1,completed,usability
1b21b482-8248-49f2-8fed-6330050b6cc5,,,,,True,,,False,catalog.missing_content,praise,,,1,catalog,True,0.1,0,Great streaming app. They have the best library of music. It's a good chance you'll find what you want. And now they're starting HiRes music. Should be a game changer.,True,catalog.missing_content,praise,1,completed,catalog
d6c0e42e-efa9-4609-8103-7653526380d2,,,,,True,,,False,playback.stops_skips,complaint,,,3,playback,True,0.2,1,"Decreased quality! It used to be my favorite app, but now when I play music it keep stopping.. my Internet was good, cache was cleared, app was updated, subscribe for premium since 2017 but everything is useless now.. Please fix the bug..",True,playback.stops_skips,complaint,4,completed,playback
4b4074ce-f31e-44bc-9b18-e57f8c99214e,,,,,True,,,True,other.general,cancellation,,,2,other,False,0.1,0,"Worst aap, don't download it",True,other.general,complaint,2,completed,other
554b6bc5-ea00-4495-993b-e39d8d63d3bd,,,,,True,,,False,downloads.offline_mode,request,,,1,downloads,True,0.3,0,Provide us some offline music,True,downloads.offline_mode,request,1,completed,downloads
346f86fb-1b4d-440e-9d17-f83b552d37b1,,,,,True,,,False,other.general,complaint,,,2,other,True,0.1,0,Faltu aap h,True,other.general,complaint,2,completed,other
1d5efb97-e10e-4a16-8670-df824c70a564,,,,,True,,,True,billing.premium_only_controls,complaint,,,3,billing,False,0.1,1,"Before the app was good but due to new update, unable to fast forward a single song of our choice. Due to which we have choice take premium or uninstall which makes very disappointed from Spotify. Kindly requested to remove this otherwise people will remove using it and Spotify will remove from Play",True,billing.premium_only_controls,cancellation,4,completed,billing
920f185e-3add-4622-9068-5ac10aa93a84,,,,,True,,,False,billing.price,complaint,,,2,billing,True,0.0,0,"premium is so expensive, and for what?",True,billing.price,complaint,2,completed,billing
76c9438d-b623-4659-8440-a1270e59dbb3,,,,,True,,,False,billing.premium_only_controls,complaint,,,3,billing,True,0.0,0,"This app is good. But the update for non-premium users is unnecessary. I am not able to choose songs that I want to play. Instead, I have to use shuffle in order to play full songs, which is really inconvenient for long playlists.",True,billing.premium_only_controls,complaint,3,completed,billing
38d3b7dd-29fb-4f2e-a621-a7f1348010a2,,,,,True,,,False,other.general,praise,,,1,other,True,0.1,0,Best App for songs and podcast.,True,other.general,praise,1,completed,other
2e7c8fa5-b4a7-486e-94e7-83739cdbd8cc,,,,,True,,,False,usability.controls_navigation,praise,,,1,usability,True,0.0,0,"I really enjoy the app because it's easy to use ,and definatly has great customization features for personal enjoyment.",True,usability.controls_navigation,praise,1,completed,usability
0b3ccb4d-3c4f-4ee6-b6be-c91dd021b264,,,,,True,,,False,usability.ads,praise,,,1,usability,True,0.0,0,Very good.no ad,True,usability.ads,praise,1,completed,usability
be4d3cc0-4275-4dec-9858-082ed7c2b97c,,,,,True,,,True,usability.controls_navigation,complaint,,,2,usability,False,0.4,1,"I have had a good experience with Spotify. I can not complain. I do believe there are areas where the movement around the app could be much better, otherwise, it's a great app that has brought me countless hours of enjoyment.",True,usability.controls_navigation,praise,1,completed,usability
15a898eb-5062-4bab-a40e-9306bc4f2a17,,,,,False,,,True,other.general,praise,,,1,other,True,0.0,0,"i love it, but i've always had spotify premium. if you download and are willing to pay for it i can say that it's wonderful, but if you're not going to be paying i'd look to someone else who does not use premium. :)",False,billing.price,praise,1,completed,billing
9a47b436-5e94-4abd-ae67-7c355dcdc8cd,,,,,True,,,False,usability.controls_navigation,complaint,,,3,usability,True,0.1,0,"I just want to listen the songs on repeat but now this won't be happening. I want it , I need it to go to its previous version.",True,usability.controls_navigation,complaint,3,completed,usability
01187d5b-f885-4b19-837b-0efc731b9757,,,,,True,,,True,billing.premium_only_controls,complaint,,,3,billing,False,0.1,1,What are you doing Spotify...pls bring back the old Spotify...this is really bad I can't even change a song also ..,True,billing.premium_only_controls,cancellation,4,completed,billing
1658a8c6-98bc-4769-a1e0-9b68c3cb7c8c,,,,,True,,,False,other.general,praise,,,1,other,True,0.0,0,Nice experience in the spotify it's very decent app for listening songs,True,other.general,praise,1,completed,other
40c4c191-e185-456e-991a-d878c09cb4a4,,,,,False,,,True,usability.layout_redesign,complaint,,,2,usability,True,0.1,0,Was better before,False,other.general,complaint,2,completed,other
2a118d46-1677-4dfe-a223-4aceb002763f,,,,,True,,,False,other.general,unclear,,,1,other,True,0.2,0,Dei lussu kuthi Spotify thevidiya paiya,True,other.general,unclear,1,completed,other
8792dc05-cd6f-4272-a3f4-c50ee938b144,,,,,True,,,False,billing.premium_only_controls,complaint,,,3,billing,True,0.3,0,I love the app but the reason why I gave it a 4 star js because I am 13 yrs old and Spotify expects me to pay a premium I can only skip 6 times per hour and when I select a song it gives me some random song which is not even but the artist themselves which is annoying,True,billing.premium_only_controls,complaint,3,completed,billing
c7959a9f-ff2d-4ae4-8650-4f615b45da4a,,,,,True,,,False,other.general,praise,,,1,other,True,0.1,0,In love with the app,True,other.general,praise,1,completed,other
62f2a7f8-d0e3-4279-a9af-6c229e66b80d,,,,,True,,,False,other.general,praise,,,1,other,True,0.0,0,It's good Apps,True,other.general,praise,1,completed,other
961cf939-16fb-494a-b8d5-639be3f1ec5d,,,,,True,,,False,playback.stops_skips,complaint,,,4,playback,True,0.1,0,"Well,it was fine for a week,now it will not play playlist songs,has ads,and its all about upgrading for the 19 bucks a month,whatever",True,playback.stops_skips,complaint,4,completed,playback
a50e5af4-43dc-418f-b4bc-ea6bf6592743,,,,,False,,,True,usability.layout_redesign,complaint,,,2,usability,True,0.1,0,Horrible interface with tons of bugs.,False,playback.crashes_freezes,complaint,2,completed,playback
daf23d73-7230-4613-b597-3dbd7dfba31b,,,,,True,,,False,other.general,praise,,,1,other,True,0.1,0,It's really nice tho,True,other.general,praise,1,completed,other
8604ba9e-7c0b-460e-9e8d-a3cd9658417d,,,,,True,,,False,usability.ads,complaint,,,2,usability,True,0.1,0,Previously the ad was not so disturbing but recently it feels like sportify wants revenge ...,True,usability.ads,complaint,2,completed,usability
ae89f7df-13c3-405d-9497-bd78b89832e5,,,,,True,,,False,usability.library_queue,complaint,,,3,usability,True,0.1,0,This app amazing but they screwed up how you can add songs to your playlist,True,usability.library_queue,complaint,3,completed,usability
ad5206b1-3a52-4df5-bad9-726cbb9cafd6,,,,,True,,,False,playback.stops_skips,complaint,,,3,playback,True,0.0,1,HELLLL...!!! ITS ALWAYS PLAYING THE SAME SONG... NO SHUFFLING NOT PLAYING NEXT TRACK,True,playback.stops_skips,complaint,4,completed,playback
7b521e4c-9807-4d05-bdeb-78bc84954a30,,,,,True,,,False,catalog.search_discovery,praise,,,1,catalog,True,0.1,0,The best place to find those hard to find songs as long as you're not looking for Garth,True,catalog.search_discovery,praise,1,completed,catalog
3e38c6e2-e277-489d-969e-271f12a22ad0,,,,,True,,,False,access.app_wont_open,complaint,,,4,access,True,0.1,0,SPOTIFY doesn't work on tecno Spark 7 pro device,True,access.app_wont_open,complaint,4,completed,access
5b45a372-e9b6-42b7-9b7c-2043847f97fa,,,,,True,,,False,access.login,complaint,,,4,access,True,0.1,0,Phone number se login nahi ho raha hain....plz fix thiss plzzz,True,access.login,complaint,4,completed,access
57dd55b8-78c6-4e76-b193-7c52531ae65f,,,,,False,,,True,billing.price,complaint,,,2,billing,False,0.4,1,It has been very nice using Spotify till I can afford a steady subscription,False,other.general,praise,1,completed,other
1b8e0b6d-18a8-4797-90c6-510fa0cb89da,,,,,True,,,False,billing.premium_only_controls,complaint,,,3,billing,True,0.1,0,Who the hell advised you for this no forward or rewind a song for normal users and it will be a great idea..i think he just getting free money..i think i am better then that guy who gave u this idea.,True,billing.premium_only_controls,complaint,3,completed,billing
7004d18f-feb7-4a89-a1dd-051cfe907ad9,,,,,True,,,False,billing.premium_only_controls,complaint,,,3,billing,True,0.05,0,How greedy do you have to be to turn off the song lyrics unless one pays for premium? absolutely utterly disgusting behaviour.,True,billing.premium_only_controls,complaint,3,completed,billing
98b0b658-151b-49c1-b5fd-64595af2b5ba,,,,,True,,,False,playback.crashes_freezes,complaint,,,3,playback,True,0.05,0,Spotify is now acting as a fraud. Giving incorrect information that cause damage artist reputation. App has so many lagging issue. Sometime push others song that I don't follow. Even song hacked easily. Also that official called JEREMY is very problematic on Internet.,True,playback.crashes_freezes,complaint,3,completed,playback
b1b0ecf0-01d4-4cf0-8d5f-023409bdfda6,,,,,True,,,False,usability.ads,complaint,,,3,usability,True,0.0,1,they charge us for using without advertising but they allow podcasters to advertise and get double money and i still need to hear that sh***t. Shame lads 🙈,True,usability.ads,complaint,2,completed,usability
0756033f-20c1-48f4-b299-6d2bb3f16163,,,,,True,,,False,billing.premium_only_controls,complaint,,,3,billing,True,0.15,1,Can only play a preview of my liked songs and it's the same in any playlist I make and if I want to hear a full song then I can only press the shuffle button and hope.,True,billing.premium_only_controls,complaint,4,completed,billing
0eb423d7-654c-4d69-863c-263593cbc53d,,,,,True,,,False,other.general,complaint,,,2,other,True,0.0,0,It keeps getting worse,True,other.general,complaint,2,completed,other
f286b255-9771-4bfe-b4ee-fa95858733d3,,,,,True,,,False,access.login,complaint,,,4,access,True,0.1,0,My Spotify account is not logging in with phone number,True,access.login,complaint,4,completed,access
7541b41b-886c-4121-a435-94d668a5dfb8,,,,,True,,,False,other.general,praise,,,1,other,True,0.0,0,Exceptional. I love Spotify. The end of year Wrapped made my year! The thoughtfulness behind this gesture made me run here to say Thank You! We all need a little pick-me-up sometimes.,True,other.general,praise,1,completed,other
7ebb9b3d-0071-4a12-a147-eecc0177be9a,,,,,True,,,False,other.general,praise,,,1,other,True,0.1,0,I really love the app...just perfect....,True,other.general,praise,1,completed,other
c9251fb7-9866-4ebd-809e-2b743c1987f6,,,,,True,,,True,catalog.missing_content,complaint,,,3,catalog,False,0.1,0,Some songs are missing and songs lyrics also missing can you make it,True,catalog.missing_content,request,3,completed,catalog
c69afd56-af42-4cae-9ffa-48ffbe920bf4,,,,,True,,,False,playback.stops_skips,complaint,,,3,playback,True,0.2,0,The app glitches whenever I choose a song it doesn't play instead another song plays I eve checked my data and it's perfect i hope to see a better experience,True,playback.stops_skips,complaint,3,completed,playback
965fc5fb-70eb-4373-9e7c-d55988f41d53,,,,,True,,,False,other.general,complaint,,,2,other,True,0.1,0,Hate thi Application😤,True,other.general,complaint,2,completed,other
3e9a9f5f-b522-461d-90d1-33e60e28974b,,,,,True,,,False,downloads.fail_disappear,complaint,,,3,downloads,True,0.0,0,Way are not daunlod sogs??,True,downloads.fail_disappear,complaint,3,completed,downloads
b26caa2d-771b-4863-add7-8bf74958cdf5,,,,,True,,,False,other.general,complaint,,,2,other,True,0.1,0,Worst app I ever used😤,True,other.general,complaint,2,completed,other
7bfe0a92-9d3e-4daa-a56b-75ff87e3e700,,,,,True,,,True,playback.crashes_freezes,complaint,,,4,playback,False,0.0,0,"Changed my phone logged in no probs but nothing plays my play lists are gone 4 days of ""something went wrong try again"" trying to cancel my subscription now. Not straight forward",True,playback.crashes_freezes,cancellation,4,completed,playback
b4781f84-667a-40c8-8c4c-57b475ec6ec9,,,,,False,,,True,playback.connection,praise,,,1,playback,True,0.0,0,"This is my preferred way of listening to audio. Good selection. Good connection. In almost a decade of use, I have never been disappointed with it.",False,other.general,praise,1,completed,other
bb6a16c5-ea6d-4530-ac27-6bcf2386a0f8,,,,,True,,,False,other.general,praise,,,1,other,True,0.2,0,enjoying it,True,other.general,praise,1,completed,other
45d8577b-fbff-4723-9d0b-56a01da5ee7b,,,,,False,,,True,playback.devices,praise,,,1,playback,True,0.0,0,Very nice and convenient. Can play on multiple devices.,False,other.general,praise,1,completed,other
93bda435-e63f-4c85-b79a-ed1ace509cf3,,,,,True,,,True,other.general,unclear,,,1,other,False,0.5,0,I am very interested.,True,other.general,praise,1,completed,other
525ecb12-aad2-4224-a015-ae150c625d96,,,,,True,,,False,usability.layout_redesign,complaint,,,2,usability,True,0.1,1,New update makes it hard to use. Why does everything need to be an infinite feed? Why not have the option to use old layout? Please stop fixing things that aren't broken.,True,usability.layout_redesign,complaint,3,completed,usability
fe5ea2e5-8b6d-43c2-af2b-965b10cfdb45,,,,,True,,,False,other.general,unclear,,,1,other,True,0.0,0,Glbaat🔥🌪,True,other.general,unclear,1,completed,other
62de2e5e-94ec-4565-a0df-e6c6949b038e,,,,,True,,,False,access.login,complaint,,,4,access,True,0.1,0,Can't login with phone number/Email ID Everytime i try it appears to be failed,True,access.login,complaint,4,completed,access
ea663dc4-6cc0-4aa6-aed7-fee2992a906d,,,,,False,,,True,catalog.search_discovery,praise,,,1,catalog,True,0.0,0,It is best app for Hindi and all languages which songs and it is free 😍😍😍😍,False,other.general,praise,1,completed,other
b9e40ebc-adb9-4f07-92ec-771b879de366,,,,,True,,,False,other.general,unclear,,,1,other,True,0.5,0,Bycot Spotify 🚫🚫 Don't Disrespect Our Relegion 🚫🚫,True,other.general,unclear,1,completed,other
57c3e76b-e1df-4b46-8c56-743379192e78,,,,,True,,,True,other.general,complaint,,,2,other,False,0.4,1,I love this game so much it is amazing I love it!!! I love nickis fashion game we can dress up our character!,True,other.general,unclear,1,completed,other
13e9d216-e296-4afd-b1f4-984517cf352a,,,,,True,,,False,usability.ads,complaint,,,3,usability,True,0.0,0,"To much adadvertising, Samajh mein nahi aa raha hai, yeh app gana sunne ke liye hai Yaa ads. Bakwas",True,usability.ads,complaint,3,completed,usability
c29f82df-79b5-4c43-b855-f06adb9d545f,,,,,True,,,True,other.general,cancellation,,,2,other,False,0.3,1,PLEASE DELETE THIS APP BECOME DISRESPECT ISLAAM,True,other.general,unclear,1,completed,other
e749fe33-51bc-4bcf-a7f1-b5f4b87d3f77,,,,,True,,,False,other.general,praise,,,1,other,True,0.1,0,Well done I like this app this app is better than gaana app so thank you,True,other.general,praise,1,completed,other
76de8f33-6bc1-4507-a105-a02b31cd701f,,,,,True,,,False,catalog.lyrics,request,,,1,catalog,True,0.2,0,There should be a floting lyrics bar feature 👉👈,True,catalog.lyrics,request,1,completed,catalog
f7fcc998-be53-4b5a-b4fa-adc052d929d7,,,,,False,,,True,playback.devices,praise,,,1,playback,True,0.0,0,Amazing collection and best part I can connect it to my Alexa,False,other.general,praise,1,completed,other
f4e02fb6-ba73-4d33-9747-6d4a388b2416,,,,,True,,,False,billing.premium_only_controls,complaint,,,2,billing,True,0.0,1,Last updation is too bad 👎 always shows want premium 😡,True,billing.premium_only_controls,complaint,3,completed,billing
7f936576-c226-4113-8a4f-de1506e57ff6,,,,,True,,,False,other.general,unclear,,,1,other,True,0.0,0,Because you said 12 years and above,True,other.general,unclear,1,completed,other
e85936a3-ad4e-4cfa-ad4d-51c3632a6b6a,,,,,True,,,False,other.general,praise,,,1,other,True,0.1,0,Fiyah,True,other.general,praise,1,completed,other
0de8df57-5c4b-445f-8e16-27c7646a336b,,,,,True,,,False,billing.premium_only_controls,cancellation,,,3,billing,True,0.1,0,"I'm considering to discontinue to use this app , guess its new update has only made premium members to skip songs 😕",True,billing.premium_only_controls,cancellation,3,completed,billing
be4922e8-0b37-411c-9fc2-9a31e1e3be93,,,,,True,,,False,other.general,praise,,,1,other,True,0.3,0,All sweet,True,other.general,praise,1,completed,other
1e090dac-7d42-4c9f-8073-3ecb339c0a07,,,,,True,,,False,other.general,unclear,,,1,other,True,0.1,0,Height it capitalism,True,other.general,unclear,1,completed,other
eaed1238-d179-4f1a-b0d8-0b0c5284885a,,,,,True,,,False,other.general,praise,,,1,other,True,0.1,0,Still Can't live without it. Double Simple,True,other.general,praise,1,completed,other
410a3ae7-0177-4e17-b5ca-49c6f7397bfe,,,,,True,,,False,other.general,praise,,,1,other,True,0.0,0,"This is the best music app out there, hands down.",True,other.general,praise,1,completed,other
6f25d5f7-8822-42ce-bc0a-b0bd0339ec03,,,,,False,,,False,usability.layout_redesign,complaint,,,2,usability,True,0.1,0,Good app but getting rid of the recently played part of it is annoying and stupid as hell.,True,usability.library_queue,complaint,2,completed,usability
10f694eb-6ad5-41a9-a2cb-af1c100e8edf,,,,,False,,,True,catalog.other,request,,,1,catalog,True,0.1,0,"I just want one of those ""Year In Review"" things lol",False,other.general,request,1,completed,other
250349ec-2118-479b-aea8-2d461187505a,,,,,True,,,False,other.general,unclear,,,1,other,True,0.0,0,shaikAmjad,True,other.general,unclear,1,completed,other
2f949bc2-0b1c-442a-be26-9be0da9ea94b,,,,,True,,,False,other.general,praise,,,1,other,True,0.2,0,Great user platform,True,other.general,praise,1,completed,other
d41637cf-de18-45ef-a793-627ac5180469,,,,,True,,,False,usability.ads,complaint,,,3,usability,True,0.0,1,Ads too long and too often,True,usability.ads,complaint,2,completed,usability
f3baa229-ae33-4dba-a130-bcbe3de7e52e,,,,,False,,,True,playback.devices,praise,,,1,playback,True,0.1,0,Cool thru my hearing aids.,False,other.general,praise,1,completed,other
f16d021c-2c33-431f-9215-dd02cd36ffb0,,,,,True,,,False,usability.ads,complaint,,,3,usability,True,0.1,0,"Great but i think its library needs to be widen, so many songs are unavailable. Specifically punjabi . Also the ads are very very annoying i mean very often.",True,usability.ads,complaint,3,completed,usability
8ce24d0c-28fd-4953-8190-1d0ed7bcf862,,,,,True,,,True,usability.ads,complaint,,,2,usability,False,0.0,0,Too many adds. Please update add free music listening.,True,usability.ads,request,2,completed,usability
5fe4ed59-dd22-4d70-ba76-1504ef96bb90,,,,,False,,,True,usability.library_queue,praise,,,1,usability,True,0.0,0,because i like it i can get all my favorite songs in one plase,False,other.general,praise,1,completed,other
98a21c4c-a5b9-4391-96c7-10af081355cf,,,,,True,,,False,other.general,praise,,,1,other,True,0.2,0,Good reggae muzik,True,other.general,praise,1,completed,other
b9347dc5-f9f6-47c9-a936-c2df9b804521,,,,,True,,,False,catalog.lyrics,request,,,1,catalog,True,0.1,0,Can you return the lyrics to the song? even for non-premium users? Please?,True,catalog.lyrics,request,1,completed,catalog
c799e325-726a-4674-ab2e-e1b0e6a3ce78,,,,,True,,,False,usability.controls_navigation,complaint,,,3,usability,True,0.5,1,It's a good app but why does it sometime when I play a song it always seem to shuffle it,True,usability.controls_navigation,complaint,2,completed,usability
119ba169-d4eb-411a-859e-3dbf84bd5f38,,,,,False,,,True,catalog.recommendations,praise,,,1,catalog,True,0.1,0,"Like recommendations, ability to download and lyrics feature.",False,other.general,praise,1,completed,other
5a2fb192-4b2d-483d-a855-bcfef99e65fb,,,,,True,,,False,other.general,complaint,,,2,other,True,0.0,0,Hate this app I love Quran,True,other.general,complaint,2,completed,other
85ae03dc-8156-4ae1-919b-5f004d423907,,,,,True,,,False,other.general,praise,,,1,other,True,0.0,0,Supab app,True,other.general,praise,1,completed,other
9eee5bba-0ba0-4c46-af7f-ec502a6b66f0,,,,,True,,,False,other.general,praise,,,1,other,True,0.1,0,Best music out there,True,other.general,praise,1,completed,other
2375ad3b-9b91-477e-9523-6a5673a59042,,,,,True,,,False,other.general,complaint,,,2,other,True,0.0,0,Very bad app. Hate this app. Awful app. Worst app I have seen .,True,other.general,complaint,2,completed,other
ae504a4a-e18c-42b3-b1e2-1d14b947417e,,,,,True,,,False,other.general,unclear,,,1,other,True,0.0,0,I hate swriden because of give permission of burn quran,True,other.general,unclear,1,completed,other
cd30e2e9-436e-41fa-a2c3-dd0ddc30c7c0,,,,,True,,,False,other.general,praise,,,1,other,True,0.0,0,The app is great.,True,other.general,praise,1,completed,other
b41389f6-6e09-48b5-a6f7-2ee7a28a9783,,,,,False,,,True,usability.other,request,,,1,usability,False,0.2,1,I don't want your insights analytics and social features. Just get out of the way and let me play my music.,True,usability.layout_redesign,complaint,2,completed,usability
b7d3bddd-b63c-48ae-a070-1582cff253ca,,,,,False,,,True,billing.premium_only_controls,complaint,,,3,billing,True,0.2,1,I have been using spotify for a very long time but there is a new update that is so annoying.. the song which is playing can't move forward or backwards... I hope you will fix this problem soon.. please do something..😭,False,playback.stops_skips,complaint,4,completed,playback
981caf58-cc91-4320-864e-60fa5ddcaa39,,,,,True,,,False,other.general,unclear,,,1,other,True,0.0,0,Tuuuu,True,other.general,unclear,1,completed,other
e18a9cf9-1fd2-4b6d-833e-e2d97f683ef7,,,,,True,,,False,other.general,complaint,,,2,other,True,0.1,0,hate this 👎,True,other.general,complaint,2,completed,other
fcf5fca9-d766-4787-a39c-72fd6d083991,,,,,True,,,False,other.general,praise,,,1,other,True,0.05,0,Love it!! One of the best!!,True,other.general,praise,1,completed,other
d53bff72-705b-41d5-936d-1c2c66c1137c,,,,,True,,,False,other.general,praise,,,1,other,True,0.05,0,Best app ever❤️🤞,True,other.general,praise,1,completed,other
1c491bb6-9a41-4d47-ba22-97c781f07447,,,,,True,,,False,other.general,praise,,,1,other,True,0.0,0,"I've had Spotify for years, never an issue.",True,other.general,praise,1,completed,other
95d3e46a-cee8-4ec1-a5a0-aed5d0455d61,,,,,True,,,False,playback.audio_quality,praise,,,1,playback,True,0.0,0,I like the Sound system 😂😂😂,True,playback.audio_quality,praise,1,completed,playback
b70944d5-30eb-4335-ad4d-ab40310db069,,,,,True,,,False,other.general,praise,,,1,other,True,0.0,0,Best application the music,True,other.general,praise,1,completed,other
3eb9675f-5788-4049-a61a-828def94f82f,,,,,True,,,False,other.general,unclear,,,1,other,True,0.4,0,Your country burn Quran,True,other.general,unclear,1,completed,other
18085a7f-8dc6-426e-a4a5-5cdb5654cd10,,,,,True,,,False,other.general,praise,,,1,other,True,0.0,0,Awesome 💯💯💯💯💯💯😎😎,True,other.general,praise,1,completed,other
40d3d260-cb0e-4bcb-a236-fe9807d73587,,,,,False,,,False,playback.resource_use,complaint,,,4,playback,True,0.1,0,नया अपडेट करने के बाद पिछले 4 दिन से लगातार शाम को स्पोटेफाई प्ले 5 मिनट तक करने के दौरान मोबाइल ऑफ हो जा रहा है।। इसका क्या कारण हैं और सॉल्यूशन क्या है??,True,playback.crashes_freezes,complaint,4,completed,playback
c7a2eaaf-d0f5-4c4a-aaa2-388235688545,,,,,True,,,False,playback.crashes_freezes,complaint,,,3,playback,True,0.2,1,Soo many bugs are now,True,playback.crashes_freezes,complaint,2,completed,playback
44f66137-59dc-4f63-95ed-dedc69cbf226,,,,,True,,,False,usability.ads,complaint,,,2,usability,True,0.0,1,"Good quality services, but way tooany ads. And the longer I listen per session the more frequent the ads get. It used to not be that, it used to be every 30 minutes. Now it's just ridiculous.",True,usability.ads,complaint,3,completed,usability
d77cc1b3-5106-4d8d-855d-abb06c44f0c0,,,,,True,,,False,playback.crashes_freezes,complaint,,,3,playback,True,0.1,1,App sux. Kicks my family out. Freezes often,True,playback.crashes_freezes,complaint,4,completed,playback
ed6e55ef-999f-4e83-a583-52458b785bb8,,,,,True,,,True,other.general,unclear,,,1,other,False,0.7,0,I only joined because of LOVELYTI,True,other.general,praise,1,completed,other
3e4d9c8e-b56e-4ada-a9a4-eb8fedfa882c,,,,,True,,,False,other.general,praise,,,1,other,True,0.2,0,Best music app around. Does try and lead you to premium but still very good.,True,other.general,praise,1,completed,other
39eb81ee-55a9-48ac-9bde-e56acf38eba0,,,,,True,,,False,other.general,praise,,,2,other,True,0.4,1,Not perfect but it better to lesson,True,other.general,praise,1,completed,other
df234aff-4b31-4942-adfb-f5f1e3d50f26,,,,,True,,,False,other.general,unclear,,,1,other,True,0.0,0,Ganngg,True,other.general,unclear,1,completed,other
e6885bee-c106-4736-be61-ad53468c3451,,,,,True,,,False,billing.premium_only_controls,complaint,,,3,billing,True,0.0,0,come on new updates bahut bakwas bana diye isko and khali ab pese pe dhyan h in logo ko Bhai nhi le skte hum premium but we need songs to relax sometimes am feeling petty rn,True,billing.premium_only_controls,complaint,3,completed,billing
c772caeb-6b2e-4856-903c-fe10f26ab5ed,,,,,True,,,False,catalog.recommendations,praise,,,1,catalog,True,0.1,0,Best one to find music that match your taste.,True,catalog.recommendations,praise,1,completed,catalog
b22bf975-291d-4d6e-9091-90d19bc68455,,,,,True,,,False,billing.charges_refunds,complaint,,,4,billing,True,0.05,0,TERRIBLE APP !!!! It bloody asks you money for forwarding and replaying music !!! I paid 200 rs for the premium and it canceled or whatever and i did NOT get a refund. It asks for purchasing premium no wonder the ratings went down,True,billing.charges_refunds,complaint,4,completed,billing
dfd54a12-7f8b-4fb5-be12-ba2d97e10657,,,,,False,,,False,catalog.search_discovery,complaint,,,2,catalog,True,0.1,0,You guys forgot to show kannada songs in main page........,True,catalog.missing_content,complaint,2,completed,catalog
9233bcc5-4eba-4177-b54f-1b95651d9a5b,,,,,False,,,False,usability.controls_navigation,request,,,1,usability,True,0.0,0,Please add customized sleeping timer. Thank you.,True,usability.other,request,1,completed,usability
c0873cce-d0c8-4677-9d6b-6c7c0dcfc561,,,,,True,,,False,catalog.recommendations,complaint,,,3,catalog,True,0.3,0,Hi I am your premium member I was using resso music app before this I started using sotify last month but your suggestions are very bad especially tamil songs no matter what playlist I take the same songs repeat. I have taken the family plan for six months and I am listening to music regularly and I,True,catalog.recommendations,complaint,3,completed,catalog
20913c5e-8ae9-4cc0-b320-860b57e0ccee,,,,,True,,,False,other.general,praise,,,1,other,True,0.15,0,❤️❤️❤️❣️❣️ nice aap,True,other.general,praise,1,completed,other
17ae23bc-3170-4500-a351-40fe58cf3a90,,,,,False,,,True,catalog.recommendations,praise,,,1,catalog,True,0.0,0,"A great way to listen to your favourite artists but also, a great way to discover new artists to become new favourites.",False,other.general,praise,1,completed,other
a2349423-14ef-4c22-b75e-ed7c91d2c224,,,,,False,,,False,playback.connection,complaint,,,4,playback,True,0.05,0,"Okay, i used to think this app was amazing, but nothing will load!! And it wont let ne open the menu to add the songs to a playlist. I constantly have to turn it on offline mode for it to work even a tiny bit. Im very upset 🤬🤬🤬",True,playback.crashes_freezes,complaint,4,completed,playback
d1906017-b911-46f3-af50-90508afa22b6,,,,,False,,,False,playback.devices,complaint,,,3,playback,True,0.2,0,"I love spotify but there always seems to be glitches with this app. I'm on a fully updated s20+ and for the life of me can't get a podcast video to play over wifi once the episode has been downloaded. I've tried with the ""download audio only"" under the ""Video Podcast"" section of the settings and the",True,playback.crashes_freezes,complaint,3,completed,playback
b90db4e9-3db3-43b1-a0a2-f7d5542f7415,,,,,True,,,False,billing.premium_only_controls,complaint,,,3,billing,True,0.1,0,In my opinion the app is good has a lot of songs I like I just hate that I can't play what I want I have to play it shuffle wise woch is why I'm giving this 2 Stars instead of 3,True,billing.premium_only_controls,complaint,3,completed,billing
ce8a8a57-f5e3-460e-ab15-24fa356e9eea,,,,,True,,,False,other.general,praise,,,1,other,True,0.1,0,I love this app. Very friendly variety of music.,True,other.general,praise,1,completed,other
e0bff515-f549-45f3-ad3a-4ea52659d4fa,,,,,True,,,False,catalog.recommendations,complaint,,,3,catalog,True,0.0,0,New terms are worst .why are you letting us even starting spotify for free . Your algorithm is also broke random songs in queue completely destroy the vibe,True,catalog.recommendations,complaint,3,completed,catalog
9a55e021-b59d-4243-a019-f09232cfe4a0,,,,,True,,,False,catalog.search_discovery,complaint,,,2,catalog,True,0.6,0,Really good but its hard to find song which title you can't recall unlike in YT,True,catalog.search_discovery,complaint,2,completed,catalog
e95a9f11-6be8-4478-9cbb-68456ead8820,,,,,True,,,True,other.general,request,,,1,other,False,0.3,0,Pay the artists soptify,True,other.general,unclear,1,completed,other
69599443-7b54-47eb-ac2b-50aa27f6c2ae,,,,,True,,,False,other.general,unclear,,,1,other,True,0.0,0,for the latest update,True,other.general,unclear,1,completed,other
cf4930cc-b844-49c5-b2fa-cbdf58ad5dc3,,,,,True,,,False,other.general,praise,,,1,other,True,0.1,0,The best music platform 😜,True,other.general,praise,1,completed,other
acff68a8-bf0a-447c-b924-4c186ca6b687,,,,,True,,,False,playback.stops_skips,complaint,,,3,playback,True,0.1,0,All good. Except randomly pauses on me. Kind of a piss off,True,playback.stops_skips,complaint,3,completed,playback
76036d65-ba70-4ebf-84c6-92f9b571b6a1,,,,,True,,,False,usability.layout_redesign,complaint,,,2,usability,True,0.1,0,The recent update just ruin the fun,True,usability.layout_redesign,complaint,2,completed,usability
19510c02-ab4d-4f4b-b5ce-f8be6e1b264f,,,,,False,,,True,catalog.recommendations,praise,,,1,catalog,True,0.2,0,Incredible non stop hits,False,other.general,praise,1,completed,other
ba32569e-27a6-4976-8a2d-2fee5161f2a0,,,,,True,,,False,usability.layout_redesign,complaint,,,2,usability,True,0.1,0,The recents updates have spoilt this app and now the whole app seems useless,True,usability.layout_redesign,complaint,2,completed,usability
033077e4-e20d-4ad1-8346-a528208c4f79,,,,,True,,,False,other.general,praise,,,1,other,True,0.1,0,Best music app ever made :),True,other.general,praise,1,completed,other
af51c35b-0e3c-4ed1-87e2-7e236451e8e3,,,,,False,,,True,other.general,cancellation,,,2,other,True,0.2,2,"Haven't use this app in serval years, so how does it know to make a playlist of songs I just discovered in the past year as soon as I signed in? Sounds like they are collecting data from your phone or Google accounts. Probably both. So I will not be using this app from this point forward and definit",False,access.other,cancellation,4,completed,access
88794051-7646-4203-951b-8ae27fc1d84b,,,,,True,,,False,other.general,praise,,,1,other,True,0.1,0,Love the app been an avid user for years now. Keep it up.,True,other.general,praise,1,completed,other
5ea1e2e9-4a5f-4ae3-9cf4-a94683acd4f0,,,,,True,,,False,other.general,complaint,,,2,other,True,0.1,0,Worst app.I haven't ever seen..🤮,True,other.general,complaint,2,completed,other
dc48bd54-1f62-46a6-bf66-978cdfb4757c,,,,,True,,,False,catalog.recommendations,complaint,,,3,catalog,True,0.1,1,Abundance of songs available but radio doesn't work well. No playlist is created if you search for a song. This kinda desists the flow.,True,catalog.recommendations,complaint,2,completed,catalog
19593b23-e2b5-4ebc-8329-98e6dadd55e4,,,,,True,,,False,usability.library_queue,request,,,1,usability,True,0.3,0,Can you guys add an option to add liked songs to a playlist easily without having to add them one by one it would be extremely helpful. This feature definitely should exist especially in premium.,True,usability.library_queue,request,1,completed,usability
ec2bf8f5-0549-4c4e-b0ea-3c134466b0b5,,,,,True,,,False,other.general,complaint,,,2,other,True,0.2,0,I hate this app useless👎👎,True,other.general,complaint,2,completed,other
d48ad47b-67ed-4194-8a65-e4bdf9c56072,,,,,True,,,False,catalog.missing_content,request,,,1,catalog,True,0.0,0,Bring back Bollywood songs,True,catalog.missing_content,request,1,completed,catalog
a2b599e0-631d-4374-95e1-d01d3c313afb,,,,,True,,,False,usability.ads,complaint,,,2,usability,True,0.1,0,lot of ads but its free,True,usability.ads,complaint,2,completed,usability
c65131ff-2a09-40ae-9a74-38ffaf441e4b,,,,,False,,,True,catalog.recommendations,praise,,,1,catalog,True,0.1,0,I get all the songs I like in my feel good mornings its so easy i really like it,False,other.general,praise,1,completed,other
e171cd51-8f82-4b61-8e05-461b6138a6b7,,,,,True,,,False,other.general,praise,,,1,other,True,0.0,0,Good place to listen to music 🎵,True,other.general,praise,1,completed,other
b61f5002-4f2c-497d-9f27-87e870d06904,,,,,True,,,False,other.general,unclear,,,1,other,True,0.0,0,9.99l.i,True,other.general,unclear,1,completed,other
3362dce4-2f3f-4dbd-8cc6-c1dacfac96c2,,,,,True,,,False,other.general,praise,,,1,other,True,0.1,0,Love listening to tf2 fight songs,True,other.general,praise,1,completed,other
2b5ab204-8b1d-4a3f-b7c9-33a1074999c1,,,,,True,,,False,playback.crashes_freezes,complaint,,,3,playback,True,0.1,0,Keeps not responding 😡,True,playback.crashes_freezes,complaint,3,completed,playback
8504ab72-500d-4106-a133-de6ee2bf9f72,,,,,False,,,True,billing.premium_only_controls,complaint,,,3,billing,True,0.6,1,"I enjoy listening to music from Spotify, sharing lyrics and somgs on my stories, but sometimes it makes me mad when I can't listen to a song on repeat...",False,usability.controls_navigation,complaint,2,completed,usability
710836a7-ba78-4902-8abc-5497fcb93af5,,,,,True,,,False,playback.connection,complaint,,,4,playback,True,0.1,0,"Since spotify updated on 01.23.23 to the latest version, I cannot play anything in my 'liked songs'. I receive a message ""No internet connection"". I can play other songs in my other libraries. I have tried connecting to my wifi and I still get the same message. Fix it soon or reduce the amount you c",True,playback.connection,complaint,4,completed,playback
041091ed-695b-44f0-a6b3-d3b47ed82782,,,,,True,,,False,other.general,praise,,,1,other,True,0.2,0,It Ok and functional,True,other.general,praise,1,completed,other
afc0ee5e-c72c-4084-8941-2dd39b2d84fc,,,,,True,,,False,catalog.lyrics,complaint,,,3,catalog,True,0.1,0,Everything is perfect except one thing.... I can't load most of the song's lyrics which is very disturbing....,True,catalog.lyrics,complaint,3,completed,catalog
6f0f1fad-e676-4595-b285-86ba2127f651,,,,,True,,,False,other.general,unclear,,,1,other,True,0.0,0,No dalowd jjiiifdsd,True,other.general,unclear,1,completed,other
9107d0cb-5eda-4af1-bc5f-dab6462f75de,,,,,True,,,True,other.general,complaint,,,2,other,False,0.2,1,Ma panget to wag nyo try,True,other.general,unclear,1,completed,other
2d1b69c2-b92b-4358-8361-9ad8470321da,,,,,True,,,False,usability.layout_redesign,cancellation,,,3,usability,True,0.05,0,"The new update to the home screen interface is absolutely atrocious! Enormous blocks that take up the whole screen, and it's impossible to scroll through them quickly, as scrolling gets stuck on each block. And who thinks having autoplay on the home screen of an app is ever a good idea! Really unhap",True,usability.layout_redesign,cancellation,3,completed,usability
06d1b845-fd7d-46ae-9c49-4a6d0026bcad,,,,,True,,,False,billing.premium_only_controls,complaint,,,3,billing,True,0.0,0,Too much adds are coming and we can not play song of our choice,True,billing.premium_only_controls,complaint,3,completed,billing
dd7e9331-8c01-4805-ab21-ec7abee2e93a,,,,,True,,,False,other.general,praise,,,1,other,True,0.1,0,It's so good no ads,True,other.general,praise,1,completed,other
1dfefeeb-d065-48d3-a89b-b7013c7606c9,,,,,True,,,False,billing.premium_only_controls,cancellation,,,3,billing,True,0.0,1,"This WAS the best app ever to play music but after the update it has completely spoiled it is just asking everyone to buy premium for everything. The Worst Things after the update is Smart Shuffle, Can't Repeat Songs and play in order. The App is just losing its Users I will suggest everyone to unin",True,billing.premium_only_controls,cancellation,4,completed,billing
4ed2b83f-9116-4a41-88fb-72ff4cb74f24,,,,,True,,,False,usability.library_queue,request,,,1,usability,True,0.5,0,Please let us add a song more than once again to a playlist like before!! I have favourites I wanna hear more!,True,usability.library_queue,request,1,completed,usability
e0d5e94f-c4d3-4375-833d-87cc08281d8b,,,,,True,,,False,billing.premium_only_controls,complaint,,,3,billing,True,0.1,0,"Spotify is good when you have that free premium but once that runs out, they're gonna do every conceivable way to try and get you to buy premium in order to ACTUALLY enjoy a MUSIC APP. The biggest problem about premium running out is the shuffle feature, it is the devil of the app. Randomly picking ",True,billing.premium_only_controls,complaint,3,completed,billing
2ddf8394-76ed-4e9c-b999-301ae5e570da,,,,,True,,,False,usability.controls_navigation,complaint,,,2,usability,True,0.1,0,Playlist shuffle I hate this Feature,True,usability.controls_navigation,complaint,2,completed,usability
395266bf-748d-4fba-a4b6-cdd38b03546e,,,,,True,,,False,other.general,praise,,,1,other,True,0.0,0,this app is so nice i can now listen to my favorite songs and i always update for their songs of every local and international artist so thats why i give this 5 stars💙💜🥰,True,other.general,praise,1,completed,other
452ab5b0-8234-4bb8-80e3-c59851175b8c,,,,,True,,,True,other.general,complaint,,,2,other,False,1.7,1,Dest damn music streaming app ever,True,other.general,praise,1,completed,other
c1da4091-5935-4384-93d9-a751dbe81b0e,,,,,True,,,False,playback.stops_skips,cancellation,,,3,playback,True,0.0,1,"I'm paying good money for this, and it still keeps getting stuck in a loop of about 4 songs, even though there are hundreds in the playlist. The only way to resolve it, is to open another playlist, and go back to the playlist I actually wanted to listen to. I will be cancelling my subscription if it",True,playback.stops_skips,cancellation,4,completed,playback
6d69d2c7-49ba-4374-a281-29b7bb06ec88,,,,,True,,,True,other.general,cancellation,,,2,other,False,0.1,0,So disgusting. Delete this app,True,other.general,complaint,2,completed,other
acba705b-2344-4ed9-984a-f17381a1cd98,,,,,True,,,True,other.general,cancellation,,,2,other,False,0.1,0,Worst ever...... Don't install...,True,other.general,complaint,2,completed,other
71f948ea-09e3-464e-8249-91ca66383aca,,,,,True,,,False,playback.devices,praise,,,1,playback,True,0.2,0,Been great to use and easy to transfer music output from device to device,True,playback.devices,praise,1,completed,playback
46cdd33b-f45e-4cce-8885-27678377c7fc,,,,,True,,,False,other.general,praise,,,1,other,True,0.3,0,No problems and is great,True,other.general,praise,1,completed,other
d1341af2-f978-49f1-a314-eff2f4cdf183,,,,,True,,,False,usability.ads,complaint,,,2,usability,True,0.3,0,Only downside is how much they plug premium in ads,True,usability.ads,complaint,2,completed,usability
c7bb4430-d0f9-4d30-ac75-4e4217e008a9,,,,,True,,,False,playback.stops_skips,cancellation,,,3,playback,True,0.2,1,"The app is buggy, it constantly stops music in between, with premium. I had to cancel and go back to regular spotify (which doesn't really make sense in my opinion). Back to downloading music I guess 😅",True,playback.stops_skips,cancellation,4,completed,playback
40e3c939-5a2f-45ee-b556-ac5c7d09f778,,,,,True,,,False,usability.ads,complaint,,,3,usability,True,0.0,0,"The premium subscription makes this a good app, but the free version is absolutely trash. One song bookended by 5 ads on each side? That's ridiculous.",True,usability.ads,complaint,3,completed,usability
1b2fffdf-8931-44d5-8915-f489bb3d1841,,,,,True,,,False,billing.premium_only_controls,complaint,,,3,billing,True,0.1,0,You guys made this app somehow worse like why are you making me buy stupid premium just to turn off shuffle like c'mon bruh people just want to listen to music in peace You made it more annoying as hell,True,billing.premium_only_controls,complaint,3,completed,billing
d58b2a72-3f87-4e1a-8a85-63616428c707,,,,,False,,,True,catalog.other,complaint,,,3,catalog,True,0.1,1,"If removing streams from acts who don't pay for playlisting is your definition for professional, then you are the most nonprofessional streaming service. Publishing fake data goes hurting the artists I love and follow. I wish your business will go bankrupt, because you are setting a model for corrup",False,other.general,complaint,2,completed,other
f7af605e-fad8-4711-8622-7e94572d0f98,,,,,True,,,False,other.general,praise,,,1,other,True,0.3,0,You help with my PTSD,True,other.general,praise,1,completed,other
6b62b0a4-53ac-412d-9bc2-32be647ffde0,,,,,True,,,False,billing.premium_only_controls,cancellation,,,3,billing,True,0.1,1,"The lastest update where you can't play a playlist in loop and it would always shuffle and playing songs in a queue feature has been made premium, this is frustrating and has been gravely disappointing(stars in minus). Had been using the app for 4 years now and everything was smooth. Using the basic",True,billing.premium_only_controls,cancellation,4,completed,billing
20f4443d-b59a-4521-a5bc-66378658d999,,,,,True,,,False,usability.layout_redesign,praise,,,1,usability,True,0.1,0,"All new visuals,good vol set,movement.great upgrade even outside",True,usability.layout_redesign,praise,1,completed,usability
3a29374f-7999-4df5-bf69-c8dc045fe1b7,,,,,True,,,False,usability.ads,complaint,,,2,usability,True,0.4,0,Ads and ads,True,usability.ads,complaint,2,completed,usability
2d80d53c-73cc-47b3-8d77-52d015209825,,,,,True,,,False,billing.price,complaint,,,2,billing,True,0.7,0,I love Spotify i can't take subscription am pooor 😅,True,billing.price,complaint,2,completed,billing
d1b36e4c-f421-4533-9f5d-8b99b55a39a7,,,,,False,,,True,playback.devices,complaint,,,3,playback,True,0.1,0,Wth did you remove the add to home screen button for playlists? It made driving and switching playlists seamless. This has got to be the most idiotic move you've ever made.,False,usability.controls_navigation,complaint,3,completed,usability
4a3aa1f1-aa64-4cad-a3c9-900a9e3036bd,,,,,False,,,True,usability.layout_redesign,complaint,,,2,usability,True,0.1,0,So bad...and also poor or new version update 😡😤,False,other.general,complaint,2,completed,other
2dac6e7d-86a0-47e7-b3f4-f1e38db1600d,,,,,True,,,False,downloads.offline_mode,complaint,,,3,downloads,True,0.1,0,Mostly great but sucks when device has poor Internet connection. Often require turning on aeroplane mode just to see my downloaded tracks..,True,downloads.offline_mode,complaint,3,completed,downloads
373f61c1-d8de-4cd6-a08b-1f0ce6eb3f34,,,,,True,,,False,usability.controls_navigation,complaint,,,3,usability,True,0.1,0,Its a great app dont get me wroung but what makes my give it 4 stars is the shuffle play button. If you can change it back from having to clicm the button and if you dont like the song that played you have yo play i different song in a different playlists then go back to do that again and again till,True,usability.controls_navigation,complaint,3,completed,usability
506a5dbe-c6e3-4eb9-8cea-766804ee410a,,,,,True,,,True,billing.premium_only_controls,cancellation,,,3,billing,False,0.0,0,"This app is good till you realize it's a paywall forcing you to either pay for the music you love or not listen to stuff you enjoy. You have limited skips for your music and frequent ads unless you pay for premium, if your looking for a good music app, Spotify is not the right choice.",True,billing.premium_only_controls,complaint,3,completed,billing
00aeddc6-48a2-4dae-9060-2ae78d3acaa8,,,,,True,,,False,playback.connection,complaint,,,3,playback,True,0.0,0,When I search any new song it will show no internet connection available Where i opened internet always fix this problem,True,playback.connection,complaint,3,completed,playback
0c33d866-d105-4644-8fe5-3c1efddf6ebb,,,,,True,,,False,playback.connection,complaint,,,3,playback,True,0.0,0,"Spotify is an easy app to use with good internet connection. If you're internet connection is bad, it sucks.🖕🏿🖕🏿🖕🏿🖕🏿🖕🏿🖕🏿🖕🏿🖕🏿🖕🏿🖕🏿🖕🏿🖕🏾🖕🏾🖕🏾🖕🏾🖕🏾🖕🏾🖕🏾🖕🏾🖕🏾🖕🏾🖕🏾🖕🏽🖕🏽🖕🏽🖕🏽🖕🏽🖕🏽🖕🏽🖕🏽🖕🏽🖕🏽🖕🏽🖕🏼🖕🏼🖕🏼🖕🏼🖕🏼🖕🏼🖕🏼🖕🏼🖕🏼🖕🏼🖕🏼🖕🏻🖕🏻🖕🏻🖕🏻🖕🏻🖕🏻🖕🏻🖕🏻🖕🏻🖕🏻🖕🏻🖕🖕🖕🖕🖕🖕🖕🖕🖕🖕🖕🖕🏿🖕🏿🖕🏿🖕🏿🖕🏿🖕🏿🖕🏿🖕🏿🖕🏿🖕🏿🖕🏿🖕🏿🖕🏿🖕🏿🖕🏿🖕🏿🖕🏿🖕🏿🖕🏿🖕🏿🖕🏿🖕🏿🖕🏿🖕🏿🖕🏿🖕🏿🖕🏿🖕🏿🖕🏿🖕🏿🖕🏿🖕🏿🖕🏿",True,playback.connection,complaint,3,completed,playback
d6dca611-29be-4782-80a4-24bfa742d1e1,,,,,True,,,False,billing.premium_only_controls,complaint,,,3,billing,True,0.0,0,"the old version was the best, kindly remove this new updated version which requires premium for basic features",True,billing.premium_only_controls,complaint,3,completed,billing
db83b91a-2099-4f69-b9ff-2e6b460d890f,,,,,True,,,False,other.general,praise,,,1,other,True,0.2,0,Smooth....,True,other.general,praise,1,completed,other
a753596f-e519-4305-9428-a85d7777dee4,,,,,True,,,False,playback.connection,complaint,,,4,playback,True,0.0,0,I Hate Spotify!? My Internet Is On And Your Damn App Won't Let Me Listen,True,playback.connection,complaint,4,completed,playback
add306b5-47fc-4c50-b420-e2d0fc58a5d4,,,,,True,,,False,other.general,unclear,,,1,other,True,0.5,0,Hjejhevdid Vu hdheve kg egieegssjrjjvxhx NC x oh send d. Xxxii b. Xxxii. Xxxii. Djjdjd. Xxxii xxxii xxxkfkforj hi bhf8g no fjrbrrjrjhrnjejjbveheueeu33uru3o33i3. Red did dude j ucc. Eieog i v,True,other.general,unclear,1,completed,other
53395936-7e82-45e1-a8f9-5414c79e3d30,,,,,True,,,False,other.general,praise,,,1,other,True,0.0,0,"Good app , better choices than Amazon music",True,other.general,praise,1,completed,other
146891d5-6912-49f1-a50b-1e843910414c,,,,,False,,,True,usability.layout_redesign,complaint,,,2,usability,True,0.1,0,Very bad app after the new update 🤮,False,other.general,complaint,2,completed,other
8654899c-c191-466a-afcb-7379bda9fe36,,,,,False,,,False,billing.premium_only_controls,cancellation,,,2,billing,True,0.1,1,"Worst way of asking for money, nice try but guess what f you and your business. Guys uninstall this app asap",True,billing.other,cancellation,3,completed,billing
b62dc79e-7269-4bb8-8cbe-137013dcd2e5,,,,,False,,,True,playback.audio_quality,complaint,,,2,playback,True,0.1,0,Still waiting on hi-fi streaming; what could possibly be the hold up? Unable to wring more money from your subscribers since Apple Music have it for No Cost?!,False,catalog.other,complaint,2,completed,catalog
e7ca53b5-3ef8-46ec-bfcb-af165da1a339,,,,,True,,,False,other.general,praise,,,1,other,True,0.4,0,Life saver for having seshed😂,True,other.general,praise,1,completed,other
1beccfc3-51ad-4e77-9691-e136ab3f2c61,,,,,True,,,False,billing.premium_only_controls,complaint,,,3,billing,True,0.1,0,"I am using this app from 2 yrs but now , for every small action we need to buy subscription",True,billing.premium_only_controls,complaint,3,completed,billing
1e370309-2522-4e27-b30e-83673c61767e,,,,,True,,,False,billing.premium_only_controls,complaint,,,3,billing,True,0.0,0,With only suffle it is very frustrating,True,billing.premium_only_controls,complaint,3,completed,billing
dfe36ab0-2306-407f-a941-5ae7f54b6c80,,,,,True,,,False,billing.premium_only_controls,complaint,,,3,billing,True,0.0,1,What is wrong with this Spotify music app? I tried to turn of shuffle mode but it's telling me to explore premium to turn off shuffle mode. I can't even select songs of my choice and i'm not able to forward or backward the music. Really disappointed. Please fix this soon.,True,billing.premium_only_controls,complaint,4,completed,billing
c0a614da-d1fb-436c-9cf4-97c995cd7f9c,,,,,True,,,False,usability.ads,complaint,,,2,usability,True,0.0,0,"I got best sound quality but it has so advertisement,",True,usability.ads,complaint,2,completed,usability
ec7045c9-56c4-4b9b-a351-a9cce4514ef3,,,,,True,,,False,other.general,praise,,,1,other,True,0.1,0,It is very nice.,True,other.general,praise,1,completed,other
d63ab538-41c3-454d-b3aa-c26f7ad2b1b3,,,,,False,,,True,catalog.recommendations,request,,,1,catalog,True,0.0,0,"For Spotify, I'd suggest a ""Music History Time Capsule"" feature. This feature would curate playlists or albums from the user's past listening history, allowing them to relive their musical journey. Users could choose a specific year, month, or even a custom date, and Spotify would create a playlist ",False,other.general,request,1,completed,other
f0cf7ff4-9679-4d0c-9b16-c5c03ec178c3,,,,,True,,,True,catalog.recommendations,complaint,,,2,catalog,False,0.2,1,I like approx 70 songs. If you add any more to my likes without me adding them. Then it will be BYE . So far its been great. Please don t guess and give your choices. Thank you,True,catalog.recommendations,request,1,completed,catalog
8d34c5bb-d933-4402-9328-62a228ba0e7b,,,,,True,,,False,billing.premium_only_controls,complaint,,,3,billing,True,0.0,1,I have been using Spotify since 2019 and it was pretty good then but now it has become worst due to premium subscription.You can't use basic features like which part of the song you want to play or add a song to your queue.,True,billing.premium_only_controls,complaint,4,completed,billing
c7e7ac3e-dbc9-4988-95ba-a4aaba5df53c,,,,,False,,,True,billing.premium_only_controls,complaint,,,3,billing,True,0.1,1,Last Update was useless because most of the options are disabled and It makes everyone hate this app and update too ....why like this,False,usability.layout_redesign,complaint,2,completed,usability
de2c9ec9-c228-49a6-96b0-6651770fc4f2,,,,,True,,,False,other.general,praise,,,1,other,True,0.0,0,It's to good...I like it. ...and I am happy with these app.... 🤩🥳,True,other.general,praise,1,completed,other
7ad069e4-be6e-442c-94b8-084626e973da,,,,,True,,,False,other.general,complaint,,,2,other,True,0.2,0,I hate this app🤬🤬😡,True,other.general,complaint,2,completed,other
2a2613ef-787e-4331-b2ba-e732d51ded12,,,,,True,,,False,downloads.offline_mode,praise,,,1,downloads,True,0.2,0,It's cool that when I'm offline I could still play my songs when I'm driving or doing thing around the house.,True,downloads.offline_mode,praise,1,completed,downloads
18c92d64-24f6-43e0-83c5-a621257e6fd7,,,,,True,,,False,catalog.recommendations,complaint,,,3,catalog,True,0.1,0,"Bring back smart shuffle, the shuffle feature is awful. I have over 1000 songs in my playlist, songs shouldn't be repeating this often.",True,catalog.recommendations,complaint,3,completed,catalog
d7339f8e-19dc-453b-8454-40c3149cfe75,,,,,False,,,True,catalog.search_discovery,complaint,,,3,catalog,True,0.0,1,"The app seemed great at first and I was about to pay for the premium service. Then something changed. Now whenever I search for a song and try to play it. It plays a completely different song by the same artist. I'd like to pay for premium, but not if I can't hear the songs I specifically searched f",False,playback.stops_skips,complaint,4,completed,playback
1d21050b-5b97-416c-aecb-4389ef9f6f1c,,,,,True,,,False,usability.ads,complaint,,,2,usability,True,0.1,0,This is a good app but there are too much ads when u lisining songs,True,usability.ads,complaint,2,completed,usability
62ce1198-2ae4-4315-93fc-264e83426b26,,,,,True,,,False,other.general,praise,,,1,other,True,0.2,0,Great songs and on point as always,True,other.general,praise,1,completed,other
5a991195-431a-4082-9e54-ee1f5a65c9bb,,,,,False,,,True,playback.crashes_freezes,complaint,,,3,playback,True,0.2,0,stays blank after u open the app after a while again.,False,access.app_wont_open,complaint,3,completed,access
80a6c363-17dd-4895-b462-35d1d0adc5e8,,,,,True,,,False,other.general,complaint,,,2,other,True,0.1,0,I hate Spotify 🤬🤬🤬🤬🤬,True,other.general,complaint,2,completed,other
c470efbd-b92f-4bc5-8170-6acd0b960dfb,,,,,True,,,False,other.general,unclear,,,1,other,True,0.5,0,Tanginang yan,True,other.general,unclear,1,completed,other
87933bfe-3c9b-4d87-8d04-978e5578ba02,,,,,True,,,False,other.general,unclear,,,1,other,True,0.0,0,R ate33tached 538-4499 6 wetw with 4th 37wz6tr62u,True,other.general,unclear,1,completed,other
82cfe01d-5dd3-4ce5-907e-65a862a9c0eb,,,,,True,,,False,catalog.lyrics,complaint,,,3,catalog,True,0.9,1,Songs Quality is amazing but some time lyrics are wrong so improve lyrics,True,catalog.lyrics,complaint,2,completed,catalog
cb87b12c-83d1-4cdc-b669-c8b2a639bd30,,,,,True,,,False,other.general,unclear,,,1,other,True,0.0,0,Exc,True,other.general,unclear,1,completed,other
ddfcc986-ed70-48ba-93b3-b5238b766163,,,,,True,,,False,other.general,praise,,,1,other,True,0.1,0,"Had free for a while but then decided to subscribe and use every day absolutely love, all the music I want and more, easy to use. Every music addict needs spotofy",True,other.general,praise,1,completed,other
c4fdb826-2ae7-48ad-a3f2-401d2d3f210c,,,,,True,,,False,billing.premium_only_controls,complaint,,,3,billing,True,0.0,0,"I'm having the worst experience. The new update doesn't let me repeat a song, I can't play a specific part of my choice, I can't listen to a song properly. It's very irritating when I have to listen to a song twice and I can't without Spotify premium.",True,billing.premium_only_controls,complaint,3,completed,billing
dd00a5cb-2ae2-4ef8-be16-13e12e55a625,,,,,True,,,False,other.general,unclear,,,1,other,True,0.3,0,Palestain jida baad ❤️,True,other.general,unclear,1,completed,other
4b87dd3a-2352-4a59-b0f4-bdc04e38a9c5,,,,,False,,,True,playback.devices,request,,,1,playback,True,0.1,0,Add some material you stylist widget for a12.overall ui is good,False,usability.layout_redesign,request,1,completed,usability
2379b751-8303-4731-867a-58bfe5885acf,,,,,True,,,False,other.general,praise,,,1,other,True,0.2,0,Music is so wonderful that I feel like I am in it,True,other.general,praise,1,completed,other
6e500e07-1f53-4027-bfa0-da1523d49868,,,,,True,,,False,other.general,unclear,,,1,other,True,0.5,0,Irrespecting the Islam....,True,other.general,unclear,1,completed,other
901a0a5a-f95b-4eb5-8da7-c01bcf0054a6,,,,,True,,,False,billing.premium_only_controls,complaint,,,3,billing,True,0.0,1,"I cannot remove the songs from shuffle mode. Cannot replay the song after a new song is played , cannot forward the song and cannot see which song is gonna play next because We Need ""Spotify premium"" it's so frustrating the way Spotify begs for us to take up premium littrelly after every song an adv",True,billing.premium_only_controls,complaint,4,completed,billing
96b2bd73-9cdb-4988-851f-790cc741d0f0,,,,,True,,,False,other.general,praise,,,1,other,True,0.2,0,This is app really nice 🌚💗,True,other.general,praise,1,completed,other
b025725f-e904-44f2-8c97-6ba4d7172f06,,,,,True,,,False,other.general,unclear,,,1,other,True,0.0,0,Kvbo TT F Rrr,True,other.general,unclear,1,completed,other
91777db4-6a83-4719-8811-39a731511aba,,,,,True,,,False,playback.stops_skips,complaint,,,4,playback,True,0.1,0,"Is this the only place to report a bug? My Playlist work fine, but whenever i search for a new song, it wont play the song. Visiting an artist's profile and playing their top song does nothing. It wont play. Im on an s22 ultra",True,playback.stops_skips,complaint,4,completed,playback
16661924-5f4c-40f6-adf7-b88343b79684,,,,,False,,,True,playback.devices,praise,,,1,playback,True,0.1,0,My Alexa apps get music from Spotify ... Love it ...,False,other.general,praise,1,completed,other
ed8a9a80-8a57-4df8-8ddd-d2769846424a,,,,,True,,,False,billing.premium_only_controls,complaint,,,3,billing,True,0.0,0,"Shuffle? Nahh, I want to listen to a specific song but I guess not. I'm never paying for premium and never gonna do the free trial bc it's gonna charge me when I don't want it to and keep my credit card info",True,billing.premium_only_controls,complaint,3,completed,billing
436c1e9a-e355-4c7d-b755-79d758310267,,,,,True,,,False,other.general,praise,,,1,other,True,0.0,0,Best💝,True,other.general,praise,1,completed,other
0fd40bf4-b922-44a2-8db6-cc05b0a59869,,,,,True,,,False,catalog.recommendations,complaint,,,3,catalog,True,0.1,0,"I'm a long time Spotify user but the poor implementation of radio is starting to grate me. Whenever you finish your album or playlist or whatever you get sent back to the same 4-5 songs that Spotify has decided to promote to you right now. Pretty sure this is all for very commercial reasons but, com",True,catalog.recommendations,complaint,3,completed,catalog
c1a8fb64-5846-471d-b190-17458752a76e,,,,,False,,,True,other.general,cancellation,,,2,other,False,0.0,0,Just use YouTube this app sucks how did it even go to 1billion downloads those 1billion downloads hated this this app sucks it's too restricted,False,usability.other,complaint,2,completed,usability
fbf715cd-c1a8-4084-93f3-b20906e875ab,,,,,True,,,False,other.general,praise,,,1,other,True,0.0,0,Wonderful app I used it alot still do work nicely and has had few to none bugs,True,other.general,praise,1,completed,other
0442dea6-00d1-40e7-9645-8b7d159b5422,,,,,True,,,False,usability.ads,complaint,,,3,usability,True,0.1,1,"Adds suck, i hear more add than music",True,usability.ads,complaint,2,completed,usability
ea1e9537-be96-44ed-97ed-5968b5985d88,,,,,True,,,False,other.general,praise,,,1,other,True,0.2,0,Best than ym...,True,other.general,praise,1,completed,other
8d4a65c3-8276-40ac-9db8-eb0ca5b0b999,,,,,True,,,False,usability.ads,complaint,,,2,usability,True,0.2,0,"quality is good , but after my first song there's always an add",True,usability.ads,complaint,2,completed,usability
143e27b2-eb25-4762-bd9a-c91524e8f324,,,,,True,,,False,access.login,complaint,,,4,access,True,0.0,0,"Used to use this app all the time now I can't even search a song, tried to uninstall and install it again and it won't even let me log in through FB anymore. Really needs to be fixed",True,access.login,complaint,4,completed,access
1f932187-6cdc-4b9c-aafe-38680e6b7a08,,,,,True,,,False,playback.stops_skips,complaint,,,4,playback,True,0.0,0,Having problems. It will play one song after messing with it for awhile then it's done. I can't even get it to play on just my phone. Please fix this!!,True,playback.stops_skips,complaint,4,completed,playback
f48ae3f5-7955-4c81-bd7f-250949a96ce0,,,,,True,,,False,catalog.search_discovery,praise,,,1,catalog,True,0.0,0,"Love the easiness of finding what I want when I want it. Whether it's classic rock or modern jazz, Spotify has it all",True,catalog.search_discovery,praise,1,completed,catalog
53d7f40e-a407-4162-9d56-e97fc8d24a39,,,,,True,,,False,usability.controls_navigation,cancellation,,,3,usability,True,0.1,1,I originally had zero issues with the app. until the most recent updates. they have removed so many features to the point that the app is basically unusable and added stuff that makes it even harder to use. im uninstalling this app because its honestly useless now.,True,usability.controls_navigation,cancellation,4,completed,usability
7a8c6da9-74ec-4512-810c-42fc2fee764a,,,,,True,,,False,usability.ads,complaint,,,3,usability,True,0.1,0,Just to many ads for 1 song it takes 2 ads and to switch on another song it takes 2 30 seconds ads,True,usability.ads,complaint,3,completed,usability
42154c6f-cc87-4d2a-9d6f-ace7ec6b3db8,,,,,True,,,False,other.general,cancellation,,,1,other,True,0.1,0,I just uninstall this application,True,other.general,cancellation,1,completed,other
05629ca0-25cc-4c73-ab87-6db5d8e6b45d,,,,,True,,,False,usability.layout_redesign,request,,,2,usability,True,0.0,1,"Hey, a suggestion. How about instead of changing the mobile UI every week just add 4 UI options in the setting menu and let the people choose which one is most useful to them because it gets annoying to look for the shuffle button every other week because it keeps changing places",True,usability.layout_redesign,request,1,completed,usability
fb9a312a-dde7-46c5-a803-badc3b7e06a1,,,,,True,,,False,access.login,cancellation,,,4,access,True,0.0,0,"Not good app. Horrible ads in between songs, so irritating. Desperately trying to force people into Spotify premium. Doesn't work properly. I couldn't login. Tried everything. Cleared cache, reinstalled even reset my phone. Even Spotify lite is causing same problem. Finally now I deleted it and swit",True,access.login,cancellation,4,completed,access
3a34c54f-0935-42a2-99e3-30abb6e67712,,,,,True,,,False,other.general,praise,,,1,other,True,0.1,0,Enjoying the app and the different songs available on it.,True,other.general,praise,1,completed,other
b739d94d-411e-4bc2-bc7d-cf195d5c52f6,,,,,True,,,False,other.general,complaint,,,2,other,True,0.1,0,Very dirty app not a helpful 😡😡😡😡,True,other.general,complaint,2,completed,other
06ac11ec-8c7a-452d-9cbf-4dc1a00be969,,,,,True,,,False,usability.library_queue,request,,,1,usability,True,0.3,0,Hi. I would love it if the developers can make the app so that a user can add a song to multiple playlists at the same time,True,usability.library_queue,request,1,completed,usability
a757a469-b390-4084-8080-ac0184a8fca7,,,,,True,,,False,other.general,unclear,,,1,other,True,0.0,0,INDRAJIT the same time for a bit of the most popular and of the year to March and,True,other.general,unclear,1,completed,other
877b8f7a-46ce-4983-880a-06b667353375,,,,,True,,,False,usability.layout_redesign,cancellation,,,2,usability,True,0.1,0,your update is not good..it sucks me im gonna uninstall Spotify,True,usability.layout_redesign,cancellation,2,completed,usability
d5bf6631-195b-4952-8b56-b692cc6bf6a6,,,,,True,,,True,billing.subscription_management,cancellation,,,3,billing,False,0.1,0,"With every update of this app, over the last few years, the navigation through my playlists and recommended music is becoming less and less intuitive. The algorithm that was supposed to propose to me new music that I might like, is also getting worse. Previous home screen changes has been quickly re",True,billing.subscription_management,complaint,3,completed,billing
597f4f6a-e0b5-4861-b39b-2af03aa51c23,,,,,True,,,False,other.general,praise,,,1,other,True,0.0,0,Great really enjoyed,True,other.general,praise,1,completed,other
196d739e-0872-439a-a787-08e180c50e17,,,,,True,,,False,billing.premium_only_controls,complaint,,,3,billing,True,0.0,0,You only have 6 skips per 1 hour and if you want unlimited you need to pay 20$ a month,True,billing.premium_only_controls,complaint,3,completed,billing
2516a5a8-e8e1-42a4-b97c-3c08d8e8754d,,,,,True,,,False,other.general,unclear,,,1,other,True,0.0,0,Oo,True,other.general,unclear,1,completed,other
581822a6-7111-491d-95ca-ea1550f302cf,,,,,True,,,False,other.general,praise,,,1,other,True,0.0,0,SO nice very good,True,other.general,praise,1,completed,other
c4d031f0-fd29-4cd2-af53-aef3b6125c27,,,,,False,,,True,playback.audio_quality,praise,,,1,playback,False,0.3,0,"Music on this and soon is so clear is my life, you soon don't let me go on YouTube no more",False,other.general,unclear,1,completed,other
42a62033-e133-4406-9c2c-7367bda491cb,,,,,False,,,True,usability.layout_redesign,complaint,,,2,usability,True,0.0,0,Bekar update not even worth using,False,other.general,complaint,2,completed,other
6370aafd-3d43-4cfb-b54e-c78634e57bb2,,,,,True,,,False,other.general,praise,,,1,other,True,0.0,0,I love Spotify. Apple music is trash,True,other.general,praise,1,completed,other
5845d7b0-7df9-4f13-be44-34acd58f13e5,,,,,True,,,False,usability.ads,complaint,,,2,usability,True,0.1,0,worst app and over ads,True,usability.ads,complaint,2,completed,usability
ea26604b-c292-43ff-a1f4-371865bbb598,,,,,False,,,False,playback.audio_quality,praise,,,1,playback,True,0.1,0,BANJO LOVE ❤️ MY BOSE EARBUDS LOVE LIVE IT THAT YOU FEEL LIKE YOU R AT A CONCERT BANJO,True,playback.devices,praise,1,completed,playback
24435fd6-6f7b-4737-b7ec-b3e8b409a372,,,,,True,,,False,usability.controls_navigation,request,,,1,usability,True,0.2,0,There is no limits for best...Add *KANNADA* Language in Timeline view for easy access Thank you and love you .,True,usability.controls_navigation,request,1,completed,usability
b2837c56-fcd4-452a-8fef-180ae4b73bfd,,,,,True,,,False,playback.devices,complaint,,,4,playback,True,0.1,1,"Constant stream of updates break the application more and more. Today's update rendering it unusable. Update: no better. Cosmetic improvements and pointless changes to the UI are frequent, but the fundamentals of the app's connectivity to other devices is a frustrating joke.",True,playback.devices,complaint,3,completed,playback
b01e5f20-417e-4123-9caa-d66fc84fd76e,,,,,True,,,False,billing.premium_only_controls,cancellation,,,3,billing,True,0.1,1,"This 𝙬𝙖𝙨 the best music app. But the last update was crazy. It removed all the features every basic features. Playback button, shuffle button, Queue and etc are now a premium feature. I have already uninstalled this app.",True,billing.premium_only_controls,cancellation,4,completed,billing
2c8d518d-594b-4cd5-87d1-9ed273dcdb94,,,,,False,,,True,usability.layout_redesign,complaint,,,2,usability,True,0.1,0,New update is very very bad,False,other.general,complaint,2,completed,other
493a8d78-6275-4ed2-8e8b-ca7c2182ffd9,,,,,True,,,False,other.general,cancellation,,,2,other,True,0.1,1,Sucessfully uninstalled.....,True,other.general,cancellation,1,completed,other
caa791a4-587e-4408-b5b5-9db10e869bff,,,,,True,,,False,playback.stops_skips,complaint,,,4,playback,True,0.0,1,Doesn't play the songs in my play list,True,playback.stops_skips,complaint,3,completed,playback
7610da12-3cdd-41a6-bdc6-b49b2c2895fe,,,,,True,,,False,other.general,unclear,,,1,other,True,0.0,0,Gang gang cuh,True,other.general,unclear,1,completed,other
766854c0-ae1c-49ef-9e61-fd405ab6a8d8,,,,,False,,,False,playback.devices,complaint,,,3,playback,True,0.1,0,Fix the app. It keeps stopping and won't show on the notification bar.,True,playback.stops_skips,complaint,3,completed,playback
eb254324-073b-43cf-a272-ed1f44626ded,,,,,False,,,True,other.general,complaint,,,2,other,True,0.0,0,It doesn't work properly sometimes,False,playback.other,complaint,2,completed,playback
af484e82-55fb-4efd-84f5-06b0d6b49790,,,,,True,,,True,catalog.lyrics,complaint,,,3,catalog,False,0.2,1,there are many songs that cannot contain lyrics. please fix it,True,catalog.lyrics,request,2,completed,catalog
037b74cc-b318-4996-8735-8c20b1d9f63d,,,,,True,,,False,playback.connection,complaint,,,4,playback,True,0.0,0,When I am connected to wifi it says no network connection. How can I use it then? Please solve the query.,True,playback.connection,complaint,4,completed,playback
4cb34510-9433-4299-a0f2-8f17c8b529b3,,,,,True,,,False,playback.audio_quality,praise,,,1,playback,True,0.0,0,Clarity on songs and music is excellent.,True,playback.audio_quality,praise,1,completed,playback
e038cc2e-417f-4ff2-84f0-7feee71bf15f,,,,,True,,,False,playback.crashes_freezes,complaint,,,4,playback,True,0.1,0,It was good at start but now when I play any song the app closes by itself. I tried a lot of things but nothing works.,True,playback.crashes_freezes,complaint,4,completed,playback
20340bbe-b3c2-4eef-b68c-a3db991c0f0e,,,,,True,,,False,usability.other,complaint,,,2,usability,True,0.0,0,Still a horrible user unfriendy app,True,usability.other,complaint,2,completed,usability
9d677738-bbf0-4d96-90b6-72903f67b144,,,,,True,,,True,other.general,complaint,,,2,other,False,0.3,1,Very bsd song,True,other.general,unclear,1,completed,other
8471f0da-ccf7-483c-9933-6c36c647b1f8,,,,,True,,,False,usability.ads,complaint,,,2,usability,True,0.1,0,I hate how there is always ads 😒 but other wise Allgood,True,usability.ads,complaint,2,completed,usability
568f04c8-ea37-4449-afef-38e7f580a694,,,,,False,,,True,usability.controls_navigation,request,,,1,usability,False,0.0,0,Best music app ever Best mood changer Plz give music listening search features,False,other.general,praise,1,completed,other
dc7c4224-a76c-4dc0-a3c8-783ac058789b,,,,,True,,,False,other.general,unclear,,,1,other,True,0.3,0,good karipunat,True,other.general,unclear,1,completed,other
a349c408-d9b7-4e4b-9617-d6216a201b30,,,,,True,,,False,access.app_wont_open,complaint,,,4,access,True,0.0,0,I have used this app for some time but now it refuses to open and I cannot listen to music whenever I tap the app it just opens the app then brings up the loading screen again pls fix this it is very upsetting because if I didn't have this bug this app would be perfect,True,access.app_wont_open,complaint,4,completed,access
554a3eb4-20fb-408d-9500-dc62966369eb,,,,,True,,,False,usability.library_queue,complaint,,,3,usability,True,0.1,0,"No doubt,it was a great app but for the past few weeks I'm facing problem as when I tap on my liked song playlist it was totally blank but the songs are saved in it . I thought uninstalling and reinstalling the app would do good, but unfortunately it didn't work. I really don't want to stop using it",True,usability.library_queue,complaint,3,completed,usability
fa9057fb-df4a-4232-882c-aa31ce3115c8,,,,,False,,,True,billing.premium_only_controls,complaint,,,3,billing,True,0.0,0,Why if i used song i want but he give me another Song,False,playback.stops_skips,complaint,3,completed,playback
bf9ecbf9-2d0f-4761-9478-01da230dbe68,,,,,True,,,False,billing.premium_only_controls,complaint,,,3,billing,True,0.1,1,The app is broken. It plays suggested songs when I want to listen to my favorite songs. And the six skips plus the ads. They are forcing you to get premium and sometimes that does not even work.,True,billing.premium_only_controls,complaint,4,completed,billing
ea39e0d9-7c90-4a15-90ce-1945d8784770,,,,,True,,,False,usability.ads,complaint,,,2,usability,True,0.0,1,"This app sucks and there's too many ads, they also are trying to be a video/other stuff platform, just stick to music you bonobos",True,usability.ads,complaint,3,completed,usability
8d3d9e5e-ce60-40e2-bfba-09925c749885,,,,,False,,,True,billing.premium_only_controls,complaint,,,3,billing,True,0.1,0,I use this app a lot but there're a lot of problems like the lyrics don't load+a lot of ads+I can't skip a part from the song+I can't back a song if I skipped it with wrong/ I hope it be better I was gonna give it 5 stars...,False,usability.ads,complaint,3,completed,usability
7bb70f1f-4718-479d-b40f-dde867f948c9,,,,,True,,,False,catalog.lyrics,complaint,,,3,catalog,True,0.0,0,I'm not able to read lyrics they written as couldn't load the lyrics in everysong,True,catalog.lyrics,complaint,3,completed,catalog
71823609-87b1-4b19-94b6-514887166638,,,,,False,,,False,billing.premium_only_controls,complaint,,,3,billing,True,0.1,1,Spotify you heard millions once upen a time. Bro you were a therapy but now too much premium you are breaking lots of heart just to earn.,True,billing.price,complaint,2,completed,billing
5c2c98e3-9294-411e-bd05-f1773a6e868e,,,,,False,,,True,usability.controls_navigation,praise,,,1,usability,True,0.2,0,Easy and convenient,False,other.general,praise,1,completed,other
84c89d40-d58f-4bbd-818b-a920a4887a19,,,,,True,,,False,catalog.missing_content,complaint,,,3,catalog,True,0.2,0,Just my artist are not showing,True,catalog.missing_content,complaint,3,completed,catalog
19a57e90-fab1-4832-8546-7c269129ae4a,,,,,True,,,False,access.login,complaint,,,4,access,True,0.1,0,Can't log in. This app blows,True,access.login,complaint,4,completed,access
f3727e9c-4d21-4c7f-9068-7a53da498ada,,,,,True,,,False,other.general,praise,,,1,other,True,0.2,0,Nice song on Spotify,True,other.general,praise,1,completed,other
1c9458f4-889d-43de-b954-fc88e2e5fd26,,,,,False,,,True,usability.controls_navigation,request,,,1,usability,True,0.2,0,There are all songs and that is best app . Can this app have special function for ringtone settone and to see video of song 😊🤣💯😂🎁 seriously,False,other.general,request,1,completed,other
fadd088c-9c64-452e-b47c-87c6645a56d2,,,,,False,,,False,playback.crashes_freezes,complaint,,,3,playback,True,0.0,0,Good apart from. App keeps stopping or not working as should ie option to start stop pause etc disappears from. Time to time,True,playback.stops_skips,complaint,3,completed,playback
7f532889-03fe-43df-a24c-2efaf92fc304,,,,,True,,,False,other.general,praise,,,1,other,True,0.1,0,🥰😍🥰🥰😍😍the spotify app. it refresh my mind,True,other.general,praise,1,completed,other
77e5a37f-d593-4c78-8073-6e5f4024f605,,,,,True,,,False,billing.premium_only_controls,cancellation,,,3,billing,True,0.2,1,"Before, Spotify was an amazing app that i could use anytime, but now, i cant even choose what songs to play. For anyone new getting spotify, Just Get Youtube Preimium Instead.",True,billing.premium_only_controls,cancellation,4,completed,billing
50acafcd-d286-4d52-9b4f-889ae2b2a60d,,,,,True,,,False,usability.library_queue,request,,,1,usability,True,0.1,0,"The app is really nice. Although, just a suggestion : if adding songs(not just the recently liked songs but all the songs) is made easier, it'd be a better experience.",True,usability.library_queue,request,1,completed,usability
22560fe7-620e-4bca-8778-b4584fcbda8f,,,,,True,,,False,other.general,complaint,,,2,other,True,0.05,0,Hate This Application 🤙🖕👎,True,other.general,complaint,2,completed,other
7dbf64b3-81ec-4468-ae62-5030d228c4c1,,,,,False,,,True,usability.layout_redesign,complaint,,,2,usability,True,0.0,0,I would give 0 stars if there was an option. Disappointed by the last update.💀,False,other.general,complaint,2,completed,other
e6b7dfee-8c97-4584-b7e4-eb446e0c563e,,,,,True,,,False,other.general,praise,,,1,other,True,0.05,0,"Very clean and easy to use app. Every time I look for a song, I am certain to find it on Spotify. All song are high quality and I recommend it to others.",True,other.general,praise,1,completed,other
178d8327-928f-49fe-89a1-97356d32c638,,,,,False,,,True,playback.audio_quality,praise,,,1,playback,True,0.0,0,The best music sounds ever😎🎧,False,other.general,praise,1,completed,other
113e8f64-b8af-4013-a80f-629f56272dee,,,,,True,,,False,other.general,praise,,,1,other,True,0.2,0,Been following for more than 10 years,True,other.general,praise,1,completed,other
1a1ac3d1-4a52-414d-964a-13b75a6ffdb1,,,,,True,,,False,billing.premium_only_controls,complaint,,,3,billing,True,0.1,0,It's really got but you can't skip if you don't have premium,True,billing.premium_only_controls,complaint,3,completed,billing
62a933d8-e445-42e1-acaa-8ba79088886e,,,,,True,,,False,billing.premium_only_controls,cancellation,,,3,billing,True,0.05,1,"I can't even listen to my playlists without ""premium"", and forget about trying new songs that you want to try as it only plays ""stations"", that don't even include the song that was asked for. Worthless waste of space and uninstalled, I'm going over to Amazon's.",True,billing.premium_only_controls,cancellation,4,completed,billing
49f4c2ac-806e-464f-9c3e-9959aa3db507,,,,,True,,,False,other.general,praise,,,1,other,True,0.05,0,This is the best music app I ever use and have the best quality songs for every mood with all the artists and have many more to listen and watch. Just keep it Spotify 👍😊.,True,other.general,praise,1,completed,other
17b2ef49-39e3-43d5-a042-e14ee1962b15,,,,,True,,,False,other.general,complaint,,,2,other,True,0.1,0,The Spotify I used to know died.,True,other.general,complaint,2,completed,other
2443d9b4-9ad3-4f97-a48c-d6ea83577dc4,,,,,True,,,False,usability.ads,complaint,,,2,usability,True,0.0,1,I am disappointed for latest update And Too Many Ads and Annoying Limitations in the Free Plan,True,usability.ads,complaint,3,completed,usability
991a34b7-17d4-4943-8895-2ecc31143b76,,,,,True,,,False,other.general,unclear,,,1,other,True,0.0,0,Lắm pc,True,other.general,unclear,1,completed,other
28442d33-ad70-4a20-8e55-5cdba902aca3,,,,,True,,,True,other.general,praise,,,1,other,False,0.7,0,I ever seen a app A quality of music library,True,other.general,unclear,1,completed,other
358b04ea-1d57-4752-b807-5ed7caba0bd8,,,,,True,,,False,billing.premium_only_controls,complaint,,,3,billing,True,0.0,0,"I don't like the Spotify because they made everything premium, once Spotify was my favourite music app.... Now I don't have any words.",True,billing.premium_only_controls,complaint,3,completed,billing
ec9157b1-d07a-4558-879d-41393bcd7dab,,,,,False,,,True,downloads.other,complaint,,,3,downloads,False,0.0,2,I WISH I COULD DOWNLOAD MUSIC WITH NO PREMIUM ACCOUNT 😒,False,billing.premium_only_controls,request,1,completed,billing
5d630399-56e8-4100-8e79-65d3ff859398,,,,,True,,,True,other.general,cancellation,,,2,other,False,0.2,0,Thanks for nothing! Can someone suggest me alternatives? Please!!!,True,other.general,complaint,2,completed,other
a2ca5011-67e2-425e-8be3-89ee0bcc70f1,,,,,False,,,True,usability.layout_redesign,complaint,,,2,usability,True,0.1,0,After update its suck,False,other.general,complaint,2,completed,other
6dc8f34f-6bd0-4bbb-aa5e-9e803480c9b8,,,,,True,,,False,other.general,praise,,,1,other,True,0.0,0,Forget youtubek..YouTube. Spotify is better!,True,other.general,praise,1,completed,other
dac9c266-b12a-499a-9e80-8cdbd7f2585b,,,,,True,,,False,other.general,unclear,,,1,other,True,0.0,0,Don't burn the Qoran,True,other.general,unclear,1,completed,other
480b40ea-1cd2-4341-9601-4e4814805e85,,,,,True,,,False,other.general,praise,,,1,other,True,0.0,0,"Best app I ever used on a phone, definitely worth the money",True,other.general,praise,1,completed,other
cf3bbb89-d996-4ce7-b918-3e6d98e22136,,,,,True,,,False,other.general,praise,,,1,other,True,0.1,0,All the music at my hand!!!,True,other.general,praise,1,completed,other
6b26285a-596b-4b2e-9928-88f2ad5f8fea,,,,,True,,,False,other.general,unclear,,,1,other,True,0.0,0,mandatory love is required. like an unwanted bastard anklet bytor,True,other.general,unclear,1,completed,other
be696af0-c5cb-4a3d-bcdf-5ef2f2fc1563,,,,,True,,,False,other.general,unclear,,,1,other,True,0.5,0,अगर सच्चे मुसलमान हो तो अभी इस को डिलीट करो और इसकी रेटिंग जीरो करो जीरो स्टार्ट करो,True,other.general,unclear,1,completed,other
0fba6fd0-e034-4aed-af43-c0732454c138,,,,,False,,,False,downloads.fail_disappear,cancellation,,,3,downloads,True,0.1,1,"I am seriously considering cancelling my premium. Nothing is working correctly, whenever I reboot my phone, all of my downloaded offline songs are deleted, and I am signed out of my account. This issue has been plaguing users for years and it seems nothing has been done about it, this a horrible bus",True,downloads.offline_mode,cancellation,4,completed,downloads
1963652d-e3a1-45af-9bb4-c4614202d952,,,,,True,,,False,other.general,praise,,,1,other,True,0.2,0,Thank you very well,True,other.general,praise,1,completed,other
bb2887ec-de3c-48c4-a6f1-b2590eee06e8,,,,,True,,,False,billing.premium_only_controls,complaint,,,2,billing,True,0.1,0,"Its good for music, but terrible for people who doesn't wanna buy spotify premium",True,billing.premium_only_controls,complaint,2,completed,billing
594da4b3-3016-4cbc-87be-590a8933ab5d,,,,,False,,,True,other.general,request,,,1,other,False,0.0,1,"Very bad apps don,t install this bulger app",False,access.app_wont_open,complaint,2,completed,access
63cb6a9a-728f-4380-8b0d-eef10f011da2,,,,,True,,,False,usability.layout_redesign,complaint,,,2,usability,True,0.1,0,Last update is horrible! Who wants reels in a music App?,True,usability.layout_redesign,complaint,2,completed,usability
c7b4a64a-0539-4310-a5ec-595169691de3,,,,,False,,,True,playback.audio_quality,praise,,,1,playback,True,0.0,0,"Good collection of music, superb sound quality.",False,other.general,praise,1,completed,other
e8fe0a10-d29c-482c-8620-6e2dd451513d,,,,,True,,,False,other.general,praise,,,1,other,True,0.1,0,It's Gooooood :D,True,other.general,praise,1,completed,other
54ba5d96-0a01-4f5e-bfce-59f724affa3b,,,,,True,,,False,other.general,praise,,,1,other,True,0.05,0,10000000% best app I've had it since it came out,True,other.general,praise,1,completed,other
58c96136-feb8-413d-82e7-21da057e99b9,,,,,True,,,False,other.general,praise,,,1,other,True,0.1,0,This is free so I gave 5 star 🌟 🙏❤️‍🩹,True,other.general,praise,1,completed,other
8283d8d3-b638-4754-b987-1a2f937a1315,,,,,True,,,False,other.general,praise,,,1,other,True,0.1,0,Love the app Becoz all the music I want his here.,True,other.general,praise,1,completed,other
bdcf6a92-5dd9-467c-8e11-15f828409055,,,,,True,,,False,other.general,praise,,,1,other,True,0.15,0,i love it sm 😻 (from a premium user hehehe😹😹),True,other.general,praise,1,completed,other
32a15d8f-4705-46f4-9718-63695f7fc740,,,,,False,,,True,playback.stops_skips,complaint,,,3,playback,True,0.05,1,"Auto play, annoying! Toggled everything to off for playback and it still turns on , on its own, its so annoying!!!! And Why does spotify replays songs that I placed MINUS for??? Pandora does much better job in sorting music you dont like, spotify gets 0 stars YOUR AUTO-PLAY IN A CAR DRIVES ME CRAZY ",False,catalog.recommendations,complaint,4,completed,catalog
2429cf7d-9e67-4cea-bb44-012969f217ce,,,,,True,,,False,usability.ads,complaint,,,2,usability,True,0.1,0,Too many adds,True,usability.ads,complaint,2,completed,usability
3a4da42b-18a4-4374-8491-b803c1f58580,,,,,True,,,False,usability.ads,complaint,,,2,usability,True,0.15,0,"Ads's is always time ,but do no't like this app ani time ani we're add veri bad app",True,usability.ads,complaint,2,completed,usability
543c5bc9-c0be-4fe7-8ca4-8ccfe4628b19,,,,,True,,,False,other.general,unclear,,,1,other,True,0.0,0,11 & Always Strong,True,other.general,unclear,1,completed,other
9e18975c-b683-426d-8915-27af03688da2,,,,,True,,,True,other.general,unclear,,,1,other,False,0.4,0,Like this...,True,other.general,praise,1,completed,other
24c05f14-5de4-468b-a439-5fd6d7ded2fc,,,,,True,,,False,usability.ads,request,,,2,usability,True,0.3,1,"Just don't give much adds,hv some more dynamic options for adding songs in queue.",True,usability.ads,request,1,completed,usability
de3dd37a-453c-4b7d-a64b-b927c9dd5985,,,,,True,,,False,other.general,praise,,,1,other,True,0.2,0,Cool 4 cats,True,other.general,praise,1,completed,other
2e7330e7-b9c7-4eaa-ab15-4c9ce592fb8e,,,,,False,,,False,playback.other,complaint,,,3,playback,True,0.0,0,"Spotify is a really nice app, I can't even deny but I have 1 major problem with the app. I am constantly denied access to background music, the app must still be active to provide service. I respect all the effort you have put in it, I love it actually that's why I am laying my complain",True,playback.resource_use,complaint,3,completed,playback
d4b64706-f0b9-420d-a0cd-f946a70a4e4b,,,,,True,,,False,other.general,praise,,,1,other,True,0.1,0,y'all I missed one of the lessons and Duolingo CAME TO MY HOUSE!!!!!!!!!!! It was so scary I peed and pooped my pants..................... (no but actually a pretty good app.),True,other.general,praise,1,completed,other
2a6d1cdc-037f-42dd-8c29-9dc6ae9298b9,,,,,True,,,True,usability.ads,complaint,,,2,usability,False,0.6,1,Besides the 2 adds per few songs. That's really it and the app is good.,True,usability.ads,praise,1,completed,usability
20e52bad-f605-4cce-aa17-febb57c3559c,,,,,True,,,True,usability.ads,cancellation,,,2,usability,False,0.05,1,Very vad Only for ads. Don't download it. Another app is very good.,True,usability.ads,complaint,3,completed,usability
231290a9-2fd4-4768-937b-087423df91d6,,,,,False,,,False,usability.library_queue,cancellation,,,3,usability,True,0.0,0,Was best app . With removed features. Uninstalled the app.,True,usability.layout_redesign,cancellation,3,completed,usability
401f34d5-f171-4814-aacb-cfa63734162a,,,,,True,,,False,other.general,complaint,,,2,other,True,0.05,0,Bad very bad app hate hate bad bad,True,other.general,complaint,2,completed,other
cbcbc4b8-035a-4a00-a655-ff78a9efcbb7,,,,,False,,,True,playback.connection,cancellation,,,3,playback,False,0.1,1,"Great music, podcasts & playlists. However, the app is incredibly slow to load (slowest app on my phone and will tell me that I have no internet connection even when its connected just fine) and it seems to be getting worse. Sometimes I have to open and close it 2 or 3 times just for it to load prop",True,playback.crashes_freezes,complaint,4,completed,playback
eefd95fd-de6e-4c56-91dd-a7ab1d8e571d,,,,,True,,,False,playback.crashes_freezes,complaint,,,3,playback,True,0.1,0,After like 3 month it quits and don't work the same and that dumb,True,playback.crashes_freezes,complaint,3,completed,playback
ecbc8ba9-5c29-412b-b714-25d19142b4ff,,,,,True,,,False,other.general,praise,,,1,other,True,0.15,0,Still my favorite.,True,other.general,praise,1,completed,other
dc581abd-d361-4e68-a483-890ce3677766,,,,,True,,,False,usability.layout_redesign,complaint,,,2,usability,True,0.15,0,New updates are quite bad.,True,usability.layout_redesign,complaint,2,completed,usability
edd19ddb-aef0-4893-ba42-e1bf23551226,,,,,False,,,True,billing.premium_only_controls,complaint,,,3,billing,True,0.0,0,Super freaking app just removed basic and common useful features remove lyrics even we cannot listen a certain part,False,catalog.lyrics,complaint,3,completed,catalog
f84c9631-fdc9-47ac-93b3-3e46804a85b2,,,,,True,,,False,other.general,unclear,,,1,other,True,0.4,0,😡😡😡😡😡😡😡😡😡😡😡😡😡😡😡😡😡😡😡😡😡😡😡😡😡😡😡😡😡😡😡😡😡😡,True,other.general,unclear,1,completed,other
ea546aa0-0611-4a34-8617-0305c4f1dff4,,,,,False,,,True,catalog.missing_content,complaint,,,3,catalog,True,0.0,1,Spotify Corrupt. Sabotaging and stealing streams from hardworking artists,False,other.general,complaint,2,completed,other
ae7fef7d-fa48-4f4f-9686-c1d21f8daf26,,,,,True,,,False,other.general,praise,,,1,other,True,0.0,0,Love it . Love 70s prog rock! ❤️,True,other.general,praise,1,completed,other
fd8ca348-654d-4740-8839-4816427ef446,,,,,True,,,False,billing.subscription_management,complaint,,,3,billing,True,0.1,0,I can't subscribe to premium again cuz apparently you can only use 1 sim for subscription if you're using 1 time pay it's so frustrating,True,billing.subscription_management,complaint,3,completed,billing
c1580a2d-47a4-48e6-9c00-b63e7923466f,,,,,True,,,False,usability.ads,complaint,,,2,usability,True,0.0,0,Worst app. Too many ads after 1-2 songs.,True,usability.ads,complaint,2,completed,usability
edbe0699-cf58-4b8e-bdd9-0aa0836dac11,,,,,True,,,False,other.general,unclear,,,1,other,True,0.0,0,",l",True,other.general,unclear,1,completed,other
ee7ddda4-8eab-485d-8a30-a47e2ddcbe64,,,,,True,,,False,other.general,praise,,,1,other,True,0.3,0,Priceless,True,other.general,praise,1,completed,other
15288da3-ed58-4709-83fb-22ae762f25aa,,,,,True,,,False,other.general,unclear,,,1,other,True,0.4,0,Boycot all sweden app,True,other.general,unclear,1,completed,other
cb39f139-a404-4dd5-ae25-99403da783be,,,,,True,,,False,billing.premium_only_controls,complaint,,,3,billing,True,0.2,1,Why do you disable everything for free users?,True,billing.premium_only_controls,complaint,2,completed,billing
2e26a693-e929-424e-8c41-9f0f150b7195,,,,,True,,,False,access.login,complaint,,,4,access,True,0.0,0,All of a sudden I'm logged out of the app and I can't access my playlist even after rebooting and reinstalling the app. Seriously I'm in a really bad state cause my playlist was something I made in course of time and now I have to create it again!? Such a disgrace.,True,access.login,complaint,4,completed,access
b568263c-2b4e-4796-bf2f-d2c9f2295d9b,,,,,True,,,False,other.general,praise,,,1,other,True,0.0,0,This app gets better every time I fantastic thank you developers thank you Spotify your topself,True,other.general,praise,1,completed,other
e48fbf18-ad6c-4820-8160-f7dbb0f95d59,,,,,False,,,True,billing.premium_only_controls,cancellation,,,3,billing,True,0.1,0,"The app was fantastic before but the new update is making me really mad and have just uninstallled this app,, I really suggest you should just make it the it was Spotify is becoming the worse music app please return the old version of Spotify please🙏,. Please this is the only app which I spend a lot",False,usability.layout_redesign,cancellation,3,completed,usability
09d24ace-3973-4fe8-9b53-82ad4b3229d8,,,,,False,,,True,catalog.missing_content,complaint,,,3,catalog,True,0.0,1,"To many Ads, Removing hindi songs, fully worst music app ever.",False,usability.ads,complaint,2,completed,usability
aadab3e7-7a86-4940-87d1-ac17a1297365,,,,,True,,,False,other.general,praise,,,1,other,True,0.1,0,It's very enjoying app I am very enjoy this app I like this app,True,other.general,praise,1,completed,other
5e1c1bb4-147b-49e9-a063-94cbe88c6c2c,,,,,True,,,False,other.general,praise,,,1,other,True,0.2,0,Love church music as I sang on a church choir and love music by Fr. Liam Lawton,True,other.general,praise,1,completed,other
e512cf4c-1808-4fc7-8093-20c2e162815c,,,,,True,,,True,usability.controls_navigation,complaint,,,3,usability,False,0.9,2,Easy to use. Music selection is awesome. I wish you could go back or repeat. Other than that it's just right for myself.,True,usability.controls_navigation,request,1,completed,usability
6740152e-ed15-4f29-b87e-8dfa43f9bb41,,,,,True,,,False,other.general,complaint,,,2,other,True,0.0,0,"Well done Spotify for being the flag bearer of evil corporates. After letting us get used to your""too good to be true"" features you have shown us your true colours.",True,other.general,complaint,2,completed,other
7e3ea642-7e80-434e-bc92-1f3627bfe622,,,,,True,,,False,other.general,praise,,,1,other,True,0.0,0,Super Duper App,True,other.general,praise,1,completed,other
e528117f-a666-4ba5-9794-0e5d9e445190,,,,,True,,,False,other.general,praise,,,1,other,True,0.1,0,Best that's all I gotta say,True,other.general,praise,1,completed,other
6921d186-8ae7-42d5-9c6e-2813e2db3cd4,,,,,True,,,True,playback.stops_skips,cancellation,,,3,playback,False,0.0,1,Randomly stops playing music and kicks you outta the app better off just posting for YouTube music,True,playback.stops_skips,complaint,4,completed,playback
5f94dc37-1119-4679-a901-8ef0e89747ce,,,,,True,,,False,playback.stops_skips,complaint,,,4,playback,True,0.0,0,"Had this app for years and loved the product. With latest updates on Andriod, all songs skip and pause. Cannot listen for more than 5 minutes without it crashing or starting to skip every other word. App is essentially unusable now.",True,playback.stops_skips,complaint,4,completed,playback
95191126-b348-41f5-8c6c-a0203b22d6e3,,,,,False,,,True,usability.layout_redesign,complaint,,,2,usability,True,0.0,0,update is worthless,False,other.general,complaint,2,completed,other
92225b5a-fc21-45f8-b90f-238792ce5c6e,,,,,True,,,False,usability.controls_navigation,complaint,,,3,usability,True,0.0,1,Sorting used to be optional all the time. But now it disappears and reappears all the time.,True,usability.controls_navigation,complaint,2,completed,usability
51fa142e-4973-4ff1-b2f3-47298ce270a8,,,,,True,,,False,other.general,praise,,,1,other,True,0.0,0,Everything about the app is cool and good for music streaming,True,other.general,praise,1,completed,other
43f94257-598c-4737-ab98-d03d45c91a5b,,,,,True,,,False,other.general,praise,,,1,other,True,0.0,0,A+++++ never start my day without it,True,other.general,praise,1,completed,other
8f9c0722-b297-4b49-b5bc-a6cfa602cdaa,,,,,True,,,True,other.general,praise,,,1,other,False,0.2,0,Hope you have a great day,True,other.general,unclear,1,completed,other
433b7f48-47bd-4723-86f9-73514ab850c6,,,,,True,,,False,other.general,praise,,,1,other,True,0.1,0,This is my favourite aap love this aap so much and my ringtone is also prepared for only this aap,True,other.general,praise,1,completed,other
61e93b4d-9bf0-4bb9-97f1-fbab3a1bcd9f,,,,,True,,,False,billing.subscription_management,complaint,,,3,billing,True,0.2,1,"can't subscribe to anything, says 'unable to connect'. please fix.",True,billing.subscription_management,complaint,4,completed,billing
2318f184-2af5-421d-a6bf-35aa996f20ef,,,,,True,,,False,other.general,unclear,,,1,other,True,0.0,0,Xd r eerleeexgy t c is rd u ugg fffffffdddd exxxyftff,True,other.general,unclear,1,completed,other
411dce76-472c-43e2-b7c2-15c5f43045d9,,,,,True,,,False,usability.layout_redesign,complaint,,,2,usability,True,0.0,0,Glad I turned auto-update off. Your syncing is bad too. Stop trying to be tiktok.,True,usability.layout_redesign,complaint,2,completed,usability
d4547f54-1b8f-4860-a2f3-a545dab5a19d,,,,,True,,,False,usability.ads,complaint,,,4,usability,True,0.1,1,Only ads playing not for songs app only for ads,True,usability.ads,complaint,3,completed,usability
472b0938-cf4a-4092-876f-f25c9b41df5a,,,,,True,,,False,other.general,praise,,,1,other,True,0.0,0,Couldn't live without Spotify. Love every bit of their app!,True,other.general,praise,1,completed,other
e9c75edb-2b7a-44d3-b27d-31217eeae428,,,,,True,,,False,other.general,complaint,,,2,other,True,0.0,0,This App Is Very Bad,True,other.general,complaint,2,completed,other
8c23f815-1180-4487-b3cb-20ee0927fdd7,,,,,True,,,False,other.general,praise,,,1,other,True,0.0,0,Great source of your favourite music,True,other.general,praise,1,completed,other
9837e465-1562-4117-9640-c0fff96094cd,,,,,False,,,True,usability.library_queue,complaint,,,3,usability,False,0.2,0,"Spotify is definitely a worthy investment, and new features and content definitely almost make you feel like the recent price increase is worth it. One thing I don't understand is why podcasts never start where you left off? Every time I go to listen to a podcast I follow, I have to search for the l",False,catalog.recommendations,request,3,completed,catalog
b1273568-aa61-4f79-a9bd-90c0d92d9e49,,,,,True,,,False,other.general,complaint,,,2,other,True,0.0,0,I Hate this application 😡😡😡👎👎👎,True,other.general,complaint,2,completed,other
5c32b7a0-7c0b-471c-8b54-3f00ce23d62f,,,,,True,,,False,other.general,praise,,,1,other,True,0.0,0,There's something for anyone be it podcasts or music.,True,other.general,praise,1,completed,other
fac69ef6-a492-4005-9e6a-811e60b690b0,,,,,True,,,False,other.general,praise,,,1,other,True,0.0,0,Really really good and easy to use,True,other.general,praise,1,completed,other
2b96c4a2-8919-4547-887b-c5d551a9f92c,,,,,True,,,False,catalog.lyrics,complaint,,,3,catalog,True,0.1,0,"been having some problems with the Spotify lyrics lately. Its been months since this problem, the lyrics is not showing at all. I tried searching through youtube for tutorials but it dont work at all",True,catalog.lyrics,complaint,3,completed,catalog
b76745ab-b416-4727-95ea-b978a7ea3743,,,,,True,,,False,other.general,complaint,,,2,other,True,0.1,0,"In 2024 and thus my children, the spootify became trash",True,other.general,complaint,2,completed,other
5669eb5d-a55f-4280-8d98-ad382968ad34,,,,,True,,,False,other.general,praise,,,1,other,True,0.0,0,I absolutely love Spotify great music skips whenever you want it's just a really great app!,True,other.general,praise,1,completed,other
195e8fee-4302-407a-b682-f0daa9349c98,,,,,True,,,False,other.general,praise,,,1,other,True,0.0,0,Good👍😎🍬,True,other.general,praise,1,completed,other
33168e1f-02fb-4431-9087-52e619942945,,,,,True,,,False,usability.library_queue,complaint,,,3,usability,True,0.1,0,"Made extremely difficult to like songs, find new releases. Need to search for better app.",True,usability.library_queue,complaint,3,completed,usability
ffb2ab1c-b763-4260-bd63-8517929308a4,,,,,True,,,False,other.general,unclear,,,1,other,True,0.0,0,يبببب,True,other.general,unclear,1,completed,other
816b2cc9-0b19-4957-81da-9030a2c5d4fb,,,,,True,,,False,playback.audio_quality,praise,,,1,playback,True,0.2,0,Sound quality is great...,True,playback.audio_quality,praise,1,completed,playback
02e279e8-bfc4-4810-9160-5beb99f45b8f,,,,,True,,,False,billing.price,complaint,,,2,billing,True,0.0,0,Would like to get primer by I canot afford it.,True,billing.price,complaint,2,completed,billing
b75ac4ef-baac-4615-9a64-1346162186ff,,,,,True,,,False,other.general,praise,,,1,other,True,0.1,0,Wow an amazing app,True,other.general,praise,1,completed,other
0240738a-8c7b-48b0-9425-ef0822e56c18,,,,,True,,,False,other.general,praise,,,1,other,True,0.0,0,Better than YouTube music. First of all you can play in background with free plan. No money..! But YouTube music don't have background play with free plan. 0_1 Spotify. The ads are not so bad especially for me with free plan. So download it today. Also if you want you can try premium for Good price.,True,other.general,praise,1,completed,other
cbf67ea0-4669-4286-ac95-b6c140fa86db,,,,,True,,,False,other.general,praise,,,1,other,True,0.1,0,Exceptionally excellent 👍,True,other.general,praise,1,completed,other
5f9aadaa-04cd-44f9-8dfc-aa35e3838f58,,,,,True,,,False,other.general,complaint,,,2,other,True,0.1,0,Worst music app ever 😡😡😡😡💢💢💢,True,other.general,complaint,2,completed,other
e6b9f1db-791c-49f8-b3b1-820197030f8a,,,,,True,,,False,other.general,complaint,,,2,other,True,0.0,0,Spotify has turned into complete garbage,True,other.general,complaint,2,completed,other
9812a672-37a7-43c7-a607-6f62d139ea41,,,,,True,,,False,billing.premium_only_controls,complaint,,,3,billing,True,0.0,0,Can't even see lyrics without paying now?!?!,True,billing.premium_only_controls,complaint,3,completed,billing
2588934d-d345-485e-ab0c-f3eb097c291c,,,,,True,,,False,other.general,praise,,,1,other,True,0.0,0,Still awesome.,True,other.general,praise,1,completed,other
edb93d1a-1be7-4942-9b2d-c907005770b6,,,,,True,,,True,other.general,cancellation,,,2,other,False,0.1,0,It is very hopeless aap. Totally distract us. Not a single use for us. Nonsense makers. Don't download it.,True,other.general,complaint,2,completed,other
ba7ad289-d05a-40ea-a233-90e98513ea9f,,,,,True,,,False,billing.premium_only_controls,complaint,,,3,billing,True,0.0,0,Great variety in songs and podcasts but the the blame lays on the idea that you can't listen to the music you want any time I know you can pay to get the music you want,True,billing.premium_only_controls,complaint,3,completed,billing
67545d8c-02f1-4238-8942-dd5bd59c05c5,,,,,True,,,False,other.general,praise,,,1,other,True,0.1,0,Fabulous. Love this app. Rediscovering the music I grew up with. UPDATE 10/22- 2.5 years later and still love it.,True,other.general,praise,1,completed,other
43ce8aba-5f91-49d6-94d2-b8d5a68ddb77,,,,,True,,,False,billing.premium_only_controls,complaint,,,3,billing,True,0.0,1,"Why can't I shuffle songs all of a sudden? I have a premium account and my billing date is on July 15, whenever I click shuffle it always say ""You discovered a premium feature"" what the hell is going on.",True,billing.premium_only_controls,complaint,4,completed,billing
a438c86b-d66c-4479-8f30-f2c2971494a1,,,,,False,,,True,usability.layout_redesign,request,,,1,usability,True,0.4,0,"Everything is good but based on news I've seen, there's is absolutely no need for spotify to change and become something like tiktok. Please. There really is no need.",False,other.general,request,1,completed,other
fb66661f-b885-4490-a119-4ca67532e34a,,,,,True,,,False,other.general,praise,,,1,other,True,0.0,0,Good well,True,other.general,praise,1,completed,other
e852a904-5602-4737-bc97-a6ab3257bef2,,,,,True,,,False,other.general,praise,,,1,other,True,0.0,0,"I love Spotify! I just pull up something I want to hear, and there it is.",True,other.general,praise,1,completed,other
934fa576-6b1f-4945-bbe1-88d18926a25f,,,,,True,,,False,other.general,praise,,,1,other,True,0.1,0,Wow The app is Amazing,True,other.general,praise,1,completed,other
38a71d7d-7415-42c1-9053-2fb4297f0637,,,,,True,,,False,other.general,praise,,,1,other,True,0.2,0,Very useful i love it,True,other.general,praise,1,completed,other
fd76c514-66bf-408f-ab9f-94a8609fc48b,,,,,False,,,True,catalog.other,complaint,,,2,catalog,True,0.1,0,"Even after updating the app, the canvas option is still not available 😑",False,usability.other,complaint,2,completed,usability
44c378d6-c3c0-464a-b7b2-209c97d28c29,,,,,True,,,False,billing.premium_only_controls,complaint,,,3,billing,True,0.1,0,Worst update forcing people to buy premium is so disgusting...atleast let us hear songs in sequence,True,billing.premium_only_controls,complaint,3,completed,billing
29e2fd56-244d-4a0e-8e6c-4b6dcc3eec01,,,,,False,,,True,playback.stops_skips,complaint,,,3,playback,True,0.0,0,Ads after every song! Tells me to enjoy 30mins un interrupted then plays ads after the next track songs also pausing after a few seconds,False,usability.ads,complaint,3,completed,usability
321d185c-ae1b-4c46-ae50-f6eacfedbea3,,,,,True,,,False,playback.connection,complaint,,,3,playback,True,0.1,1,"Not playing any of the songs I'd just added to my playlist, keeps showing no Internet connection when there clearly is. But it plays the song from the artist album TF IS GOING ON?",True,playback.connection,complaint,4,completed,playback
61ed50a7-48b7-4f94-bdf9-4959ffae1496,,,,,False,,,True,billing.subscription_management,complaint,,,4,billing,True,0.0,0,Not working since I switched to premium it doesn't want to play anything.and when it does it gets stuck on one episode,False,playback.stops_skips,complaint,4,completed,playback
e09d1e41-dba8-41c4-a025-648e4e382d53,,,,,True,,,False,other.general,praise,,,1,other,True,0.2,0,I love this service,True,other.general,praise,1,completed,other
827a04d2-47f3-46a9-8968-e604e7db9b13,,,,,False,,,True,playback.audio_quality,request,,,1,playback,True,0.1,0,"It’s a good app without any doubt. Please add some effects like LoFi, Jass, Bass, Rock etc... Please...",False,other.general,request,1,completed,other
4cc38927-dd92-4181-a60c-5de137cf5093,,,,,True,,,False,billing.premium_only_controls,complaint,,,3,billing,True,0.0,1,Spotify sucks! I cant play any song that i want bc i have to get premium and i am not made of money and cant afford it MABE if it was cheapper i would consider it. If i want to listen to any specific song i have to go to a playlist and hope i get lucky and it will pick the song i want if i could i w,True,billing.premium_only_controls,complaint,4,completed,billing
8f286935-6162-4709-a3c3-92cd4937cdaf,,,,,False,,,True,usability.controls_navigation,praise,,,1,usability,True,0.2,0,I've used Spotify for several years. It always has good personalized Playlist. The app is super easy to navigate. Works well with soundhound.,False,other.general,praise,1,completed,other
e56cea35-70f5-49ec-858d-8e52bb24f1ac,,,,,True,,,False,usability.controls_navigation,complaint,,,2,usability,True,0.0,0,Stupid shuffke,True,usability.controls_navigation,complaint,2,completed,usability
42521d74-fcbc-42ba-b14c-42ac7079e54a,,,,,True,,,False,other.general,complaint,,,2,other,True,0.1,0,Pathetic new update. Can't rate 0/5 else I would have. RIP Spotify.,True,other.general,complaint,2,completed,other
f136b30b-f086-4810-96f0-cb0919365ba0,,,,,True,,,False,playback.resource_use,request,,,2,playback,True,0.7,0,It's has almost all the hip hop songs I know plus my naija music's the problem is they need a lite version of this app so that the data usage will not be high,True,playback.resource_use,request,2,completed,playback
6cae4e83-45a8-4767-b8f6-134f5144d23d,,,,,True,,,False,other.general,praise,,,1,other,True,0.3,0,NICE App,True,other.general,praise,1,completed,other
3b056715-864d-4db2-8944-030f44778ac3,,,,,True,,,False,other.general,praise,,,1,other,True,0.2,0,Great experience with no problems so far,True,other.general,praise,1,completed,other
161bd253-87a0-4ac8-8514-ac5ff1040c44,,,,,False,,,True,other.general,complaint,,,2,other,True,0.1,0,Worst app..after every 2-3days..update is there,False,playback.crashes_freezes,complaint,2,completed,playback
51051dc0-2cef-42d0-babc-ccf1c048a10f,,,,,True,,,False,other.general,complaint,,,2,other,True,0.0,0,I hate this app....I wish I could give it a half zero star.....,True,other.general,complaint,2,completed,other
aacea3cb-9e2d-41f3-b712-038425d0a4eb,,,,,True,,,False,usability.library_queue,complaint,,,3,usability,True,0.0,0,My playlits are all empty but on my ipad they are all there help me plss,True,usability.library_queue,complaint,3,completed,usability
5a491079-d012-458e-8f88-531975345a0e,,,,,True,,,False,usability.library_queue,complaint,,,4,usability,True,0.1,0,Could not listen to my own Playlist I made,True,usability.library_queue,complaint,4,completed,usability
d8a1e996-becd-4f7a-a173-1dde0ca5e597,,,,,True,,,False,usability.ads,cancellation,,,3,usability,True,0.0,1,"After an ad to upgrade to premium, they played 7 30 second ads in a row. On the 8th I deleted the app. Am I listening to music with ads or am I listening to ads and maybe some music? Money hungry.",True,usability.ads,cancellation,4,completed,usability
30e9d257-4c18-47a1-bc27-86877a0b2983,,,,,True,,,False,other.general,unclear,,,1,other,True,0.4,0,Boycott Sweden 🇸🇪🪓🪓,True,other.general,unclear,1,completed,other
cdf6a008-d14a-42f7-94a9-c63c1c43c1f4,,,,,True,,,False,billing.premium_only_controls,complaint,,,3,billing,True,0.0,0,"Very disappointed with the recent update every single basic thing will work with premium subscription , not everyone can buy your premium subscription, you cannot for us to buy your premium.",True,billing.premium_only_controls,complaint,3,completed,billing
8463d9d3-a462-4cd8-b817-c2bdc6a499ba,,,,,False,,,True,billing.premium_only_controls,complaint,,,3,billing,True,0.1,0,"First of all spotipy is my favorite music app but the new update is worst, for maximum of songs the lyrics aren't available why the hell would I buy premium for just see the lyrics .",False,catalog.lyrics,complaint,3,completed,catalog
3a41ab98-fe72-429e-8abc-b6c204bba63b,,,,,False,,,True,catalog.other,praise,,,1,catalog,True,0.1,0,Great app lots of variety with no chit chat just pure music,False,other.general,praise,1,completed,other
6b4d7b9e-aac1-4d54-9b9e-486718032cc1,,,,,False,,,True,catalog.missing_content,request,,,1,catalog,False,0.0,0,amazing value and personal playlist oriented recommendations are great! just add more biggie smalls and 2 pac songs including a remixed song of lil Wayne and biggie smalls called lost boys..,True,catalog.recommendations,praise,1,completed,catalog
e7be419b-8a79-416c-9df9-86e5add0f638,,,,,True,,,False,other.general,cancellation,,,1,other,True,0.6,0,I love it but probably won't be able to keep it.,True,other.general,cancellation,1,completed,other
69e3d64b-afd8-4aa9-b0c9-de808c027f93,,,,,True,,,False,other.general,praise,,,1,other,True,0.0,0,"This app is very useful ... I like to listen music. This app helps to make a easy way for listening music..That's why , I have gave 5 stars for best rating..🥰",True,other.general,praise,1,completed,other
92c6712a-173a-4d04-ab40-c98e9cb682be,,,,,True,,,False,usability.ads,request,,,1,usability,True,0.2,1,Could lesser their own ads as there is already enough of other sponsors,True,usability.ads,request,2,completed,usability
c7d776cb-c23d-4ecf-91e5-d48f1f222295,,,,,True,,,False,usability.ads,complaint,,,2,usability,True,0.0,0,I love Spotify a lot I love how the songs make me emotional because I really attached to sad and romantic songs so that why I love ❤ Spotify Spotify is best place for your broken heart . You will feel heaven in this place hindi and Korean song omg .if you will feel the music trust me you will fall f,True,usability.ads,complaint,2,completed,usability
8a82eb4c-ed0e-425a-b019-2585515dff06,,,,,True,,,False,usability.controls_navigation,complaint,,,2,usability,True,0.1,0,Very nice to not be able to turn off smart shuffle.. annoying..,True,usability.controls_navigation,complaint,2,completed,usability
59e45e22-710a-4094-b9d8-ab5b78d93b47,,,,,False,,,True,billing.premium_only_controls,complaint,,,3,billing,True,0.0,0,Spotify is forcing us the song to be shuffled!,False,usability.controls_navigation,complaint,3,completed,usability
a8765441-7753-4f1c-9133-74796ffc2a8b,,,,,True,,,False,usability.ads,complaint,,,3,usability,True,0.0,1,Why am I hearing ads?? And it's not by a podcaster reading out his ads. It's ads from tv or radio.,True,usability.ads,complaint,2,completed,usability
422be150-a9e9-44a7-8c6c-3476dc7e5d64,,,,,True,,,False,other.general,praise,,,1,other,True,0.0,0,Good option.. for regular listener s,True,other.general,praise,1,completed,other
35a3c53d-e89d-4c53-b5eb-13a3f66c5ee0,,,,,False,,,True,catalog.other,complaint,,,2,catalog,True,0.1,0,"Good quality audio on android, has some issues, e.g. Hard to report music associated with wrong artist, uses android's equaliser which depending on whose phone it is is either grest or garbage, olays hidden songs despite hiding them. Spotify connect is really good and works well. Large catalogue of ",False,playback.audio_quality,complaint,2,completed,playback
ae1e2ee4-0546-46ff-b532-1ef8893254cc,,,,,True,,,False,other.general,praise,,,1,other,True,0.0,0,"I can't stress enough, how awesome this app is. OBSESSED!!! 😫",True,other.general,praise,1,completed,other
173803d9-69a2-4aee-a72f-8392ff9f38bd,,,,,True,,,False,billing.premium_only_controls,complaint,,,3,billing,True,0.0,1,It used to be the best app but now they won't let us choose our favorite song and I asking to get premium and even I can't replay the song.,True,billing.premium_only_controls,complaint,4,completed,billing
217a80c6-f3f9-4ec8-aa34-b23169f5561a,,,,,False,,,False,billing.other,request,,,1,billing,True,0.5,1,I think that you have to upgrade me for free! I'm so stuck with that. Continue the good effort!,True,billing.subscription_management,request,2,completed,billing
753239a2-4250-4cd3-9acd-8839cf3dd3fe,,,,,True,,,False,billing.premium_only_controls,cancellation,,,3,billing,True,0.05,1,I'm literally deleting this app this app got worst now after updating this app literally removed basic features like even song controlling just for premium it doesn't even allow to play more than 6 songs!! It's literally the most annoying app I've ever been through!!! No one will buy premium but wil,True,billing.premium_only_controls,cancellation,4,completed,billing
14625f58-927f-45a8-905e-74a16eaade8f,,,,,True,,,False,access.app_wont_open,complaint,,,4,access,True,0.2,0,It's not available for Iranian people:(,True,access.app_wont_open,complaint,4,completed,access
d057d9c0-110d-4b5d-969c-98c78f06e447,,,,,True,,,False,billing.premium_only_controls,complaint,,,3,billing,True,0.0,0,I'm using this aap since last 5 years ago. Now this aap Become worst all features are in premium and each and every single option are not accessible.,True,billing.premium_only_controls,complaint,3,completed,billing
055f8223-449f-44d2-bfb4-35f62db9dbf0,,,,,True,,,False,other.general,praise,,,1,other,True,0.0,0,Great app awesome music selection and quality.,True,other.general,praise,1,completed,other
19dbe8dd-d5b1-436f-9457-15c4b9346e43,,,,,True,,,False,billing.premium_only_controls,complaint,,,3,billing,True,0.15,1,"Cannot even change the song playing type to repeat or repeat once, cannot skip to the mod of the song. Now it is doing anything for people to get premium.It did many more things like that... Sad to see it.",True,billing.premium_only_controls,complaint,4,completed,billing
fa229209-027f-4d8e-8030-f9bfd94612b7,,,,,True,,,False,catalog.lyrics,complaint,,,3,catalog,True,0.3,0,"Problem with showing lyrics. Done everything clear cache, checked my WiFi, uninstalled and reinstalled the app yet it still says it cannot load my lyrics. I hope they fix this problem good app overall",True,catalog.lyrics,complaint,3,completed,catalog
a6be9020-4124-4084-a1fe-b26a7067a39c,,,,,True,,,True,catalog.lyrics,complaint,,,3,catalog,False,0.1,2,Hey spotify! I have a problem why I don't get the lyrics of any songs please fixes this problem,True,catalog.lyrics,request,1,completed,catalog
694c1e1e-5c53-40e3-90c1-c268b0c68ed2,,,,,False,,,True,usability.controls_navigation,praise,,,1,usability,True,0.0,0,"So far, so good. Let's me pick what I want. Start it and let it play, or change lists when you want.",False,other.general,praise,1,completed,other
c4df4e6c-c2ed-4062-b51d-ac4d6680ce1a,,,,,True,,,False,other.general,complaint,,,2,other,True,0.0,0,Worst app to exist in whole playstore,True,other.general,complaint,2,completed,other
290f8179-57ae-4425-a854-2a3604c951b1,,,,,True,,,False,other.general,complaint,,,2,other,True,0.1,0,A racist application that allows freedom of expression and an undeveloped application,True,other.general,complaint,2,completed,other
4b32bfbd-c4f4-48c7-9cf2-acee2545d5fb,,,,,True,,,False,usability.library_queue,request,,,1,usability,True,0.2,0,All I want was a playlist containing all the artist's songs.,True,usability.library_queue,request,1,completed,usability
9fc57c40-ae0a-426a-a2f5-47d22349007c,,,,,True,,,False,other.general,unclear,,,1,other,True,0.2,0,Sale Tum kutte Ho,True,other.general,unclear,1,completed,other
2e7a0545-2c87-41bc-a917-8044d5871e7a,,,,,True,,,False,billing.premium_only_controls,complaint,,,3,billing,True,0.05,1,I can't even play the song i want to listen to. Then what's even the point of this app in my phone. I used to love this app despite their too many ads coming every five minutes but now with the new features my music time is always ruined. Imagine not able to listen to the song you wanna listen and l,True,billing.premium_only_controls,complaint,4,completed,billing
b6aa5d71-3656-4dc6-88c3-9129429dc901,,,,,True,,,False,usability.ads,complaint,,,2,usability,True,0.1,0,Too many ads... that's very annoying,True,usability.ads,complaint,2,completed,usability
9da6f5d4-53c4-45ce-9297-badfdc3b5ac8,,,,,True,,,False,usability.layout_redesign,complaint,,,2,usability,True,0.0,0,I didn't like the new update. It's more complicated and plz change this update 😞,True,usability.layout_redesign,complaint,2,completed,usability
c079180a-972b-4b8d-9170-080a713bf442,,,,,True,,,False,billing.premium_only_controls,complaint,,,3,billing,True,0.05,0,Every thing is now for premium I can't play my playlist in order 😔,True,billing.premium_only_controls,complaint,3,completed,billing
aba397d5-c60e-45a5-bf88-aa95297d9e5a,,,,,True,,,False,usability.ads,complaint,,,2,usability,True,0.0,0,"This is waste app always get addds , so please don't install this app",True,usability.ads,complaint,2,completed,usability
753963c4-3c9e-43ca-a4b2-c6b000dd6802,,,,,False,,,True,access.app_wont_open,complaint,,,4,access,True,0.15,0,"Most recent update Aug 22, 2022. Fails to open, have to force stop and clear cache every time I relaunch the app. If not, it'll just sit on the loading screen. Let it sit for 15 minutes so far.",False,playback.crashes_freezes,complaint,4,completed,playback
7586d454-bef8-4829-9ba0-c5c707272aef,,,,,True,,,False,other.general,unclear,,,1,other,True,0.5,0,.22.wsw www www www www ewes www,True,other.general,unclear,1,completed,other
e5d6d4eb-8c58-4030-bf07-21898a4d8d36,,,,,True,,,False,access.login,complaint,,,4,access,True,0.1,0,I can't enter with my Google account,True,access.login,complaint,4,completed,access
6993b1c4-a15b-4870-bea4-4655df971f2d,,,,,True,,,False,other.general,praise,,,1,other,True,0.0,0,This very good 😈😈😈,True,other.general,praise,1,completed,other
ac823c26-1b4d-4b28-833b-f661c044f01b,,,,,True,,,False,usability.library_queue,complaint,,,3,usability,True,0.1,0,"I hide the songs and they still play, please fix",True,usability.library_queue,complaint,3,completed,usability
793d84ff-1b89-4091-a770-3897a5d60fa5,,,,,True,,,False,playback.crashes_freezes,complaint,,,3,playback,True,0.2,1,"Latest update makes app freeze all the time. There is no QA for changes, Spotify?",True,playback.crashes_freezes,complaint,4,completed,playback
229c4f06-3699-4915-810a-9ec935e1740b,,,,,True,,,True,other.general,praise,,,1,other,False,0.5,0,she ate,True,other.general,unclear,1,completed,other
0ecb391c-b976-40db-8f94-0bbf30eb097d,,,,,True,,,False,other.general,praise,,,1,other,True,0.2,0,The Music is nice to have of Music when I was young have it now on Spotify,True,other.general,praise,1,completed,other
9fcb1023-9fd3-4d9e-97a1-0fcc4acdd64d,,,,,True,,,False,playback.stops_skips,complaint,,,3,playback,True,0.0,0,"When I go play Roblox on my phone and play Spotify at the same time, Spotify stops the music and when I go back to Spotify, and play the song it will restart.",True,playback.stops_skips,complaint,3,completed,playback
c2618aba-8135-407b-8e53-081f79a7d83b,,,,,True,,,False,other.general,praise,,,1,other,True,0.1,0,Very very best,True,other.general,praise,1,completed,other
5eb94973-e656-417a-a7d5-bec4957e70cf,,,,,True,,,False,other.general,praise,,,1,other,True,0.1,0,Ok 👌 lang sarap paginggan,True,other.general,praise,1,completed,other
368e2ad0-0eeb-479e-8302-3fb6e93c7342,,,,,True,,,False,billing.premium_only_controls,complaint,,,3,billing,True,0.0,0,Bakwaas app h ... Sharm nhi aati kya sab premium me de rakha h,True,billing.premium_only_controls,complaint,3,completed,billing
6f40de63-b5aa-4517-bc04-aaeea01e2195,,,,,True,,,True,usability.layout_redesign,request,,,2,usability,False,0.1,0,The new features are worse fr please bring the old Spotify back,True,usability.layout_redesign,complaint,2,completed,usability
5c49045e-93fb-4d27-b03b-a4e51848fc5d,,,,,True,,,False,playback.crashes_freezes,complaint,,,4,playback,True,0.2,0,Idk why but it will just stop working every time im trying to play my playlist it will start with an ad then it will just freeze and it wont respond so i have to reboot my phone :( this is really annyoing and it wasnt always like this but overall its a pretty cool app but pls fix this i just want to,True,playback.crashes_freezes,complaint,4,completed,playback
c035b7be-88f0-4667-92f2-85126b2c130d,,,,,True,,,False,other.general,praise,,,1,other,True,0.0,0,So good ilove it🥰🥰,True,other.general,praise,1,completed,other
52a97147-e388-426b-a7a0-1dc980b03580,,,,,True,,,False,other.general,praise,,,1,other,True,0.0,0,Good selection of songs. Easy to use interface.,True,other.general,praise,1,completed,other
58569b6c-ffa5-427b-baae-312884cad266,,,,,True,,,False,billing.price,complaint,,,2,billing,True,0.1,0,Being a unemployed students you stole my peace in music ..,True,billing.price,complaint,2,completed,billing
8723666d-6cd3-4a63-9407-3af0ceb1c837,,,,,True,,,False,other.general,praise,,,1,other,True,0.2,0,Am.just satfied with it,True,other.general,praise,1,completed,other
acf70b87-b643-4126-8e2d-024e53983238,,,,,False,,,True,usability.library_queue,praise,,,1,usability,True,0.0,0,Thanks for returning to the original Playlist editing feature,False,other.general,praise,1,completed,other
9a2ddb5e-4709-448d-8420-407b7d925040,,,,,False,,,True,catalog.search_discovery,praise,,,1,catalog,True,0.0,0,I love listen music and I love so many different choices!,False,other.general,praise,1,completed,other
47d27687-25ed-4030-84cb-fe376eddce66,,,,,True,,,False,support.unhelpful,complaint,,,3,support,True,0.1,0,"I sent in a help request months ago to figure out why my genre scroll isn't working, no contact or answer so far",True,support.unhelpful,complaint,3,completed,support
440c8ec8-3c89-484c-ba66-c483330917f8,,,,,True,,,False,other.general,praise,,,1,other,True,0.1,0,This app is best in the world of music....Love you Spotify.,True,other.general,praise,1,completed,other
b961e1ef-d82f-4789-9696-c826c2198a56,,,,,False,,,True,other.general,complaint,,,2,other,True,0.4,1,"It's very good for premium users, just premium users....💤💤😶",False,billing.premium_only_controls,complaint,3,completed,billing
e8d54891-ea8e-44d2-98ec-ba25fccbc83c,,,,,True,,,False,other.general,complaint,,,2,other,True,0.1,0,Bad verybad 😡😡,True,other.general,complaint,2,completed,other
c36f660c-7b8b-4703-ab19-ef2ad064119b,,,,,False,,,False,usability.other,cancellation,,,2,usability,True,0.1,1,Very disappointed... User experience on the app or website is not great. I switched from Anghami to Spotify and I am most likely going back to Anghami... Much better,True,usability.layout_redesign,cancellation,3,completed,usability
6779597a-4435-4df1-90e3-4caf1c70e325,,,,,False,,,True,playback.audio_quality,praise,,,1,playback,True,0.1,0,Amazing technology and sound.,False,other.general,praise,1,completed,other
051270f6-ca7e-4da0-845b-83d7264ab36b,,,,,True,,,False,other.general,praise,,,1,other,True,0.1,0,Increíble App :),True,other.general,praise,1,completed,other
3706a887-c711-4a79-ad78-161800fe795f,,,,,True,,,False,usability.library_queue,complaint,,,4,usability,True,0.1,0,My Playlist got screwed and I can't listen to any of the songs I had on,True,usability.library_queue,complaint,4,completed,usability
9294a85e-f85d-4ce0-a82d-6b4a5434084b,,,,,True,,,False,billing.premium_only_controls,cancellation,,,3,billing,True,0.0,1,Horrible experience with the ads and THE FACT THAT I CANT EVEN PLAY THE SONG I WANT????? I'd rather switch to SoundCloud or some other service Very disappointed,True,billing.premium_only_controls,cancellation,4,completed,billing
9e55dbea-f679-4152-ab6b-179a83722253,,,,,True,,,False,usability.controls_navigation,complaint,,,3,usability,True,0.2,1,"SHARE ON INSTAGRAM BUTTON WAS GONE. I TRIED TO UPGRADED THE APPS AFTER THAT, AND STILL IT DOESNT COMES UP. PLS FIX THIS ASAP",True,usability.controls_navigation,complaint,2,completed,usability
568faea5-ddcd-40d3-a702-f6b91e6108a1,,,,,True,,,False,billing.premium_only_controls,complaint,,,2,billing,True,0.2,0,They do have a great app... But there is one objection about making every fundamental feature premium.,True,billing.premium_only_controls,complaint,2,completed,billing
c4773244-ccbf-4843-a132-502b2c90e00c,,,,,True,,,False,other.general,unclear,,,1,other,True,0.3,0,"Viva spotify nos interrumpió, y si este comentario sale en el grupo, quiero que pongan una cadena de viva la Cuca siuuuuuuu, a la verg4 el spotify, somos inmortaleeeeeees VAMOOOOOO",True,other.general,unclear,1,completed,other
135a8888-a4d7-47aa-b495-01f489a0b300,,,,,True,,,False,usability.ads,complaint,,,3,usability,True,0.0,0,"Spend 3 minutes listening to a song you didn't want to, spend 30 minutes on AD after AD after AD after AD AFTER AD AFTER AD. 🖕",True,usability.ads,complaint,3,completed,usability
18b4cdc8-1cc7-44fa-84a0-1392064aed97,,,,,True,,,False,other.general,unclear,,,1,other,True,0.0,0,Level,True,other.general,unclear,1,completed,other
e2b8793e-76a4-4775-8774-506fcb57df23,,,,,False,,,True,access.app_wont_open,complaint,,,4,access,False,0.2,3,What a bad app It has taken my all my but didn't install the app,False,other.general,unclear,1,completed,other
d971eb9a-824c-403f-905e-65d665069b19,,,,,True,,,False,other.general,unclear,,,1,other,True,0.5,0,Block it,True,other.general,unclear,1,completed,other
23ab1cf1-70ee-446d-81a4-971b2f68b59e,,,,,True,,,False,other.general,praise,,,1,other,True,0.1,0,My soulmate!❤️,True,other.general,praise,1,completed,other
77d0f41f-475a-418c-8897-96a7ede8b47b,,,,,True,,,True,billing.premium_only_controls,complaint,,,3,billing,False,0.6,2,Amazing just they could make alot more money of instead of making skips and stuff premium they instead use pure ads to make money,True,billing.premium_only_controls,request,1,completed,billing
18843c4b-34d0-44c5-ad5f-725c6d23fbee,,,,,True,,,False,catalog.recommendations,complaint,,,3,catalog,True,0.0,1,The app is good and the music is good. The random algorithm is not random. I am leave my playlists on random and I continuously hear the dame songs unless I skip them.,True,catalog.recommendations,complaint,2,completed,catalog
e6313dd3-c8b8-4ca9-997b-950eaddc2bfc,,,,,True,,,False,usability.layout_redesign,complaint,,,2,usability,True,0.1,0,It 'was' the best and my favorite app but what the hell the happening to its new version,True,usability.layout_redesign,complaint,2,completed,usability
0102c14b-3652-4e0a-9af7-7ba26afdd71d,,,,,False,,,True,usability.controls_navigation,complaint,,,3,usability,False,0.1,1,"Spotify, out of my 3 yrs using you now you made me want to delete it. HOW TO I EVEN KEEP MY SONG REPEATING LIKE AND I CANT GET JUST THE SONG ON ITS ALWAYS SOME OTHER SONG THAT STARTS PLAYING WHEN I HIT PLAY ON MY SONG. FIX IT PLEASE",False,playback.stops_skips,cancellation,4,completed,playback
fd79a44c-10ef-41ac-b7c5-2d8f7342ffcc,,,,,True,,,True,other.general,complaint,,,2,other,False,0.1,1,🤬🤬😢,True,other.general,unclear,1,completed,other
e6dfcdfc-aea3-4cf0-9c82-e34a4aed9337,,,,,True,,,False,other.general,complaint,,,2,other,True,0.1,0,The worst app for listening song,True,other.general,complaint,2,completed,other
ebd11d61-337f-4d2d-818f-26e79eb51230,,,,,True,,,True,other.general,complaint,,,2,other,False,0.2,1,"Racist, supports occupation regime",True,other.general,unclear,1,completed,other
51e6582e-683a-4225-8644-18c5197a01b4,,,,,True,,,False,usability.library_queue,complaint,,,4,usability,True,0.1,0,I lost my playlist I'm not able listen any music they need to release a trial video,True,usability.library_queue,complaint,4,completed,usability
5717f55c-211e-48a4-b786-c5248d4f85cb,,,,,True,,,False,playback.resource_use,cancellation,,,3,playback,True,0.1,1,"The recent update means that Spotify is constantly downloading new ads, suggestions and files that I haven't given permission for. I'm a Premium user, but the new update seriously has me considering leaving and using another streaming service. Don't download this if you want control over your app. T",True,playback.resource_use,cancellation,4,completed,playback
45311158-6427-40fa-b8b0-eb7a8f8e7859,,,,,True,,,False,usability.ads,complaint,,,2,usability,True,0.0,0,"Too many ads on mobile, but besides that, Spotify is great",True,usability.ads,complaint,2,completed,usability
5cba0b97-2ed1-4e29-a64d-090aec8f8bc2,,,,,True,,,False,billing.premium_only_controls,complaint,,,3,billing,True,0.1,1,I hate that i need premium but its good,True,billing.premium_only_controls,complaint,2,completed,billing
7f69dc63-1904-4a31-959e-2f69b263d819,,,,,True,,,False,other.general,praise,,,1,other,True,0.0,0,This app is really cool. You can get as much songs as you want!!!!,True,other.general,praise,1,completed,other
f017cfb4-49ff-4e6b-96a5-2ab77a42fdd9,,,,,True,,,False,other.general,cancellation,,,2,other,True,0.1,0,Switching to another platform just because of update .... ......... ......,True,other.general,cancellation,2,completed,other
6ff47f72-ab42-44b9-98a3-a5a2a36e3fb1,,,,,True,,,False,other.general,praise,,,1,other,True,0.0,0,"Love Spotify, other music services don't have all the tracks I want but have never been let down by Spotify.",True,other.general,praise,1,completed,other
239e4547-151d-43d6-aa86-ff048ae42ae8,,,,,False,,,True,usability.other,complaint,,,2,usability,True,0.1,0,Can't set ringtone for vi users,False,other.general,complaint,2,completed,other
c0848541-2083-4008-817a-1444cbc304d4,,,,,True,,,False,access.login,complaint,,,4,access,True,0.0,0,It is a good app but it will not let me long back in,True,access.login,complaint,4,completed,access
4af35450-2f50-4652-ae23-f1c925daa5bd,,,,,True,,,False,other.general,complaint,,,2,other,True,0.1,0,Worst app in the world...,True,other.general,complaint,2,completed,other
9af31c6f-5491-4d38-89db-aff94378465a,,,,,True,,,False,other.general,unclear,,,1,other,True,0.0,0,गश्रर्न पर,True,other.general,unclear,1,completed,other
fbbd7971-0279-45de-ab2c-468e8eaec8ae,,,,,True,,,False,downloads.fail_disappear,complaint,,,3,downloads,True,0.0,1,"The app keeps un-downloading my playlist even though I haven't opted for it. Its very frustrating to redownload 2,000 songs at a time. It's happened 4 times in the last 3 days and it's clearly not me pressing anything to instigate it. I close the app and when I go back in **poof** no downloads.",True,downloads.fail_disappear,complaint,4,completed,downloads
5838abcb-cb8d-4388-9272-ab28b933c7a5,,,,,True,,,False,other.general,praise,,,1,other,True,0.0,0,It's very good,True,other.general,praise,1,completed,other
0489473b-2e08-4b0f-a5e6-176cc2709f49,,,,,False,,,True,billing.premium_only_controls,complaint,,,3,billing,True,0.0,1,I've loved Spotify even when I was not a user of it..but now..I can't even open the app with the hope that I can finally listen to my favs. It's become so offensive that even for a changing a song we've to be updated to the premium version...this is so very disappointing..I hope you guys fix it back,False,access.app_wont_open,complaint,4,completed,access
9f17bd02-55d7-4567-a0a5-4444b19011ef,,,,,False,,,True,catalog.recommendations,praise,,,1,catalog,True,0.1,0,Music history at click of a button Great selection made on your history and likes Interesting surprises on selected songs,False,other.general,praise,1,completed,other
21b0878f-e40f-4fb8-bff6-53702c11514c,,,,,True,,,False,other.general,praise,,,1,other,True,0.1,0,"The best music player, great quality and etc.....",True,other.general,praise,1,completed,other
b0400ee0-0a11-4c9a-a586-eb18fa46c6aa,,,,,True,,,False,downloads.offline_mode,complaint,,,3,downloads,True,0.2,0,It's nice it's just that I can't listen to a song when I don't have a load or when I'm not connected to wifi,True,downloads.offline_mode,complaint,3,completed,downloads
6ece9c39-5876-472c-a3f1-7ff3675d2756,,,,,False,,,True,billing.premium_only_controls,complaint,,,3,billing,True,0.0,0,The new update is not good at all . I dislike the fact that i can't listen to a song on repeat and i absolutely loathe it .,False,usability.controls_navigation,complaint,3,completed,usability
72fad140-f778-40b7-9594-6b217697269b,,,,,True,,,False,billing.premium_only_controls,complaint,,,3,billing,True,0.1,1,"You can do anything in here but I just hate that I only get to hear free songs for a month, like songs should be free to hear.",True,billing.premium_only_controls,complaint,2,completed,billing
c8d15bfe-bb61-499c-ad4b-757296af1e4e,,,,,True,,,False,other.general,praise,,,1,other,True,0.0,0,The greatest Social Media APP EVER!!!!!!!!,True,other.general,praise,1,completed,other
711dd2e2-dc42-429e-bdc1-bb6eca936f7b,,,,,True,,,False,other.general,unclear,,,1,other,True,0.3,0,Moma says Spotify is the devil,True,other.general,unclear,1,completed,other
92159138-e9f1-4250-beff-a475bc200174,,,,,True,,,False,other.general,unclear,,,1,other,True,0.7,0,Get loss,True,other.general,unclear,1,completed,other
433866c3-1f0f-4806-be68-68ea80e86d2a,,,,,True,,,False,billing.premium_only_controls,complaint,,,3,billing,True,0.1,0,Its the best app for listening songs but now after few updates a feature had been applied that you cant rewind song if you didn't have premium that wrong in my pov,True,billing.premium_only_controls,complaint,3,completed,billing
308efda9-4305-49ba-b294-b929852e5a2d,,,,,True,,,False,catalog.missing_content,complaint,,,3,catalog,True,0.1,0,اغاني كتير جدا مش موجودة عليه و خصوصا تيترات المسلسلات,True,catalog.missing_content,complaint,3,completed,catalog
64ea974c-ea87-4870-96e2-6362c2c84f56,,,,,True,,,False,playback.stops_skips,cancellation,,,3,playback,True,0.1,1,"Horrible app since last update. Isn't even functional, constantly stops playing, if it's playing it will show title of something that is no longer playing. Really use to enjoy spotify but if this continues will end up switching services.",True,playback.stops_skips,cancellation,4,completed,playback
f9973604-ca05-48d1-9875-b1e2185155e3,,,,,True,,,False,other.general,praise,,,1,other,True,0.0,0,Best selection of music ever,True,other.general,praise,1,completed,other
aac17dd6-e8c6-41dc-b314-c38fe929cc09,,,,,True,,,False,playback.resource_use,cancellation,,,3,playback,True,0.1,0,"Looked at my battery usage and most of it was spotify, only I have not used the app in ages. Promtly uninstalled!",True,playback.resource_use,cancellation,3,completed,playback
a846d506-92d5-4833-8739-6d193494b913,,,,,True,,,False,catalog.missing_content,complaint,,,3,catalog,True,0.1,0,Mac miller's swimming isn't available for some reason,True,catalog.missing_content,complaint,3,completed,catalog
71c10817-d9d4-4b23-90d7-025418cd5862,,,,,False,,,True,billing.premium_only_controls,complaint,,,3,billing,True,0.0,0,Spofty is good but when I put a music I like it plays another song,False,playback.stops_skips,complaint,3,completed,playback
2b81db3b-036c-4eb0-b477-deead17c4d17,,,,,True,,,False,other.general,complaint,,,2,other,True,0.1,0,Just I hate this application 👎,True,other.general,complaint,2,completed,other
5e8d58f9-196f-4bd2-8f6d-0d6cfdf88475,,,,,True,,,False,other.general,praise,,,1,other,True,0.0,0,We luv music 🎵 you rok,True,other.general,praise,1,completed,other
b8b66577-f6bb-4d17-b2f6-41e6dd178d42,,,,,True,,,False,playback.connection,complaint,,,4,playback,True,0.0,0,"The app constantly has connection issues while the rest of the phone has no issues. After waiting for a selection to load the player will not show up to pause or skip. Very poor Playlist suggestions. Poor artist page design. Overall, a very poor experience. The app used to work pretty well, but late",True,playback.connection,complaint,4,completed,playback
5ceb9a8a-d715-4c49-b890-96da99cdf570,,,,,True,,,False,other.general,praise,,,1,other,True,0.0,0,This app is amazing super songs and also trending songs in this app super app for music😍,True,other.general,praise,1,completed,other
951f5d18-34bf-4c99-a4d3-698ebbfd1dc4,,,,,False,,,True,access.other,complaint,,,4,access,True,0.2,0,Cant get it to work,False,playback.crashes_freezes,complaint,4,completed,playback
7b088c41-9fdb-42b5-9064-3e8f1323f521,,,,,True,,,False,other.general,praise,,,1,other,True,0.0,0,I was down loaded this app about two years ago and I still 💕 love it. I think this is the best app that I ever have.,True,other.general,praise,1,completed,other
0fa5efa0-6745-4a9f-8430-6f539966168b,,,,,True,,,False,other.general,praise,,,1,other,True,0.0,0,It is amussing getting to acces all types of musi😘😏😏,True,other.general,praise,1,completed,other
f913c56d-56a6-48c1-ae4a-f09a703c1649,,,,,False,,,True,usability.library_queue,complaint,,,3,usability,True,0.1,1,"No matter what I research, and when I log out and in, uninstalland reinstall the app, my playlists will not populate on the android app. I try to manually re-add my songs on the app and the app closes.",False,playback.crashes_freezes,complaint,4,completed,playback
28e08183-c2af-4944-9cbf-5be50547e207,,,,,True,,,False,other.general,unclear,,,1,other,True,0.0,0,ramzan jatt,True,other.general,unclear,1,completed,other
38f1203c-4741-4c8b-a5e2-64cb9e4a3bc2,,,,,True,,,False,other.general,complaint,,,2,other,True,0.1,0,Bad app no block fruit music,True,other.general,complaint,2,completed,other
99fd353d-4edf-404f-8f6c-3a5f3502dd49,,,,,True,,,False,other.general,praise,,,1,other,True,0.1,0,I haven't use it yet but useing this with oculus is gonna be WHACK and it's pretty cool too,True,other.general,praise,1,completed,other
621e4682-7b4a-4999-8320-cd9f9d9643b5,,,,,True,,,True,other.general,praise,,,1,other,False,0.8,0,Kirrak app,True,other.general,unclear,1,completed,other
81262554-9f41-4c90-9164-24ce628b88a9,,,,,False,,,True,catalog.recommendations,praise,,,1,catalog,True,0.0,0,The music choices are very good,False,other.general,praise,1,completed,other
97b5041e-d706-4e9e-b17c-db95fff69305,,,,,False,,,True,playback.audio_quality,praise,,,1,playback,True,0.0,0,I love Spotify the musick is very good I wall ways lison to Spotify 😁,False,other.general,praise,1,completed,other
bebfa19c-01e5-412d-8eac-d2482b2ccae8,,,,,True,,,False,usability.library_queue,complaint,,,3,usability,True,0.1,1,Bad update. Can't even play the songs from my liked section. Hate it!,True,usability.library_queue,complaint,4,completed,usability
94545993-67b8-4531-bd7b-6aeafaf4f0bd,,,,,True,,,False,other.general,praise,,,1,other,True,0.1,0,Love ❤ 😍 Sharon,True,other.general,praise,1,completed,other
d3d0917e-e8ed-4a56-a4ef-9ffcc1d054de,,,,,True,,,False,billing.premium_only_controls,cancellation,,,3,billing,True,0.0,1,"Enjoyed the app to it's fullest. After the updates, the features just downgraded for any normal user. You can't go back to the same song, you can't pause and skip to any part of the song, in playlists you can't even play songs according to it's order. Sorry, but I think I have to switch to YT Music.",True,billing.premium_only_controls,cancellation,4,completed,billing
6cf41d37-a799-411f-8bba-c0ea94ba89d0,,,,,True,,,False,other.general,praise,,,1,other,True,0.1,0,"I love Spotify, they care about us struggling college kids and they give us a cheaper option because they know we can't afford the regular one and they throw in Hulu and showtime with it for 5$ a month , I love the podcasts and songs and the overall algorithm of the app is just amazing",True,other.general,praise,1,completed,other
5fdaf61e-bd10-411a-98aa-555f98564859,,,,,False,,,True,playback.audio_quality,complaint,,,3,playback,False,0.8,2,"2023, still no lossless audio, but UI is great",False,catalog.other,request,1,completed,catalog
1b0426fe-b2ea-4777-9ccc-a8aaa3cea82b,,,,,True,,,False,other.general,praise,,,1,other,True,0.2,0,Great for me,True,other.general,praise,1,completed,other
337809fe-1832-485f-9992-a8f2726d7e2f,,,,,True,,,False,playback.crashes_freezes,complaint,,,2,playback,True,0.2,0,"It's an amazing app to listen to songs and record it, there are many songs to listen to!but sometimes there are glitches.",True,playback.crashes_freezes,complaint,2,completed,playback
567c1e91-bdd1-4363-986b-ad74ee7ec621,,,,,False,,,True,billing.premium_only_controls,cancellation,,,3,billing,True,0.1,1,"Absolutely horrendous update, ruined the app completely, after this cheap strategy opted by spotofy i'd rather buy YT premium and listen to YT music than to buy spotify premium",False,other.general,cancellation,2,completed,other
f22308a7-4734-4433-9b84-411fdda58cfe,,,,,False,,,True,catalog.recommendations,request,,,1,catalog,True,0.3,1,"It's too much, Off the smart shuffle option.",False,usability.controls_navigation,request,2,completed,usability
1de6f701-960e-4486-8a2b-62b1a3c509ee,,,,,True,,,False,other.general,praise,,,1,other,True,0.1,0,It's da best!!!,True,other.general,praise,1,completed,other
f4a5668d-bd73-479d-8400-343a162a7b09,,,,,False,,,True,usability.controls_navigation,praise,,,1,usability,True,0.1,0,Must have for music lovers! Easy to use and with customizable options.,False,other.general,praise,1,completed,other
a6d2fc92-6921-42d4-8385-183809cc8df2,,,,,True,,,False,other.general,praise,,,1,other,True,0.0,0,Excellent music 🎶 🎵 👌,True,other.general,praise,1,completed,other
cdbd45ae-e475-44c7-98f8-c852b077e7d4,,,,,True,,,False,catalog.lyrics,complaint,,,3,catalog,True,0.3,0,some lyrics of the songs aren't showing,True,catalog.lyrics,complaint,3,completed,catalog
bd877776-0d03-4611-9141-6e7267aabb59,,,,,True,,,False,playback.crashes_freezes,cancellation,,,3,playback,True,0.0,0,So slow when opening. Never used to be. Thinking of returning to Apple Music,True,playback.crashes_freezes,cancellation,3,completed,playback
cf621c7d-8121-44d5-9542-486989d4f10f,,,,,False,,,True,playback.devices,complaint,,,3,playback,True,0.2,1,why can not I use it properly on my chromebook,False,access.app_wont_open,complaint,4,completed,access
5dd1f9ad-5b80-4dff-900d-f3ccf6abdc66,,,,,True,,,False,other.general,praise,,,1,other,True,0.3,0,It's Sweet,True,other.general,praise,1,completed,other
cf85e462-96a6-4575-b869-5d3ff60cc2b2,,,,,True,,,False,playback.stops_skips,complaint,,,3,playback,True,0.2,1,I love the app but after the update it's been taking forever to load music claims it's playing but won't play it only plays like 2 songs and stops or it skips abunch of songs I hope this gets fixed because this app is my favorite way to listen to music once it's fixed it's 5 stars tho but the bugs a,True,playback.stops_skips,complaint,4,completed,playback
0c96ff1a-9756-476b-a80b-cd7f70b84445,,,,,False,,,True,playback.devices,cancellation,,,3,playback,True,0.0,2,"Ruined my day. I was using it for white noite and it woke my baby up due to ""premium""! Instant uninstall, account deleted! The free version was fine. After I got tempted by the the premium offer, and after I ran out of premium, I couldn't switch between devices anymore. It was working before. I'm fa",False,billing.premium_only_controls,cancellation,5,completed,billing
19bf76fa-be9f-4c26-b518-f1b12452c0d4,,,,,True,,,True,playback.stops_skips,complaint,,,3,playback,False,0.6,0,Hi I like Spotify but when I want to replay my song I can't it changes to a different song can u fix that please thank you for your attention.:),True,playback.stops_skips,request,3,completed,playback
1f3c2c97-fc4b-4d7e-9754-8930b3cd5c69,,,,,True,,,False,usability.ads,complaint,,,3,usability,True,0.0,0,"I hardly get any time to listen to music but even when you do. Just when you get ads that allows 30 mins of unlimited music ,the ad gets interrupted by 4-5 back to back ads. Desperate to make me subscribe I guess.",True,usability.ads,complaint,3,completed,usability
08368a85-a8c1-42d6-a4fc-62c0a92ac484,,,,,False,,,True,usability.layout_redesign,complaint,,,2,usability,True,0.1,0,That update was not needed,False,other.general,complaint,2,completed,other
3281d115-72cd-48c4-88f9-b26606eac3bf,,,,,True,,,False,billing.premium_only_controls,cancellation,,,3,billing,True,0.0,1,"New update is very disappointing, shouldn't have done this . Spotify was a good music app , I'm deleting it . Ads between songs were fine . But what you have done now is just greediness . Without premium we Can't play previous song , can't turn of shuffle , can't navigate through a song . All we can",True,billing.premium_only_controls,cancellation,4,completed,billing
6b35758f-d421-4034-97d0-2c4d9d05e0f0,,,,,True,,,True,access.login,complaint,,,4,access,False,0.4,0,I can't login this app with my Google account. Since I facing this problem for two days. I request you to kindly fix the problem.,True,access.login,request,4,completed,access
d0e8ca1b-075c-4cdc-abf9-8caabf07e8dc,,,,,False,,,True,billing.premium_only_controls,complaint,,,3,billing,True,0.5,1,I like it alot but I'm having trouble turning it on and off and only has a couple of songs from each band to choose from but I do enjoy it thanks.,False,catalog.missing_content,complaint,2,completed,catalog
fd1d617b-8511-48fd-9aeb-3d58f9c70b83,,,,,True,,,False,usability.ads,complaint,,,2,usability,True,0.2,0,Too many ads.....!,True,usability.ads,complaint,2,completed,usability
d6b55e5e-3069-4fe0-8ffc-7bfb72cd5bcb,,,,,False,,,True,downloads.offline_mode,complaint,,,4,downloads,True,0.1,1,"I don't know why I can download songs, because the app doesn't work without internet and sometimes not even with it.",False,playback.connection,complaint,3,completed,playback
6922022a-5d14-4f06-bd37-5f186df94b8d,,,,,True,,,False,other.general,praise,,,1,other,True,0.1,0,"Love the oldies, since I'm 82 The oldies had more lyrics than some of today's music.",True,other.general,praise,1,completed,other
cdd3b701-c112-4de8-9d3a-23383c535b1c,,,,,True,,,True,other.general,complaint,,,2,other,False,0.2,1,Gandh app,True,other.general,unclear,1,completed,other
1bccf937-d130-43fe-8713-f8e361fcba0b,,,,,True,,,False,playback.stops_skips,complaint,,,3,playback,True,0.1,0,I put a song it puts another and I took it at the shop same thing happens,True,playback.stops_skips,complaint,3,completed,playback
1a487b35-7e67-4974-9719-5a8ee5902749,,,,,True,,,False,billing.premium_only_controls,complaint,,,3,billing,True,0.1,0,So I have to pay just to put it on repeat No thanks 🙏,True,billing.premium_only_controls,complaint,3,completed,billing
01e09d57-7b14-4a10-91f5-1c3f56bc8e02,,,,,True,,,False,playback.crashes_freezes,complaint,,,3,playback,True,0.0,1,"Can't see any of my playlists or open any artists or albums. Just a black screen when I try. Trying to open notifications gives an error that says, ""Something went wrong. Have another go?"" Tapping ""Try again"" does nothing. Useless!",True,playback.crashes_freezes,complaint,4,completed,playback
7266d936-df15-4532-9b38-1ae7927a76cd,,,,,True,,,False,other.general,unclear,,,1,other,True,0.1,0,Only want music ♥,True,other.general,unclear,1,completed,other
e88a9113-4a1e-4734-baa0-4cce6517c553,,,,,True,,,False,other.general,praise,,,1,other,True,0.1,0,Thee DOPEST app for music 💪🏽,True,other.general,praise,1,completed,other
73262484-3eba-484e-99ec-c8fb7e339da9,,,,,True,,,False,other.general,praise,,,1,other,True,0.1,0,Best Music App Around,True,other.general,praise,1,completed,other
f4b98abe-9492-4e0e-9c45-8d52affe8534,,,,,False,,,True,usability.layout_redesign,complaint,,,2,usability,True,0.1,0,Because new it's getting worseeee,False,other.general,complaint,2,completed,other
47f97f49-487f-4069-b9c6-cf8db6ffb240,,,,,True,,,False,other.general,complaint,,,2,other,True,0.1,0,I hate this app nowadays 😒,True,other.general,complaint,2,completed,other
f2179c07-9d49-4e99-8229-5dd38d0dcf0c,,,,,True,,,False,other.general,praise,,,1,other,True,0.1,0,really great app,True,other.general,praise,1,completed,other
240ee42e-3ed1-4861-ad29-aa608ac64585,,,,,True,,,False,other.general,praise,,,1,other,True,0.1,0,👍🙂🙂,True,other.general,praise,1,completed,other
cecd70e5-45ef-43dd-8003-a4a59b2c8fbc,,,,,True,,,False,usability.library_queue,complaint,,,3,usability,True,0.2,0,I can't scroll through my Playlist even though I pay for this app. That scroll bar is gone 😑,True,usability.library_queue,complaint,3,completed,usability
036e63a2-c7a4-4642-ae93-dea50372a736,,,,,True,,,True,other.general,complaint,,,2,other,False,0.0,1,I hate Spotify and i request google to remove this app from play store,True,other.general,unclear,1,completed,other
98ddc0c4-c32a-4856-bffe-d12c59407f1e,,,,,True,,,False,other.general,praise,,,1,other,True,0.2,0,Spotify is a good app to download music and videos,True,other.general,praise,1,completed,other
46fbb2e8-1c26-44ec-b4a4-72baec3a70d5,,,,,True,,,False,other.general,complaint,,,2,other,True,0.0,0,Last update sucks,True,other.general,complaint,2,completed,other
3560dcee-cd9d-4700-9f1c-7c16eb0b6f61,,,,,True,,,False,playback.crashes_freezes,complaint,,,4,playback,True,0.0,0,Spotify been crashing lately. Fix the app please,True,playback.crashes_freezes,complaint,4,completed,playback
b9ed4236-1727-45eb-9984-65a2ca623e62,,,,,True,,,False,usability.controls_navigation,complaint,,,3,usability,True,0.1,0,The mic doesn't always come up during searches. Won't do a voice activated search.,True,usability.controls_navigation,complaint,3,completed,usability
b7e025bf-b789-4b37-baad-85d628a3ff4e,,,,,True,,,False,other.general,praise,,,1,other,True,0.1,0,This is the bwst way to listen to song🤗🤗,True,other.general,praise,1,completed,other
359a3c56-c299-4d32-8a78-0ce23a6b834f,,,,,True,,,False,other.general,praise,,,1,other,True,0.1,0,nice👌,True,other.general,praise,1,completed,other
11793178-748b-45ed-9eac-1855b34a2997,,,,,True,,,False,usability.ads,cancellation,,,3,usability,True,0.2,0,"The song diversity and varities the podcasts are excellent, but the ad to song ratio is very much greater which irritates, It's normal to have ads but instead of calming the mind, it kills the mood. Dear, spotify please consider to reduce some ads 🙏. I don't tell you to stop putting ads, just reduce",True,usability.ads,cancellation,3,completed,usability
2e6b7d32-8b98-4a1f-a840-6a32833a49d7,,,,,True,,,False,usability.layout_redesign,complaint,,,2,usability,True,0.1,1,"This new ""TikTok"" front page update kills this app for me.",True,usability.layout_redesign,complaint,3,completed,usability
ddd55d2b-3bbc-42cd-be0c-c92194206c13,,,,,True,,,False,other.general,praise,,,1,other,True,0.0,0,Love this app 🔥this app is dopeee🔥,True,other.general,praise,1,completed,other
430df384-61e6-44a0-b68c-251df29157f6,,,,,False,,,False,access.signup_email,complaint,,,4,access,True,0.1,0,"I m literally fed-up with this now my Spotify is showing that my phone number is wrong , and I hve my account with my phone number only 😭, and now they say I don't have a correct number , wth, I have u Spotify",True,access.account_compromised,complaint,4,completed,access
a113a3bb-fb14-4e91-958a-ea1c45dd2565,,,,,True,,,False,other.general,praise,,,1,other,True,0.2,0,"Great music, slight learning curve",True,other.general,praise,1,completed,other
c825beb9-64c5-4d3d-9f7b-05606fd1e5d5,,,,,True,,,False,billing.premium_only_controls,complaint,,,3,billing,True,0.1,1,"You can't even do basic stuff that all music players can do like repeat song, go to previous. Trash now",True,billing.premium_only_controls,complaint,4,completed,billing
468a0d65-c5b5-4ae6-8d55-b685660c9f52,,,,,False,,,True,catalog.search_discovery,complaint,,,3,catalog,False,1.2,2,It's just better than musi cause first you Can't even listen to music Music is 30 seconds long The song you want is not gonna pop up THANK YOU,True,catalog.missing_content,praise,1,completed,catalog
3fa1db2d-e93d-4843-8c84-32cd48f23dc6,,,,,True,,,False,other.general,praise,,,1,other,True,0.0,0,Iro Aka beats on Spotify very good to listen to,True,other.general,praise,1,completed,other
70c11960-4237-42f7-9eb6-b3d3fd14d0aa,,,,,True,,,False,billing.premium_only_controls,complaint,,,3,billing,True,0.0,1,"This was my go-to app when it comes to music. But after a recent update everything is premium. Playing the previous song,add song to the queue, even if we want to hear a specific part we cannot skip We have to pay money. I am very disappointed in this update. Didn't expect this.",True,billing.premium_only_controls,complaint,4,completed,billing
f25dd78b-a842-45d2-938b-d02f0c41fdba,,,,,False,,,True,usability.layout_redesign,complaint,,,2,usability,True,0.1,0,Awful update 🫠,False,other.general,complaint,2,completed,other
20f4d351-76ba-45b0-85ca-ae882d28a360,,,,,True,,,False,other.general,praise,,,1,other,True,0.05,0,"Best music app period!!!!!! Including all the recent updates I feel this is the best and most open platform, not just for music but for open discussion topics and much more. Keep up the great work!",True,other.general,praise,1,completed,other
4d676655-861a-4145-8e31-52e090cc831c,,,,,True,,,False,other.general,praise,,,1,other,True,0.05,0,I love it I used it when I'm stressed It help me alot♡,True,other.general,praise,1,completed,other
cab4f7a3-2f72-4afe-96f6-419fedf0978f,,,,,False,,,True,playback.connection,complaint,,,4,playback,True,0.1,1,"Takes forever to add a song to playlists. When I try to add a song, it says go online to see menu. Keeps stopping and telling me there is a bug to clear cache. I clear cache and reopen and it is t any better. Don't understand why people like this app.",False,usability.library_queue,complaint,3,completed,usability
4f2616ac-9796-4e8a-b5e2-25e586205cd2,,,,,True,,,True,usability.ads,complaint,,,2,usability,False,0.0,1,"(6/29/20) 1/5 stars. too many ads. I'm so tired of it. Edit: I've updated to premium... I've had it for a year now and I can't go back... premium is definitely worth it, best to make the most out of it and listen to music on a daily basis. I didn't know until earlier that my ""listening history"" is a",True,usability.ads,praise,1,completed,usability
3efbd258-1cb9-4147-8c1c-6d639ebe15c1,,,,,True,,,False,usability.ads,complaint,,,2,usability,True,0.2,0,Top app hai bus ads band kra do koi,True,usability.ads,complaint,2,completed,usability
3228fdc9-5c74-43ad-ae5f-1b036662a573,,,,,True,,,False,other.general,praise,,,1,other,True,0.1,0,Very well played,True,other.general,praise,1,completed,other
cb80fa08-d15c-4a4e-9ec8-bc7b0c739a13,,,,,True,,,False,billing.premium_only_controls,complaint,,,3,billing,True,0.0,1,seriously premium for the basics?!?sad this app 'WAS' the best music app,True,billing.premium_only_controls,complaint,2,completed,billing
88830479-3b9c-4f9f-bfe0-52a774a09f9a,,,,,False,,,True,usability.ads,complaint,,,3,usability,True,0.0,0,"Good app but the constant ads are annoying, and for some reason I'm playing my songs on the playlist it switches to songs that aren't on my playlist it's super annoying",False,playback.stops_skips,complaint,3,completed,playback
27ba2633-dea1-47f9-9288-270fda3cfd86,,,,,True,,,True,other.general,complaint,,,2,other,False,0.5,1,Nice but can be better,True,other.general,praise,1,completed,other
29c398a6-ee83-4a6a-b9c7-faf081620be6,,,,,True,,,False,other.general,praise,,,1,other,True,0.1,0,Good app stress reliever,True,other.general,praise,1,completed,other
b378b45e-6da9-441e-93b7-a9a71576c9a4,,,,,True,,,False,playback.resource_use,complaint,,,5,playback,True,0.0,1,"The app keeps giving itself permission do things I haven't given it permission to costing me in data etc. I pay for premium but still regularly get ads. So is a waste of money. Customer service has also been bad, I've contacted spotify more than once about this Each time they say something like"" we ",True,playback.resource_use,complaint,4,completed,playback
acff1bb5-b681-4269-8159-0424617a6661,,,,,True,,,False,catalog.recommendations,complaint,,,2,catalog,True,0.0,0,Spotify playlisters are biased and do not give up and coming artists a chance to get featured on playlists.,True,catalog.recommendations,complaint,2,completed,catalog
40a9aa94-9ad2-4241-9776-adefe3b843da,,,,,False,,,True,usability.controls_navigation,praise,,,1,usability,True,0.0,0,I've always loved Spotify they're easy to use.,False,other.general,praise,1,completed,other
189e1574-23af-46ae-aa45-b1ed09e3bc12,,,,,True,,,False,other.general,praise,,,1,other,True,0.0,0,One of the best music applications I've used.,True,other.general,praise,1,completed,other
aa61c548-ffab-45f9-b852-74c30234f454,,,,,False,,,True,billing.premium_only_controls,request,,,1,billing,True,0.1,0,Stop shuffling songs,False,usability.controls_navigation,request,1,completed,usability
b1cfc1d0-78cd-4d65-a4af-d4ea271417a3,,,,,True,,,False,billing.premium_only_controls,complaint,,,3,billing,True,0.0,1,I can't pick the song I want to listen to and if I have to pay for me to listen to the songs I want to in order then I'm better off using SoundCloud plus I can't even go back on the song if I want to listen to a certain part and then why would you add songs on MY playlist that I made like I don't kn,True,billing.premium_only_controls,complaint,4,completed,billing
98be24a3-474e-4d4d-9dd9-21e4823d9a77,,,,,False,,,True,catalog.missing_content,praise,,,1,catalog,True,0.1,0,It has all the music that I like to listen to like pretty poly music,False,other.general,praise,1,completed,other
159285a2-50f9-42c2-aa11-33049fba19b1,,,,,True,,,False,other.general,praise,,,1,other,True,0.1,0,I've been using Spotify for 3 years. Really good option to use when listening to music and podcasts.,True,other.general,praise,1,completed,other
a8e3c472-f4b7-4d30-834c-9323e8636c42,,,,,True,,,False,other.general,complaint,,,2,other,True,0.1,0,This is not good anymore,True,other.general,complaint,2,completed,other
2ddf11cb-a97e-41a6-851d-f6bffe2f4ac7,,,,,True,,,False,other.general,unclear,,,1,other,True,0.0,0,Am waiting for it,True,other.general,unclear,1,completed,other
5147ff02-60d3-488e-a609-7f59228a1651,,,,,True,,,False,usability.ads,complaint,,,3,usability,True,0.0,0,This app is getting worse day by day the autoplay before now the shuffle button in turned off it's so frustrating. Music was the therapy we all needed but now that too seems to be difficult to seek. Still as a listener I would hope you might make a change for it we're already getting way to many ads,True,usability.ads,complaint,3,completed,usability
feac7fbb-9022-42f6-9c0d-fe3cef66b976,,,,,True,,,False,other.general,praise,,,1,other,True,0.1,0,"best music streaming service, premium is worth it 1000%",True,other.general,praise,1,completed,other
cbb315a6-0afd-4484-b7d4-533bc4e346c5,,,,,False,,,True,usability.layout_redesign,complaint,,,2,usability,True,0.1,0,I hate HATEEEE this new update :'(,False,other.general,complaint,2,completed,other
950c6afd-e1f7-42b9-8a51-e2545fdef485,,,,,True,,,False,usability.layout_redesign,complaint,,,2,usability,True,0.1,0,The card format for mystic playlists is terrible. And dj meta is absolutely retarded. Please quit screwing with things. It would also be nice if there was a way to filter out things I don't care about.. like podcasts and specific music genres.,True,usability.layout_redesign,complaint,2,completed,usability
0c25b4c8-b3e2-4d34-86ed-b6a4835c33ff,,,,,True,,,False,billing.premium_only_controls,complaint,,,3,billing,True,0.1,1,"Made the mobile app worse and unusable by putting basic app functions like repeat, shuffle and other things behind a pay wall.",True,billing.premium_only_controls,complaint,4,completed,billing
5b859e55-2090-4115-b356-95f78846b438,,,,,False,,,True,usability.other,complaint,,,2,usability,True,0.1,0,"This application is truly bad,it's copied link is not useful in another application 🥱🥱",False,other.general,complaint,2,completed,other
9c19bd5c-1aa8-477a-8238-e951fdfe2e34,,,,,True,,,False,access.login,complaint,,,4,access,True,0.0,0,"App stopped working, I tried updating and now I can't even log in and we have paid for premium! So disappointing 😞",True,access.login,complaint,4,completed,access
7e9b9da1-5f29-4bed-9c69-0a28d9d60168,,,,,True,,,False,downloads.fail_disappear,complaint,,,3,downloads,True,0.1,0,This app is very good . But I can't Download music/songs,True,downloads.fail_disappear,complaint,3,completed,downloads
14ff80c2-72d7-4f4b-8bee-a1ee0c805310,,,,,True,,,False,other.general,unclear,,,1,other,True,0.6,0,Bycott swedish products,True,other.general,unclear,1,completed,other
7ae5e515-80ea-4044-a0b4-7c79b0e62fc2,,,,,True,,,False,other.general,praise,,,1,other,True,0.0,0,Yes 👍 IM very proud of the sight love it.,True,other.general,praise,1,completed,other
3e45aa98-af10-40e2-a436-70d513d8f1ce,,,,,False,,,True,billing.premium_only_controls,complaint,,,2,billing,False,0.1,1,P2w gembel,False,other.general,unclear,1,completed,other
8767e66e-eedd-4ef7-b1c6-fec886e59f8a,,,,,True,,,False,usability.ads,complaint,,,2,usability,True,0.0,0,Ads aise dete h jaise uske baap ke zamin le li h.,True,usability.ads,complaint,2,completed,usability
76e79491-a107-48c1-9da9-18152145bf4d,,,,,True,,,False,other.general,complaint,,,2,other,True,0.1,0,Very very bad app ...🤮🤮🤮🤮🤮plz don't waste ur mobile data,True,other.general,complaint,2,completed,other
e62bd6da-636e-4800-b1b1-fb7bff5e0ae5,,,,,True,,,False,other.general,praise,,,1,other,True,0.0,0,the best music app by far,True,other.general,praise,1,completed,other
79e4d42f-8f4a-4e3b-833b-e354bb21b3a8,,,,,True,,,False,other.general,complaint,,,2,other,True,0.3,0,jelek.,True,other.general,complaint,2,completed,other
00499c7a-6877-4bc3-8c8a-62543a44b22b,,,,,True,,,False,downloads.offline_mode,complaint,,,3,downloads,True,0.7,0,"Best music player used so far. 3 stars given for the following reasons: The volume isn't loud at all, compared to YouTube music or Apple music. Y'all have an option to play downloaded songs offline, till today I'm still yet to play my downloaded songs, rather it tells me no internet connection, even",True,downloads.offline_mode,complaint,3,completed,downloads
6fb86eb4-7917-4619-90ed-8903721c71e3,,,,,False,,,True,billing.premium_only_controls,complaint,,,3,billing,False,0.0,1,"The latest update made the app worst than ever before. You can't skip to your favourite part of music, you can't play the previous song, it's new auto shuffling feature is a complete disaster which will definitely ruin your mood,you can't play the song twice etc. It's getting worse day by day.DONT D",False,playback.stops_skips,cancellation,4,completed,playback
7f7207ab-10d9-41e2-be8f-b584b89e8919,,,,,True,,,False,other.general,complaint,,,2,other,True,0.1,0,Lawda ka app hai,True,other.general,complaint,2,completed,other
89496444-c6bd-407c-b963-5ee503a7f2ea,,,,,True,,,False,billing.premium_only_controls,complaint,,,3,billing,True,0.1,0,"That's soo incontinent that we need to buy premium for lyrics like... That's soo rude of u guys, just to make ppl buy u can't do this",True,billing.premium_only_controls,complaint,3,completed,billing
4f529a3f-6b5b-4515-bfc2-ba70f41d9796,,,,,False,,,True,billing.premium_only_controls,cancellation,,,3,billing,True,0.0,0,I really don't like music apps that force me to pay money just so it works good. When I'm trying to play my liked songs it plays something totally different then shows me 10 annoying ads. I don't want any music suggestions just play my song I want to listen to. I recommend downloading SoundCloud ins,False,usability.ads,cancellation,3,completed,usability
d3d87b5c-ae33-46d8-9318-32ed46fdeb84,,,,,False,,,True,billing.premium_only_controls,cancellation,,,3,billing,True,0.1,1,Cannot turn off shuffle in playlists. Seeking option while listening to a song was disabled too. I cannot even go back to the previous song. And there are too many ads. Looks like it is better to stop listening to songs on Spotify.,False,playback.stops_skips,cancellation,4,completed,playback
245936df-10db-46e6-b9b9-9be9d58a1ba8,,,,,True,,,False,other.general,praise,,,1,other,True,0.1,0,I consider Spotify to be a good appli cation.,True,other.general,praise,1,completed,other
f84737cc-3155-4018-95fe-56417700944d,,,,,True,,,False,usability.layout_redesign,complaint,,,2,usability,True,0.1,0,The new updates aren't even an improvement. It's a downgrade. I have it on my device because its only good as a music list.,True,usability.layout_redesign,complaint,2,completed,usability
1fbe36ec-46e6-4997-882e-542821eb4eb2,,,,,True,,,False,other.general,praise,,,1,other,True,0.0,0,It was okay.,True,other.general,praise,1,completed,other
e85713dd-cba0-44f3-b419-16fb1255e066,,,,,True,,,False,playback.other,praise,,,1,playback,True,0.2,0,The player issues have been fixed,True,playback.other,praise,1,completed,playback
6a78bc69-64c2-44c9-96e1-e6915c379a66,,,,,True,,,False,other.general,praise,,,1,other,True,0.0,0,This app is awesome I absolutely love it thank thank you all,True,other.general,praise,1,completed,other
fd56ec5e-ab43-42c8-aa9a-cd0573bd47c6,,,,,True,,,False,other.general,praise,,,1,other,True,0.1,0,"Love this app, better when you pay for it!!",True,other.general,praise,1,completed,other
2e831432-5b9d-4178-9278-557be0eb7f9f,,,,,False,,,False,catalog.missing_content,praise,,,1,catalog,True,0.0,0,They have all songs of all genres that I have been looking for,True,catalog.search_discovery,praise,1,completed,catalog
6c39c749-eddb-4ae6-9f5a-22ea0d6fb7e8,,,,,True,,,True,other.general,unclear,,,1,other,False,0.0,0,Music😭😌,True,other.general,praise,1,completed,other
b43e9b69-df7e-4743-a632-796b889e89fd,,,,,False,,,True,billing.premium_only_controls,complaint,,,3,billing,True,0.0,1,Can't even play the music I like(mofos),False,playback.stops_skips,complaint,4,completed,playback
b3c118ee-a13c-4a05-88cc-65cd3177208c,,,,,True,,,True,billing.premium_only_controls,request,,,3,billing,False,0.0,1,This app WAS the best music app but now have become the WORST app ever in the HISTORY. PLEASE CHANGE the features again and ADD them to FREE users,True,billing.premium_only_controls,complaint,4,completed,billing
238a0b0f-0f7f-4631-9735-912a6e5e0b80,,,,,True,,,False,other.general,unclear,,,1,other,True,0.0,0,Good..but can't say anything 🤔,True,other.general,unclear,1,completed,other
bd9c4928-995a-4ab3-8412-289630f85832,,,,,True,,,False,billing.premium_only_controls,cancellation,,,3,billing,True,0.0,1,It was the best app.. i used to love it.. but now.. it's horrible.. i highly recommend people not to download it if any of you'll are not willing to pay for premium.. on this app you cannot even listen to your own playlist.. it's horrible so much that you cannot even replay a part of the song if you,True,billing.premium_only_controls,cancellation,4,completed,billing
0efddca4-a71e-4311-a768-e02bf09845c7,,,,,True,,,False,other.general,praise,,,1,other,True,0.0,0,It's a much better app then assmazon music,True,other.general,praise,1,completed,other
f6462dd0-09c6-48ec-b658-ce57ad65bfe6,,,,,True,,,False,other.general,praise,,,1,other,True,0.0,0,Nice music and let's u add local files my favorite music streaming app,True,other.general,praise,1,completed,other
244940c4-104b-4f8a-90f6-9395d059bd8c,,,,,True,,,False,billing.premium_only_controls,cancellation,,,3,billing,True,0.0,1,"It won't let me repeat my fav part of song that is also in premium now , like wow I was the only one using Spotify but guess I have to download SoundCloud like my frnds.",True,billing.premium_only_controls,cancellation,4,completed,billing
97e1001f-61d9-4b46-88a4-ee0fd53de07e,,,,,True,,,False,other.general,praise,,,1,other,True,0.1,0,Great on the road and for parties.,True,other.general,praise,1,completed,other
508e4ad9-9a87-405d-b37b-689f45cff045,,,,,True,,,True,other.general,complaint,,,2,other,False,0.3,1,Bekkar bakwas bhangaar,True,other.general,unclear,1,completed,other
f4d06d2c-7463-4ddf-80da-c241be58d143,,,,,True,,,False,usability.ads,complaint,,,2,usability,True,0.0,1,"Worst app ever,Full of ads",True,usability.ads,complaint,3,completed,usability
cbb75da9-c7f4-4d3f-8cd1-0db7682d4398,,,,,True,,,False,usability.ads,complaint,,,2,usability,True,0.0,0,it good but the adds be annoying sum times,True,usability.ads,complaint,2,completed,usability
b273683b-7e58-4876-9e68-2a3650acd44a,,,,,True,,,False,access.login,complaint,,,4,access,True,0.1,0,This app is an absolute joke... I can't even login with my regular I'd and password,True,access.login,complaint,4,completed,access
d9068bd3-236a-4075-ba2a-a1a9cd789a81,,,,,True,,,False,playback.connection,complaint,,,3,playback,True,0.2,0,"""Unable to connect"" is so annoying",True,playback.connection,complaint,3,completed,playback
